build	Set up job	﻿2026-07-29T00:42:02.8776962Z Current runner version: '2.336.0'
build	Set up job	2026-07-29T00:42:02.8801305Z ##[group]Runner Image Provisioner
build	Set up job	2026-07-29T00:42:02.8802249Z Hosted Compute Agent
build	Set up job	2026-07-29T00:42:02.8802872Z Version: 20260707.563
build	Set up job	2026-07-29T00:42:02.8803483Z Commit: 02667638d2b423fbc733a8e32a88b44996a3ba6e
build	Set up job	2026-07-29T00:42:02.8804779Z Build Date: 2026-07-07T19:33:50Z
build	Set up job	2026-07-29T00:42:02.8805545Z Worker ID: {fd3544fa-57b3-4d6a-ac17-9231b1d6db62}
build	Set up job	2026-07-29T00:42:02.8806246Z Azure Region: westus
build	Set up job	2026-07-29T00:42:02.8806871Z ##[endgroup]
build	Set up job	2026-07-29T00:42:02.8808404Z ##[group]Operating System
build	Set up job	2026-07-29T00:42:02.8809105Z Ubuntu
build	Set up job	2026-07-29T00:42:02.8809677Z 24.04.4
build	Set up job	2026-07-29T00:42:02.8810171Z LTS
build	Set up job	2026-07-29T00:42:02.8810713Z ##[endgroup]
build	Set up job	2026-07-29T00:42:02.8811261Z ##[group]Runner Image
build	Set up job	2026-07-29T00:42:02.8811826Z Image: ubuntu-24.04
build	Set up job	2026-07-29T00:42:02.8812509Z Version: 20260720.247.2
build	Set up job	2026-07-29T00:42:02.8813556Z Included Software: https://github.com/actions/runner-images/blob/ubuntu24/20260720.247/images/ubuntu/Ubuntu2404-Readme.md
build	Set up job	2026-07-29T00:42:02.8815524Z Image Release: https://github.com/actions/runner-images/releases/tag/ubuntu24%2F20260720.247
build	Set up job	2026-07-29T00:42:02.8816469Z ##[endgroup]
build	Set up job	2026-07-29T00:42:02.8818122Z ##[group]GITHUB_TOKEN Permissions
build	Set up job	2026-07-29T00:42:02.8820202Z Contents: read
build	Set up job	2026-07-29T00:42:02.8820942Z Metadata: read
build	Set up job	2026-07-29T00:42:02.8821512Z Packages: read
build	Set up job	2026-07-29T00:42:02.8822040Z ##[endgroup]
build	Set up job	2026-07-29T00:42:02.8824380Z Secret source: Actions
build	Set up job	2026-07-29T00:42:02.8825495Z Prepare workflow directory
build	Set up job	2026-07-29T00:42:02.9160274Z Prepare all required actions
build	Set up job	2026-07-29T00:42:02.9210630Z Getting action download info
build	Set up job	2026-07-29T00:42:03.2880705Z Download action repository 'actions/checkout@v4' (SHA:11d5960a326750d5838078e36cf38b85af677262)
build	Set up job	2026-07-29T00:42:03.7296555Z Download action repository 'actions/setup-java@v4' (SHA:c1e323688fd81a25caa38c78aa6df2d33d3e20d9)
build	Set up job	2026-07-29T00:42:04.2876338Z Download action repository 'android-actions/setup-android@v3' (SHA:9fc6c4e9069bf8d3d10b2204b1fb8f6ef7065407)
build	Set up job	2026-07-29T00:42:04.6087705Z Download action repository 'actions/upload-artifact@v4' (SHA:ea165f8d65b6e75b540449e92b4886f43607fa02)
build	Set up job	2026-07-29T00:42:04.8489828Z Complete job name: build
build	Checkout repository	﻿2026-07-29T00:42:04.9531504Z Node 20 is being deprecated. This workflow is running with Node 24 by default. If you need to temporarily use Node 20, you can set the ACTIONS_ALLOW_USE_UNSECURE_NODE_VERSION=true environment variable. For more information see: https://github.blog/changelog/2025-09-19-deprecation-of-node-20-on-github-actions-runners/
build	Checkout repository	2026-07-29T00:42:04.9545184Z ##[group]Run actions/checkout@v4
build	Checkout repository	2026-07-29T00:42:04.9546327Z with:
build	Checkout repository	2026-07-29T00:42:04.9546986Z   repository: NKellerMC/rocksdb-android
build	Checkout repository	2026-07-29T00:42:04.9556432Z   token: ***
build	Checkout repository	2026-07-29T00:42:04.9557156Z   ssh-strict: true
build	Checkout repository	2026-07-29T00:42:04.9557826Z   ssh-user: git
build	Checkout repository	2026-07-29T00:42:04.9558495Z   persist-credentials: true
build	Checkout repository	2026-07-29T00:42:04.9559244Z   clean: true
build	Checkout repository	2026-07-29T00:42:04.9559887Z   sparse-checkout-cone-mode: true
build	Checkout repository	2026-07-29T00:42:04.9560714Z   fetch-depth: 1
build	Checkout repository	2026-07-29T00:42:04.9561395Z   fetch-tags: false
build	Checkout repository	2026-07-29T00:42:04.9562038Z   show-progress: true
build	Checkout repository	2026-07-29T00:42:04.9562760Z   lfs: false
build	Checkout repository	2026-07-29T00:42:04.9563344Z   submodules: false
build	Checkout repository	2026-07-29T00:42:04.9564527Z   set-safe-directory: true
build	Checkout repository	2026-07-29T00:42:04.9565347Z   allow-unsafe-pr-checkout: false
build	Checkout repository	2026-07-29T00:42:04.9566569Z ##[endgroup]
build	Checkout repository	2026-07-29T00:42:05.0643187Z Syncing repository: NKellerMC/rocksdb-android
build	Checkout repository	2026-07-29T00:42:05.0647223Z ##[group]Getting Git version info
build	Checkout repository	2026-07-29T00:42:05.0649153Z Working directory is '/home/runner/work/rocksdb-android/rocksdb-android'
build	Checkout repository	2026-07-29T00:42:05.0651799Z [command]/usr/bin/git version
build	Checkout repository	2026-07-29T00:42:05.0702514Z git version 2.54.0
build	Checkout repository	2026-07-29T00:42:05.0726041Z ##[endgroup]
build	Checkout repository	2026-07-29T00:42:05.0748988Z Temporarily overriding HOME='/home/runner/work/_temp/1545de70-cf27-40fe-87bf-e99b97ff5063' before making global git config changes
build	Checkout repository	2026-07-29T00:42:05.0757276Z Adding repository directory to the temporary git global config as a safe directory
build	Checkout repository	2026-07-29T00:42:05.0762297Z [command]/usr/bin/git config --global --add safe.directory /home/runner/work/rocksdb-android/rocksdb-android
build	Checkout repository	2026-07-29T00:42:05.0805254Z Deleting the contents of '/home/runner/work/rocksdb-android/rocksdb-android'
build	Checkout repository	2026-07-29T00:42:05.0811888Z ##[group]Initializing the repository
build	Checkout repository	2026-07-29T00:42:05.0818426Z [command]/usr/bin/git init /home/runner/work/rocksdb-android/rocksdb-android
build	Checkout repository	2026-07-29T00:42:05.0933008Z hint: Using 'master' as the name for the initial branch. This default branch name
build	Checkout repository	2026-07-29T00:42:05.0935414Z hint: will change to "main" in Git 3.0. To configure the initial branch name
build	Checkout repository	2026-07-29T00:42:05.0936937Z hint: to use in all of your new repositories, which will suppress this warning,
build	Checkout repository	2026-07-29T00:42:05.0938046Z hint: call:
build	Checkout repository	2026-07-29T00:42:05.0938504Z hint:
build	Checkout repository	2026-07-29T00:42:05.0939167Z hint: 	git config --global init.defaultBranch <name>
build	Checkout repository	2026-07-29T00:42:05.0940033Z hint:
build	Checkout repository	2026-07-29T00:42:05.0940811Z hint: Names commonly chosen instead of 'master' are 'main', 'trunk' and
build	Checkout repository	2026-07-29T00:42:05.0942299Z hint: 'development'. The just-created branch can be renamed via this command:
build	Checkout repository	2026-07-29T00:42:05.0943399Z hint:
build	Checkout repository	2026-07-29T00:42:05.0944142Z hint: 	git branch -m <name>
build	Checkout repository	2026-07-29T00:42:05.0944798Z hint:
build	Checkout repository	2026-07-29T00:42:05.0945679Z hint: Disable this message with "git config set advice.defaultBranchName false"
build	Checkout repository	2026-07-29T00:42:05.0954881Z Initialized empty Git repository in /home/runner/work/rocksdb-android/rocksdb-android/.git/
build	Checkout repository	2026-07-29T00:42:05.0965465Z [command]/usr/bin/git remote add origin https://github.com/NKellerMC/rocksdb-android
build	Checkout repository	2026-07-29T00:42:05.1013087Z ##[endgroup]
build	Checkout repository	2026-07-29T00:42:05.1015443Z ##[group]Disabling automatic garbage collection
build	Checkout repository	2026-07-29T00:42:05.1018189Z [command]/usr/bin/git config --local gc.auto 0
build	Checkout repository	2026-07-29T00:42:05.1051215Z ##[endgroup]
build	Checkout repository	2026-07-29T00:42:05.1052859Z ##[group]Setting up auth
build	Checkout repository	2026-07-29T00:42:05.1059185Z [command]/usr/bin/git config --local --name-only --get-regexp core\.sshCommand
build	Checkout repository	2026-07-29T00:42:05.1102068Z [command]/usr/bin/git submodule foreach --recursive sh -c "git config --local --name-only --get-regexp 'core\.sshCommand' && git config --local --unset-all 'core.sshCommand' || :"
build	Checkout repository	2026-07-29T00:42:05.1504311Z [command]/usr/bin/git config --local --name-only --get-regexp http\.https\:\/\/github\.com\/\.extraheader
build	Checkout repository	2026-07-29T00:42:05.1542531Z [command]/usr/bin/git submodule foreach --recursive sh -c "git config --local --name-only --get-regexp 'http\.https\:\/\/github\.com\/\.extraheader' && git config --local --unset-all 'http.https://github.com/.extraheader' || :"
build	Checkout repository	2026-07-29T00:42:05.1765017Z [command]/usr/bin/git config --local --name-only --get-regexp ^includeIf\.gitdir:
build	Checkout repository	2026-07-29T00:42:05.1803066Z [command]/usr/bin/git submodule foreach --recursive git config --local --show-origin --name-only --get-regexp remote.origin.url
build	Checkout repository	2026-07-29T00:42:05.2029720Z [command]/usr/bin/git config --local http.https://github.com/.extraheader AUTHORIZATION: basic ***
build	Checkout repository	2026-07-29T00:42:05.2068783Z ##[endgroup]
build	Checkout repository	2026-07-29T00:42:05.2078741Z ##[group]Fetching the repository
build	Checkout repository	2026-07-29T00:42:05.2081169Z [command]/usr/bin/git -c protocol.version=2 fetch --no-tags --prune --no-recurse-submodules --depth=1 origin +7b70307a622681d570dd1d8d74819f848cad91e6:refs/remotes/origin/main
build	Checkout repository	2026-07-29T00:42:05.7568671Z From https://github.com/NKellerMC/rocksdb-android
build	Checkout repository	2026-07-29T00:42:05.7571398Z  * [new ref]         7b70307a622681d570dd1d8d74819f848cad91e6 -> origin/main
build	Checkout repository	2026-07-29T00:42:05.7605613Z ##[endgroup]
build	Checkout repository	2026-07-29T00:42:05.7606657Z ##[group]Determining the checkout info
build	Checkout repository	2026-07-29T00:42:05.7608354Z ##[endgroup]
build	Checkout repository	2026-07-29T00:42:05.7613677Z [command]/usr/bin/git sparse-checkout disable
build	Checkout repository	2026-07-29T00:42:05.7662049Z [command]/usr/bin/git config --local --unset-all extensions.worktreeConfig
build	Checkout repository	2026-07-29T00:42:05.7693504Z ##[group]Checking out the ref
build	Checkout repository	2026-07-29T00:42:05.7697767Z [command]/usr/bin/git checkout --progress --force -B main refs/remotes/origin/main
build	Checkout repository	2026-07-29T00:42:05.7815030Z Switched to a new branch 'main'
build	Checkout repository	2026-07-29T00:42:05.7818979Z branch 'main' set up to track 'origin/main'.
build	Checkout repository	2026-07-29T00:42:05.7824993Z ##[endgroup]
build	Checkout repository	2026-07-29T00:42:05.7864753Z [command]/usr/bin/git log -1 --format=%H
build	Checkout repository	2026-07-29T00:42:05.7891277Z 7b70307a622681d570dd1d8d74819f848cad91e6
build	Clone RocksDB	﻿2026-07-29T00:42:05.8126010Z ##[group]Run rm -rf rocksdb
build	Clone RocksDB	2026-07-29T00:42:05.8127067Z [36;1mrm -rf rocksdb[0m
build	Clone RocksDB	2026-07-29T00:42:05.8128140Z [36;1mgit clone --depth 1 https://github.com/marykdb/rocksdb.git rocksdb[0m
build	Clone RocksDB	2026-07-29T00:42:05.8129166Z [36;1mcd rocksdb[0m
build	Clone RocksDB	2026-07-29T00:42:05.8130020Z [36;1mgit submodule update --init --recursive || true[0m
build	Clone RocksDB	2026-07-29T00:42:05.8181695Z shell: /usr/bin/bash -e {0}
build	Clone RocksDB	2026-07-29T00:42:05.8182555Z ##[endgroup]
build	Clone RocksDB	2026-07-29T00:42:05.8298820Z Cloning into 'rocksdb'...
build	Setup Java	﻿2026-07-29T00:42:07.5853384Z Node 20 is being deprecated. This workflow is running with Node 24 by default. If you need to temporarily use Node 20, you can set the ACTIONS_ALLOW_USE_UNSECURE_NODE_VERSION=true environment variable. For more information see: https://github.blog/changelog/2025-09-19-deprecation-of-node-20-on-github-actions-runners/
build	Setup Java	2026-07-29T00:42:07.5855414Z ##[group]Run actions/setup-java@v4
build	Setup Java	2026-07-29T00:42:07.5855678Z with:
build	Setup Java	2026-07-29T00:42:07.5855879Z   distribution: temurin
build	Setup Java	2026-07-29T00:42:07.5856100Z   java-version: 21
build	Setup Java	2026-07-29T00:42:07.5856295Z   cache: gradle
build	Setup Java	2026-07-29T00:42:07.5856498Z   java-package: jdk
build	Setup Java	2026-07-29T00:42:07.5856714Z   check-latest: false
build	Setup Java	2026-07-29T00:42:07.5856919Z   server-id: github
build	Setup Java	2026-07-29T00:42:07.5857123Z   server-username: GITHUB_ACTOR
build	Setup Java	2026-07-29T00:42:07.5857390Z   server-password: GITHUB_TOKEN
build	Setup Java	2026-07-29T00:42:07.5857632Z   overwrite-settings: true
build	Setup Java	2026-07-29T00:42:07.5857864Z   job-status: success
build	Setup Java	2026-07-29T00:42:07.5860512Z   token: ***
build	Setup Java	2026-07-29T00:42:07.5860710Z ##[endgroup]
build	Setup Java	2026-07-29T00:42:07.7422173Z ##[group]Installed distributions
build	Setup Java	2026-07-29T00:42:07.7482022Z Resolved Java 21.0.11+10 from tool-cache
build	Setup Java	2026-07-29T00:42:07.7482569Z Setting Java 21.0.11+10 as the default
build	Setup Java	2026-07-29T00:42:07.7493011Z (node:2287) [DEP0040] DeprecationWarning: The `punycode` module is deprecated. Please use a userland alternative instead.
build	Setup Java	2026-07-29T00:42:07.7494144Z (Use `node --trace-deprecation ...` to show where the warning was created)
build	Setup Java	2026-07-29T00:42:07.7496715Z Creating toolchains.xml for JDK version 21 from temurin
build	Setup Java	2026-07-29T00:42:07.7572932Z Writing to /home/runner/.m2/toolchains.xml
build	Setup Java	2026-07-29T00:42:07.7573510Z 
build	Setup Java	2026-07-29T00:42:07.7573722Z Java configuration:
build	Setup Java	2026-07-29T00:42:07.7574527Z   Distribution: temurin
build	Setup Java	2026-07-29T00:42:07.7575048Z   Version: 21.0.11+10
build	Setup Java	2026-07-29T00:42:07.7575516Z   Path: /opt/hostedtoolcache/Java_Temurin-Hotspot_jdk/21.0.11-10/x64
build	Setup Java	2026-07-29T00:42:07.7575914Z 
build	Setup Java	2026-07-29T00:42:07.7576263Z ##[endgroup]
build	Setup Java	2026-07-29T00:42:07.7596609Z Creating settings.xml with server-id: github
build	Setup Java	2026-07-29T00:42:07.7597216Z Writing to /home/runner/.m2/settings.xml
build	Setup Java	2026-07-29T00:42:08.2790701Z gradle cache is not found
build	Setup Android SDK	﻿2026-07-29T00:42:08.2936754Z Node 20 is being deprecated. This workflow is running with Node 24 by default. If you need to temporarily use Node 20, you can set the ACTIONS_ALLOW_USE_UNSECURE_NODE_VERSION=true environment variable. For more information see: https://github.blog/changelog/2025-09-19-deprecation-of-node-20-on-github-actions-runners/
build	Setup Android SDK	2026-07-29T00:42:08.2938065Z ##[group]Run android-actions/setup-android@v3
build	Setup Android SDK	2026-07-29T00:42:08.2938343Z with:
build	Setup Android SDK	2026-07-29T00:42:08.2938541Z   cmdline-tools-version: 12266719
build	Setup Android SDK	2026-07-29T00:42:08.2938801Z   accept-android-sdk-licenses: true
build	Setup Android SDK	2026-07-29T00:42:08.2939077Z   log-accepted-android-sdk-licenses: true
build	Setup Android SDK	2026-07-29T00:42:08.2939359Z   packages: tools platform-tools
build	Setup Android SDK	2026-07-29T00:42:08.2939587Z env:
build	Setup Android SDK	2026-07-29T00:42:08.2939861Z   JAVA_HOME: /opt/hostedtoolcache/Java_Temurin-Hotspot_jdk/21.0.11-10/x64
build	Setup Android SDK	2026-07-29T00:42:08.2940332Z   JAVA_HOME_21_X64: /opt/hostedtoolcache/Java_Temurin-Hotspot_jdk/21.0.11-10/x64
build	Setup Android SDK	2026-07-29T00:42:08.2940694Z ##[endgroup]
build	Setup Android SDK	2026-07-29T00:42:08.3892504Z Found preinstalled sdkmanager in /usr/local/lib/android/sdk/cmdline-tools/latest with following source.properties:
build	Setup Android SDK	2026-07-29T00:42:08.3895905Z Pkg.Revision=12.0
build	Setup Android SDK	2026-07-29T00:42:08.3896332Z Pkg.Path=cmdline-tools;12.0
build	Setup Android SDK	2026-07-29T00:42:08.3896807Z Pkg.Desc=Android SDK Command-line Tools
build	Setup Android SDK	2026-07-29T00:42:08.3897151Z 
build	Setup Android SDK	2026-07-29T00:42:08.3897356Z Wrong version in preinstalled sdkmanager
build	Setup Android SDK	2026-07-29T00:42:08.3900495Z Downloading commandline tools from https://dl.google.com/android/repository/commandlinetools-linux-12266719_latest.zip
build	Setup Android SDK	2026-07-29T00:42:09.9598111Z [command]/usr/bin/unzip -o -q /home/runner/work/_temp/2c29cae1-c598-41f2-a889-5785c3e16535
build	Setup Android SDK	2026-07-29T00:42:10.7411106Z Accepting Android SDK licenses
build	Setup Android SDK	2026-07-29T00:42:10.7417547Z [command]/usr/local/lib/android/sdk/cmdline-tools/16.0/bin/sdkmanager --licenses
build	Setup Android SDK	2026-07-29T00:42:14.9669418Z Loading local repository...                                                     
build	Setup Android SDK	2026-07-29T00:42:14.9671085Z [=========                              ] 25% Loading local repository...       
build	Setup Android SDK	2026-07-29T00:42:16.3835123Z [=========                              ] 25% Fetch remote repository...        
build	Setup Android SDK	2026-07-29T00:42:16.8885284Z [==========                             ] 26% Fetch remote repository...        
build	Setup Android SDK	2026-07-29T00:42:16.8886259Z [============                           ] 31% Fetch remote repository...        
build	Setup Android SDK	2026-07-29T00:42:16.9129956Z [============                           ] 32% Fetch remote repository...        
build	Setup Android SDK	2026-07-29T00:42:16.9164629Z [=============                          ] 33% Fetch remote repository...        
build	Setup Android SDK	2026-07-29T00:42:16.9527496Z [=============                          ] 35% Fetch remote repository...        
build	Setup Android SDK	2026-07-29T00:42:16.9528215Z [==============                         ] 36% Fetch remote repository...        
build	Setup Android SDK	2026-07-29T00:42:16.9751681Z [==============                         ] 37% Fetch remote repository...        
build	Setup Android SDK	2026-07-29T00:42:16.9761846Z [===============                        ] 38% Fetch remote repository...        
build	Setup Android SDK	2026-07-29T00:42:16.9932090Z [===============                        ] 39% Fetch remote repository...        
build	Setup Android SDK	2026-07-29T00:42:16.9939303Z [================                       ] 40% Fetch remote repository...        
build	Setup Android SDK	2026-07-29T00:42:17.0145132Z [================                       ] 41% Fetch remote repository...        
build	Setup Android SDK	2026-07-29T00:42:17.0146196Z [================                       ] 42% Fetch remote repository...        
build	Setup Android SDK	2026-07-29T00:42:17.0311388Z [=================                      ] 44% Fetch remote repository...        
build	Setup Android SDK	2026-07-29T00:42:17.0312575Z [=================                      ] 45% Fetch remote repository...        
build	Setup Android SDK	2026-07-29T00:42:17.0512021Z [==================                     ] 46% Fetch remote repository...        
build	Setup Android SDK	2026-07-29T00:42:17.0515065Z [==================                     ] 47% Fetch remote repository...        
build	Setup Android SDK	2026-07-29T00:42:17.0731211Z [===================                    ] 48% Fetch remote repository...        
build	Setup Android SDK	2026-07-29T00:42:17.0732382Z [===================                    ] 49% Fetch remote repository...        
build	Setup Android SDK	2026-07-29T00:42:17.0983491Z [====================                   ] 50% Fetch remote repository...        
build	Setup Android SDK	2026-07-29T00:42:17.0985004Z [====================                   ] 51% Fetch remote repository...        
build	Setup Android SDK	2026-07-29T00:42:17.1160991Z [====================                   ] 53% Fetch remote repository...        
build	Setup Android SDK	2026-07-29T00:42:17.1162087Z [=====================                  ] 54% Fetch remote repository...        
build	Setup Android SDK	2026-07-29T00:42:17.1373749Z [=====================                  ] 55% Fetch remote repository...        
build	Setup Android SDK	2026-07-29T00:42:17.1395525Z [======================                 ] 56% Fetch remote repository...        
build	Setup Android SDK	2026-07-29T00:42:17.1601380Z [======================                 ] 57% Fetch remote repository...        
build	Setup Android SDK	2026-07-29T00:42:17.1602421Z [=======================                ] 58% Fetch remote repository...        
build	Setup Android SDK	2026-07-29T00:42:17.1756022Z [=======================                ] 59% Fetch remote repository...        
build	Setup Android SDK	2026-07-29T00:42:17.1757231Z [========================               ] 60% Fetch remote repository...        
build	Setup Android SDK	2026-07-29T00:42:17.1944665Z [========================               ] 61% Fetch remote repository...        
build	Setup Android SDK	2026-07-29T00:42:17.1945763Z [=========================              ] 63% Fetch remote repository...        
build	Setup Android SDK	2026-07-29T00:42:17.2115198Z [=========================              ] 64% Fetch remote repository...        
build	Setup Android SDK	2026-07-29T00:42:17.2130928Z [=========================              ] 65% Fetch remote repository...        
build	Setup Android SDK	2026-07-29T00:42:17.2496873Z [==========================             ] 66% Fetch remote repository...        
build	Setup Android SDK	2026-07-29T00:42:17.2499338Z [==========================             ] 67% Fetch remote repository...        
build	Setup Android SDK	2026-07-29T00:42:17.2850540Z [===========================            ] 68% Fetch remote repository...        
build	Setup Android SDK	2026-07-29T00:42:17.2852058Z [===========================            ] 69% Fetch remote repository...        
build	Setup Android SDK	2026-07-29T00:42:17.3705451Z [============================           ] 70% Fetch remote repository...        
build	Setup Android SDK	2026-07-29T00:42:17.3735729Z [============================           ] 72% Fetch remote repository...        
build	Setup Android SDK	2026-07-29T00:42:17.4288555Z [=============================          ] 73% Fetch remote repository...        
build	Setup Android SDK	2026-07-29T00:42:17.4292517Z [=============================          ] 74% Fetch remote repository...        
build	Setup Android SDK	2026-07-29T00:42:17.4382210Z [=============================          ] 75% Fetch remote repository...        
build	Setup Android SDK	2026-07-29T00:42:17.4492382Z [=============================          ] 75% Computing updates...              
build	Setup Android SDK	2026-07-29T00:42:17.4524582Z [=======================================] 100% Computing updates...             
build	Setup Android SDK	2026-07-29T00:42:17.4809744Z 6 of 7 SDK package licenses not accepted.
build	Setup Android SDK	2026-07-29T00:42:17.4817696Z Review licenses that have not been accepted (y/N)? 
build	Setup Android SDK	2026-07-29T00:42:17.4824878Z 1/6: License android-googletv-license:
build	Setup Android SDK	2026-07-29T00:42:17.4825567Z ---------------------------------------
build	Setup Android SDK	2026-07-29T00:42:17.4826324Z Terms and Conditions
build	Setup Android SDK	2026-07-29T00:42:17.4826732Z 
build	Setup Android SDK	2026-07-29T00:42:17.4827277Z This is the Google TV Add-on for the Android Software Development Kit License Agreement.
build	Setup Android SDK	2026-07-29T00:42:17.4828035Z 
build	Setup Android SDK	2026-07-29T00:42:17.4828334Z 1. Introduction
build	Setup Android SDK	2026-07-29T00:42:17.4828694Z 
build	Setup Android SDK	2026-07-29T00:42:17.4831148Z 1.1 The Google TV Add-on for the Android Software Development Kit (referred to in this License Agreement as the "Google TV Add-on" and specifically including the Android system files, packaged APIs, and Google APIs add-ons) is licensed to you subject to the terms of this License Agreement. This License Agreement forms a legally binding contract between you and Google in relation to your use of the Google TV Add-on.
build	Setup Android SDK	2026-07-29T00:42:17.4857805Z 
build	Setup Android SDK	2026-07-29T00:42:17.4858919Z 1.2 "Google" means Google Inc., a Delaware corporation with principal place of business at 1600 Amphitheatre Parkway, Mountain View, CA 94043, United States.
build	Setup Android SDK	2026-07-29T00:42:17.4860129Z 
build	Setup Android SDK	2026-07-29T00:42:17.4860799Z 2. Accepting this License Agreement
build	Setup Android SDK	2026-07-29T00:42:17.4861295Z 
build	Setup Android SDK	2026-07-29T00:42:17.4862331Z 2.1 In order to use the Google TV Add-on, you must first agree to this License Agreement. You may not use the Google TV Add-on if you do not accept this License Agreement.
build	Setup Android SDK	2026-07-29T00:42:17.4863536Z 
build	Setup Android SDK	2026-07-29T00:42:17.4864288Z 2.2 You can accept this License Agreement by:
build	Setup Android SDK	2026-07-29T00:42:17.4864836Z 
build	Setup Android SDK	2026-07-29T00:42:17.4865513Z (A) clicking to accept or agree to this License Agreement, where this option is made available to you; or
build	Setup Android SDK	2026-07-29T00:42:17.4866355Z 
build	Setup Android SDK	2026-07-29T00:42:17.4867399Z (B) by actually using the Google TV Add-on. In this case, you agree that use of the Google TV Add-on constitutes acceptance of the License Agreement from that point onwards.
build	Setup Android SDK	2026-07-29T00:42:17.4871336Z 
build	Setup Android SDK	2026-07-29T00:42:17.4873094Z 2.3 You may not use the Google TV Add-on and may not accept the Licensing Agreement if you are a person barred from receiving the Google TV Add-on under the laws of the United States or other countries including the country in which you are resident or from which you use the Google TV Add-on.
build	Setup Android SDK	2026-07-29T00:42:17.4875559Z 
build	Setup Android SDK	2026-07-29T00:42:17.4877847Z 2.4 If you are agreeing to be bound by this License Agreement on behalf of your employer or other entity, you represent and warrant that you have full legal authority to bind your employer or such entity to this License Agreement. If you do not have the requisite authority, you may not accept the Licensing Agreement or use the Google TV Add-on on behalf of your employer or other entity.
build	Setup Android SDK	2026-07-29T00:42:17.4880324Z 
build	Setup Android SDK	2026-07-29T00:42:17.4880686Z 3. Google TV Add-on License from Google
build	Setup Android SDK	2026-07-29T00:42:17.4881195Z 
build	Setup Android SDK	2026-07-29T00:42:17.4882681Z 3.1 Subject to the terms of this License Agreement, Google grants you a limited, worldwide, royalty-free, non- assignable and non-exclusive license to use the Google TV Add-on solely to develop applications to run on the Google TV platform.
build	Setup Android SDK	2026-07-29T00:42:17.4898766Z 
build	Setup Android SDK	2026-07-29T00:42:17.4906546Z 3.2 You agree that Google or third parties own all legal right, title and interest in and to the Google TV Add-on, including any Intellectual Property Rights that subsist in the Google TV Add-on. "Intellectual Property Rights" means any and all rights under patent law, copyright law, trade secret law, trademark law, and any and all other proprietary rights. Google reserves all rights not expressly granted to you.
build	Setup Android SDK	2026-07-29T00:42:17.4914771Z 
build	Setup Android SDK	2026-07-29T00:42:17.4932715Z 3.3 Except to the extent required by applicable third party licenses, you may not copy (except for backup purposes), modify, adapt, redistribute, decompile, reverse engineer, disassemble, or create derivative works of the Google TV Add-on or any part of the Google TV Add-on. Except to the extent required by applicable third party licenses, you may not load any part of the Google TV Add-on onto a mobile handset, television, or any other hardware device except a personal computer, combine any part of the Google TV Add-on with other software, or distribute any software or device incorporating a part of the Google TV Add-on.
build	Setup Android SDK	2026-07-29T00:42:17.4942071Z 
build	Setup Android SDK	2026-07-29T00:42:17.4943521Z 3.4 Use, reproduction and distribution of components of the Google TV Add-on licensed under an open source software license are governed solely by the terms of that open source software license and not this License Agreement.
build	Setup Android SDK	2026-07-29T00:42:17.4945321Z 
build	Setup Android SDK	2026-07-29T00:42:17.4948317Z 3.5 You agree that the form and nature of the Google TV Add-on that Google provides may change without prior notice to you and that future versions of the Google TV Add-on may be incompatible with applications developed on previous versions of the Google TV Add-on. You agree that Google may stop (permanently or temporarily) providing the Google TV Add-on (or any features within the Google TV Add-on) to you or to users generally at Google's sole discretion, without prior notice to you.
build	Setup Android SDK	2026-07-29T00:42:17.4956909Z 
build	Setup Android SDK	2026-07-29T00:42:17.4958928Z 3.6 Nothing in this License Agreement gives you a right to use any of Google's or it’s licensors’ trade names, trademarks, service marks, logos, domain names, or other distinctive brand features.
build	Setup Android SDK	2026-07-29T00:42:17.4972012Z 
build	Setup Android SDK	2026-07-29T00:42:17.4977654Z 3.7 You agree that you will not remove, obscure, or alter any proprietary rights notices (including copyright and trademark notices) that may be affixed to or contained within the Google TV Add-on.
build	Setup Android SDK	2026-07-29T00:42:17.4978908Z 
build	Setup Android SDK	2026-07-29T00:42:17.4979098Z 4. Use of the Google TV Add-on by You
build	Setup Android SDK	2026-07-29T00:42:17.4979404Z 
build	Setup Android SDK	2026-07-29T00:42:17.4980895Z 4.1 Google agrees that it obtains no right, title or interest from you (or your licensors) under this License Agreement in or to any software applications that you develop using the Google TV Add-on, including any intellectual property rights that subsist in those applications.
build	Setup Android SDK	2026-07-29T00:42:17.4982610Z 
build	Setup Android SDK	2026-07-29T00:42:17.4984825Z 4.2 You agree to use the Google TV Add-on and write applications only for purposes that are permitted by (a) this License Agreement and (b) any applicable law, regulation or generally accepted practices or guidelines in the relevant jurisdictions (including any laws regarding the export of data or software to and from the United States or other relevant countries).
build	Setup Android SDK	2026-07-29T00:42:17.4987248Z 
build	Setup Android SDK	2026-07-29T00:42:17.4995429Z 4.3 You agree that if you use the Google TV Add-on to develop applications for general public users, you will protect the privacy and legal rights of those users. If the users provide you with user names, passwords, or other login information or personal information, your must make the users aware that the information will be available to your application, and you must provide legally adequate privacy notice and protection for those users. If your application stores personal or sensitive information provided by users, it must do so securely. If the user provides your application with Google Account information, your application may only use that information to access the user's Google Account when, and for the limited purposes for which, the user has given you explicit permission to do so.
build	Setup Android SDK	2026-07-29T00:42:17.5000087Z 
build	Setup Android SDK	2026-07-29T00:42:17.5002481Z 4.4 You agree that you will not engage in any activity with the Google TV Add-on, including the development or distribution of an application, that interferes with, disrupts, damages, or accesses in an unauthorized manner the servers, networks, or other properties or services of any third party including, but not limited to, Google, Multichannel Video Program Distributors or any mobile communications carrier.
build	Setup Android SDK	2026-07-29T00:42:17.5005048Z 
build	Setup Android SDK	2026-07-29T00:42:17.5007136Z 4.5 You agree that you are solely responsible for (and that Google has no responsibility to you or to any third party for) any data, content, or resources that you create, transmit or display through the Google TV platform and/or applications for the Google TV platform, and for the consequences of your actions (including any loss or damage which Google may suffer) by doing so.
build	Setup Android SDK	2026-07-29T00:42:17.5009367Z 
build	Setup Android SDK	2026-07-29T00:42:17.5011560Z 4.6 You agree that you are solely responsible for (and that Google has no responsibility to you or to any third party for) any breach of your obligations under this License Agreement, any applicable third party contract or Terms of Service, or any applicable law or regulation, and for the consequences (including any loss or damage which Google or any third party may suffer) of any such breach.
build	Setup Android SDK	2026-07-29T00:42:17.5014126Z 
build	Setup Android SDK	2026-07-29T00:42:17.5014396Z 5. Your Developer Credentials
build	Setup Android SDK	2026-07-29T00:42:17.5048768Z 
build	Setup Android SDK	2026-07-29T00:42:17.5050204Z 5.1 You agree that you are responsible for maintaining the confidentiality of any developer credentials that may be issued to you by Google or which you may choose yourself and that you will be solely responsible for all applications that are developed under your developer credentials.
build	Setup Android SDK	2026-07-29T00:42:17.5051896Z 
build	Setup Android SDK	2026-07-29T00:42:17.5052085Z 6. Privacy and Information
build	Setup Android SDK	2026-07-29T00:42:17.5052351Z 
build	Setup Android SDK	2026-07-29T00:42:17.5055399Z 6.1 In order to continually innovate and improve the Google TV Add-on, Google may collect certain usage statistics from the software including but not limited to a unique identifier, associated IP address, version number of the software, and information on which tools and/or services in the Google TV Add-on are being used and how they are being used. Before any of this information is collected, the Google TV Add-on will notify you and seek your consent. If you withhold consent, the information will not be collected.
build	Setup Android SDK	2026-07-29T00:42:17.5058778Z 
build	Setup Android SDK	2026-07-29T00:42:17.5059542Z 6.2 The data collected is examined in the aggregate to improve the Google TV Add-on and is maintained in accordance with Google's Privacy Policy.
build	Setup Android SDK	2026-07-29T00:42:17.5060457Z 
build	Setup Android SDK	2026-07-29T00:42:17.5060701Z 7. Third Party Applications for the Google TV Platform
build	Setup Android SDK	2026-07-29T00:42:17.5061097Z 
build	Setup Android SDK	2026-07-29T00:42:17.5064605Z 7.1 If you use the Google TV Add-on to run applications developed by a third party or that access data, content or resources provided by a third party, you agree that Google is not responsible for those applications, data, content, or resources. You understand that all data, content or resources which you may access through such third party applications are the sole responsibility of the person from which they originated and that Google is not liable for any loss or damage that you may experience as a result of the use or access of any of those third party applications, data, content, or resources.
build	Setup Android SDK	2026-07-29T00:42:17.5068418Z 
build	Setup Android SDK	2026-07-29T00:42:17.5071116Z 7.2 You should be aware the data, content, and resources presented to you through such a third party application may be protected by intellectual property rights which are owned by the providers (or by other persons or companies on their behalf). You may not modify, rent, lease, loan, sell, distribute or create derivative works based on these data, content, or resources (either in whole or in part) unless you have been specifically given permission to do so by the relevant owners.
build	Setup Android SDK	2026-07-29T00:42:17.5074149Z 
build	Setup Android SDK	2026-07-29T00:42:17.5075644Z 7.3 You acknowledge that your use of such third party applications, data, content, or resources may be subject to separate terms between you and the relevant third party. In that case, this License Agreement does not affect your legal relationship with these third parties.
build	Setup Android SDK	2026-07-29T00:42:17.5077321Z 
build	Setup Android SDK	2026-07-29T00:42:17.5077472Z 8. Using Google TV APIs
build	Setup Android SDK	2026-07-29T00:42:17.5077724Z 
build	Setup Android SDK	2026-07-29T00:42:17.5082394Z 8.1 If you use any Google TV API to retrieve data from Google, you acknowledge that the data (“Google TV API Content”) may be protected by intellectual property rights which are owned by Google or those parties that provide the data (or by other persons or companies on their behalf). Your use of any such API may be subject to additional Terms of Service. You may not modify, rent, lease, loan, sell, distribute or create derivative works based on this data (either in whole or in part) unless allowed by the relevant Terms of Service. Some portions of the Google TV API Content are licensed to Google by third parties, including but not limited to Tribune Media Services
build	Setup Android SDK	2026-07-29T00:42:17.5086546Z 
build	Setup Android SDK	2026-07-29T00:42:17.5087899Z 8.2 If you use any API to retrieve a user's data from Google, you acknowledge and agree that you shall retrieve data only with the user's explicit consent and only when, and for the limited purposes for which, the user has given you permission to do so.
build	Setup Android SDK	2026-07-29T00:42:17.5089411Z 
build	Setup Android SDK	2026-07-29T00:42:17.5089882Z 8.3 Except as explicitly permitted in Section 3 (Google TV Add-on License from Google), you must:
build	Setup Android SDK	2026-07-29T00:42:17.5090536Z 
build	Setup Android SDK	2026-07-29T00:42:17.5091493Z (a) not modify nor format the Google TV API Content except to the extent reasonably and technically necessary to optimize the display such Google TV API Content in your application;
build	Setup Android SDK	2026-07-29T00:42:17.5092930Z 
build	Setup Android SDK	2026-07-29T00:42:17.5094194Z (b) not edit the Google TV API Content in a manner that renders the Google TV API Content inaccurate of alters its inherent meaning (provided that displaying excerpts will not violate the foregoing); or
build	Setup Android SDK	2026-07-29T00:42:17.5095673Z 
build	Setup Android SDK	2026-07-29T00:42:17.5096178Z (c) not create any commercial audience measurement tool or service using the Google TV API Content
build	Setup Android SDK	2026-07-29T00:42:17.5096834Z 
build	Setup Android SDK	2026-07-29T00:42:17.5097014Z 9. Terminating this License Agreement
build	Setup Android SDK	2026-07-29T00:42:17.5097330Z 
build	Setup Android SDK	2026-07-29T00:42:17.5097882Z 9.1 This License Agreement will continue to apply until terminated by either you or Google as set out below.
build	Setup Android SDK	2026-07-29T00:42:17.5098595Z 
build	Setup Android SDK	2026-07-29T00:42:17.5099346Z 9.2 If you want to terminate this License Agreement, you may do so by ceasing your use of the Google TV Add-on and any relevant developer credentials.
build	Setup Android SDK	2026-07-29T00:42:17.5100262Z 
build	Setup Android SDK	2026-07-29T00:42:17.5100579Z 9.3 Google may at any time, terminate this License Agreement with you if:
build	Setup Android SDK	2026-07-29T00:42:17.5101070Z 
build	Setup Android SDK	2026-07-29T00:42:17.5101347Z (A) you have breached any provision of this License Agreement; or
build	Setup Android SDK	2026-07-29T00:42:17.5101794Z 
build	Setup Android SDK	2026-07-29T00:42:17.5101967Z (B) Google is required to do so by law; or
build	Setup Android SDK	2026-07-29T00:42:17.5102305Z 
build	Setup Android SDK	2026-07-29T00:42:17.5103390Z (C) the partner with whom Google offered certain parts of Google TV Add-on (such as APIs) to you has terminated its relationship with Google or ceased to offer certain parts of the Google TV Add-on to you; or
build	Setup Android SDK	2026-07-29T00:42:17.5105042Z 
build	Setup Android SDK	2026-07-29T00:42:17.5106873Z (D) Google decides to no longer providing the Google TV Add-on or certain parts of the Google TV Add-on to users in the country in which you are resident or from which you use the service, or the provision of the Google TV Add-on or certain Google TV Add-on services to you by Google is, in Google's sole discretion, no longer commercially viable.
build	Setup Android SDK	2026-07-29T00:42:17.5108838Z 
build	Setup Android SDK	2026-07-29T00:42:17.5111299Z 9.4 When this License Agreement comes to an end, all of the legal rights, obligations and liabilities that you and Google have benefited from, been subject to (or which have accrued over time whilst this License Agreement has been in force) or which are expressed to continue indefinitely, shall be unaffected by this cessation, and the provisions of paragraph 14.7 shall continue to apply to such rights, obligations and liabilities indefinitely.
build	Setup Android SDK	2026-07-29T00:42:17.5114259Z 
build	Setup Android SDK	2026-07-29T00:42:17.5114425Z 10. DISCLAIMER OF WARRANTIES
build	Setup Android SDK	2026-07-29T00:42:17.5114709Z 
build	Setup Android SDK	2026-07-29T00:42:17.5115762Z 10.1 YOU EXPRESSLY UNDERSTAND AND AGREE THAT YOUR USE OF THE GOOGLE TV ADD-ON IS AT YOUR SOLE RISK AND THAT THE GOOGLE TV ADD-ON IS PROVIDED "AS IS" AND "AS AVAILABLE" WITHOUT WARRANTY OF ANY KIND FROM GOOGLE.
build	Setup Android SDK	2026-07-29T00:42:17.5116982Z 
build	Setup Android SDK	2026-07-29T00:42:17.5118542Z 10.2 YOUR USE OF THE GOOGLE TV ADD-ON AND ANY MATERIAL DOWNLOADED OR OTHERWISE OBTAINED THROUGH THE USE OF THE GOOGLE TV ADD-ON IS AT YOUR OWN DISCRETION AND RISK AND YOU ARE SOLELY RESPONSIBLE FOR ANY DAMAGE TO YOUR COMPUTER SYSTEM OR OTHER DEVICE OR LOSS OF DATA THAT RESULTS FROM SUCH USE.
build	Setup Android SDK	2026-07-29T00:42:17.5120238Z 
build	Setup Android SDK	2026-07-29T00:42:17.5121701Z 10.3 GOOGLE FURTHER EXPRESSLY DISCLAIMS ALL WARRANTIES AND CONDITIONS OF ANY KIND, WHETHER EXPRESS OR IMPLIED, INCLUDING, BUT NOT LIMITED TO THE IMPLIED WARRANTIES AND CONDITIONS OF MERCHANTABILITY, FITNESS FOR A PARTICULAR PURPOSE AND NON-INFRINGEMENT.
build	Setup Android SDK	2026-07-29T00:42:17.5123310Z 
build	Setup Android SDK	2026-07-29T00:42:17.5123476Z 11. LIMITATION OF LIABILITY
build	Setup Android SDK	2026-07-29T00:42:17.5123722Z 
build	Setup Android SDK	2026-07-29T00:42:17.5126492Z 11.1 YOU EXPRESSLY UNDERSTAND AND AGREE THAT GOOGLE, ITS SUBSIDIARIES AND AFFILIATES, AND ITS LICENSORS SHALL NOT BE LIABLE TO YOU UNDER ANY THEORY OF LIABILITY FOR ANY DIRECT, INDIRECT, INCIDENTAL, SPECIAL CONSEQUENTIAL OR EXEMPLARY DAMAGES THAT MAY BE INCURRED BY YOU, INCLUDING ANY LOSS OF DATA, WHETHER OR NOT GOOGLE OR ITS REPRESENTATIVES HAVE BEEN ADVISED OF OR SHOULD HAVE BEEN AWARE OF THE POSSIBILITY OF ANY SUCH LOSSES ARISING.
build	Setup Android SDK	2026-07-29T00:42:17.5129018Z 
build	Setup Android SDK	2026-07-29T00:42:17.5129159Z 12. Indemnification
build	Setup Android SDK	2026-07-29T00:42:17.5129370Z 
build	Setup Android SDK	2026-07-29T00:42:17.5133520Z 12.1 To the maximum extent permitted by law, you agree to defend, indemnify and hold harmless Google, its affiliates and their respective directors, officers, employees and agents from and against any and all claims, actions, suits or proceedings, as well as any and all losses, liabilities, damages, costs and expenses (including reasonable attorneys fees) arising out of or accruing from (a) your use of the Google TV Add-on, (b) any application you develop on the Google TV Add-on that infringes any copyright, trademark, trade secret, trade dress, patent or other intellectual property right of any person or defames any person or violates their rights of publicity or privacy, and (c) any non-compliance by you with this License Agreement.
build	Setup Android SDK	2026-07-29T00:42:17.5138309Z 
build	Setup Android SDK	2026-07-29T00:42:17.5138493Z 13. Changes to the License Agreement
build	Setup Android SDK	2026-07-29T00:42:17.5138798Z 
build	Setup Android SDK	2026-07-29T00:42:17.5139327Z 13.1 Google may make changes to the License Agreement as it distributes new versions of the Google TV Add-on.
build	Setup Android SDK	2026-07-29T00:42:17.5140033Z 
build	Setup Android SDK	2026-07-29T00:42:17.5140182Z 14. General Legal Terms
build	Setup Android SDK	2026-07-29T00:42:17.5140419Z 
build	Setup Android SDK	2026-07-29T00:42:17.5142242Z 14.1 This License Agreement constitute the whole legal agreement between you and Google and govern your use of the Google TV Add-on (excluding any services which Google may provide to you under a separate written agreement), and completely replace any prior agreements between you and Google in relation to the Google TV Add-on.
build	Setup Android SDK	2026-07-29T00:42:17.5144667Z 
build	Setup Android SDK	2026-07-29T00:42:17.5145768Z 14.2 You agree that if Google does not exercise or enforce any legal right or remedy which is contained in this License Agreement (or which Google has the benefit of under any applicable law), this will not be taken to be a formal waiver of Google's rights and that those rights or remedies will still be available to Google.
build	Setup Android SDK	2026-07-29T00:42:17.5146940Z 
build	Setup Android SDK	2026-07-29T00:42:17.5148117Z 14.3 If any court of law, having the jurisdiction to decide on this matter, rules that any provision of this License Agreement is invalid, then that provision will be removed from this License Agreement without affecting the rest of this License Agreement. The remaining provisions of this License Agreement will continue to be valid and enforceable.
build	Setup Android SDK	2026-07-29T00:42:17.5149400Z 
build	Setup Android SDK	2026-07-29T00:42:17.5151424Z 14.4 You acknowledge and agree that Google’s API data licensors and each member of the group of companies of which Google is the parent shall be third party beneficiaries to this License Agreement and that such other companies shall be entitled to directly enforce, and rely upon, any provision of this License Agreement that confers a benefit on (or rights in favor of) them. Other than this, no other person or company shall be third party beneficiaries to this License Agreement.
build	Setup Android SDK	2026-07-29T00:42:17.5153177Z 
build	Setup Android SDK	2026-07-29T00:42:17.5154298Z 14.5 EXPORT RESTRICTIONS. THE GOOGLE TV ADD-ON IS SUBJECT TO UNITED STATES EXPORT LAWS AND REGULATIONS. YOU MUST COMPLY WITH ALL DOMESTIC AND INTERNATIONAL EXPORT LAWS AND REGULATIONS THAT APPLY TO THE GOOGLE TV ADD-ON. THESE LAWS INCLUDE RESTRICTIONS ON DESTINATIONS, END USERS AND END USE.
build	Setup Android SDK	2026-07-29T00:42:17.5155387Z 
build	Setup Android SDK	2026-07-29T00:42:17.5156550Z 14.6 The rights granted in this License Agreement may not be assigned or transferred by either you or Google without the prior written approval of the other party. Neither you nor Google shall be permitted to delegate their responsibilities or obligations under this License Agreement without the prior written approval of the other party.
build	Setup Android SDK	2026-07-29T00:42:17.5157812Z 
build	Setup Android SDK	2026-07-29T00:42:17.5159777Z 14.7 This License Agreement, and your relationship with Google under this License Agreement, shall be governed by the laws of the State of California without regard to its conflict of laws provisions. You and Google agree to submit to the exclusive jurisdiction of the courts located within the county of Santa Clara, California to resolve any legal matter arising from this License Agreement. Notwithstanding this, you agree that Google shall still be allowed to apply for injunctive remedies (or an equivalent type of urgent legal relief) in any jurisdiction.
build	Setup Android SDK	2026-07-29T00:42:17.5161791Z 
build	Setup Android SDK	2026-07-29T00:42:17.5161982Z 
build	Setup Android SDK	2026-07-29T00:42:17.5162068Z August 15, 2011
build	Setup Android SDK	2026-07-29T00:42:17.5162287Z ---------------------------------------
build	Setup Android SDK	2026-07-29T00:42:17.5162573Z Accept? (y/N): 
build	Setup Android SDK	2026-07-29T00:42:17.5162800Z 2/6: License android-googlexr-license:
build	Setup Android SDK	2026-07-29T00:42:17.5163083Z ---------------------------------------
build	Setup Android SDK	2026-07-29T00:42:17.5164254Z To get started with the Android XR Emulator System Image SDK, you must agree to the following terms and conditions. As described below, please note that this is a preview, emulated version of the Android XR OS, subject to change, that you use at your own risk.
build	Setup Android SDK	2026-07-29T00:42:17.5165125Z 
build	Setup Android SDK	2026-07-29T00:42:17.5165282Z This is the Android XR Emulator System Image SDK License Agreement
build	Setup Android SDK	2026-07-29T00:42:17.5165540Z 
build	Setup Android SDK	2026-07-29T00:42:17.5165618Z 1. Introduction
build	Setup Android SDK	2026-07-29T00:42:17.5165726Z 
build	Setup Android SDK	2026-07-29T00:42:17.5167103Z 1.1 The Android Android XR Emulator System Image SDK (referred to in the License Agreement as the "SDK" and specifically including the Android system files,, packaged APIs, library files (if and when they are made available), and Google applications and APIs add-ons) is licensed to you subject to the terms of the License Agreement. The License Agreement forms a legally binding contract between you and Google in relation to your use of the SDK.
build	Setup Android SDK	2026-07-29T00:42:17.5168720Z 
build	Setup Android SDK	2026-07-29T00:42:17.5169381Z 1.2 "Android" means the Android software stack for devices, as made available under the Android Open Source Project, which is located at the following URL: https://source.android.com/, as updated from time to time.
build	Setup Android SDK	2026-07-29T00:42:17.5170184Z 
build	Setup Android SDK	2026-07-29T00:42:17.5170806Z 1.3 "Google" means Google LLC, organized under the laws of the State of Delaware, USA, and operating under the laws of the USA with principal place of business at 1600 Amphitheatre Parkway, Mountain View, CA 94043, USA.
build	Setup Android SDK	2026-07-29T00:42:17.5171549Z 
build	Setup Android SDK	2026-07-29T00:42:17.5171646Z 2. Accepting this License Agreement
build	Setup Android SDK	2026-07-29T00:42:17.5171809Z 
build	Setup Android SDK	2026-07-29T00:42:17.5172187Z 2.1 In order to use the SDK, you must first agree to the License Agreement. You may not use the SDK if you do not accept the License Agreement.
build	Setup Android SDK	2026-07-29T00:42:17.5172667Z 
build	Setup Android SDK	2026-07-29T00:42:17.5172934Z 2.2 By clicking to accept and/or using this SDK, you hereby agree to the terms of the License Agreement.
build	Setup Android SDK	2026-07-29T00:42:17.5173290Z 
build	Setup Android SDK	2026-07-29T00:42:17.5174309Z 2.3 You may not use the SDK and may not accept the License Agreement if you are a person barred from receiving the SDK under the laws of the United States or other countries, including the country in which you are resident or from which you use the SDK.
build	Setup Android SDK	2026-07-29T00:42:17.5175159Z 
build	Setup Android SDK	2026-07-29T00:42:17.5176265Z 2.4 If you are agreeing to be bound by the License Agreement on behalf of your employer or other entity, you represent and warrant that you have full legal authority to bind your employer or such entity to the License Agreement. If you do not have the requisite authority, you may not accept the License Agreement or use the SDK on behalf of your employer or other entity.
build	Setup Android SDK	2026-07-29T00:42:17.5177482Z 
build	Setup Android SDK	2026-07-29T00:42:17.5177570Z 3. SDK License from Google
build	Setup Android SDK	2026-07-29T00:42:17.5177722Z 
build	Setup Android SDK	2026-07-29T00:42:17.5178421Z 3.1 Subject to the terms of the License Agreement, Google grants you a limited, worldwide, royalty-free, non-assignable, non-exclusive, and non-sublicensable license to use the SDK solely to develop applications for Android XR.
build	Setup Android SDK	2026-07-29T00:42:17.5179237Z 
build	Setup Android SDK	2026-07-29T00:42:17.5179904Z 3.2 You may not use this SDK to develop applications for other platforms or to develop another SDK. You are of course free to develop applications for other platforms provided that this SDK is not used for that purpose.
build	Setup Android SDK	2026-07-29T00:42:17.5180657Z 
build	Setup Android SDK	2026-07-29T00:42:17.5181868Z 3.3 You agree that Google or third parties own all legal right, title and interest in and to the SDK, including any Intellectual Property Rights that subsist in the SDK. "Intellectual Property Rights" means any and all rights under patent law, copyright law, trade secret law, trademark law, and any and all other proprietary rights. Google reserves all rights not expressly granted to you.
build	Setup Android SDK	2026-07-29T00:42:17.5183395Z 
build	Setup Android SDK	2026-07-29T00:42:17.5185307Z 3.4 You may not use the SDK for any purpose not expressly permitted by the License Agreement. Except to the extent required by applicable third party licenses, you may not (a) copy (except for backup purposes), modify, adapt, redistribute, decompile, reverse engineer, disassemble, or create derivative works of the SDK or any part of the SDK; or (b) load any part of the SDK onto a mobile handset or any other hardware device except a personal computer, combine any part of the SDK with other software, or distribute any software or device incorporating a part of the SDK.
build	Setup Android SDK	2026-07-29T00:42:17.5187149Z 
build	Setup Android SDK	2026-07-29T00:42:17.5188440Z 3.5 Use, reproduction and distribution of components of the SDK licensed under an open source software license are governed solely by the terms of that open source software license and not the License Agreement. You agree to remain a licensee in good standing in regard to such open source software licenses under all the rights granted and to refrain from any actions that may terminate, suspend, or breach such rights.
build	Setup Android SDK	2026-07-29T00:42:17.5189942Z 
build	Setup Android SDK	2026-07-29T00:42:17.5191229Z 3.6 You agree that the form and nature of the SDK that Google provides may change without prior notice to you and that future versions of the SDK may be incompatible with applications developed on previous versions of the SDK. You agree that Google may stop (permanently or temporarily) providing the SDK (or any features within the SDK) to you or to users generally at Google's sole discretion, without prior notice to you.
build	Setup Android SDK	2026-07-29T00:42:17.5192605Z 
build	Setup Android SDK	2026-07-29T00:42:17.5193105Z 3.7 Nothing in the License Agreement gives you a right to use any of Google's trade names, trademarks, service marks, logos, domain names, or other distinctive brand features.
build	Setup Android SDK	2026-07-29T00:42:17.5193698Z 
build	Setup Android SDK	2026-07-29T00:42:17.5194579Z 3.8 You agree that you will not remove, obscure, or alter any proprietary rights notices (including copyright and trademark notices) that may be affixed to or contained within the SDK.
build	Setup Android SDK	2026-07-29T00:42:17.5196255Z 
build	Setup Android SDK	2026-07-29T00:42:17.5196404Z 4. Use of the SDK by You
build	Setup Android SDK	2026-07-29T00:42:17.5196630Z 
build	Setup Android SDK	2026-07-29T00:42:17.5198008Z 4.1 Google agrees that it obtains no right, title or interest from you (or your licensors) under the License Agreement in or to any software applications that you develop using the SDK, including any intellectual property rights that subsist in those applications.
build	Setup Android SDK	2026-07-29T00:42:17.5199492Z 
build	Setup Android SDK	2026-07-29T00:42:17.5201384Z 4.2 You agree to use the SDK and write applications only for purposes that are permitted by (a) the License Agreement and (b) any applicable law, regulation or generally accepted practices or guidelines in the relevant jurisdictions (including any laws regarding the export of data or software to and from the United States or other relevant countries).
build	Setup Android SDK	2026-07-29T00:42:17.5203425Z 
build	Setup Android SDK	2026-07-29T00:42:17.5207795Z 4.3 You agree that if you use the SDK to develop applications for general public users, you will protect the privacy and legal rights of those users. If the users provide you with user names, passwords, or other login information or personal information, you must make the users aware that the information will be available to your application, and you must provide legally adequate privacy notice and protection for those users. If your application stores personal or sensitive information provided by users, it must do so securely. If the user provides your application with Google Account information, your application may only use that information to access the user's Google Account when, and for the limited purposes for which, the user has given you permission to do so.
build	Setup Android SDK	2026-07-29T00:42:17.5212218Z 
build	Setup Android SDK	2026-07-29T00:42:17.5214330Z 4.4 You agree that you will not engage in any activity with the SDK, including the development or distribution of an application, that interferes with, disrupts, damages, or accesses in an unauthorized manner the servers, networks, or other properties or services of any third party including, but not limited to, Google or any mobile communications carrier.
build	Setup Android SDK	2026-07-29T00:42:17.5216626Z 
build	Setup Android SDK	2026-07-29T00:42:17.5218495Z 4.5 You agree that you are solely responsible for (and that Google has no responsibility to you or to any third party for) any data, content, or resources that you create, transmit or display through Android and/or applications for Android, and for the consequences of your actions (including any loss or damage which Google may suffer) by doing so.
build	Setup Android SDK	2026-07-29T00:42:17.5220498Z 
build	Setup Android SDK	2026-07-29T00:42:17.5222577Z 4.6 You agree that you are solely responsible for (and that Google has no responsibility to you or to any third party for) any breach of your obligations under the License Agreement, any applicable third party contract or Terms of Service, or any applicable law or regulation, and for the consequences (including any loss or damage which Google or any third party may suffer) of any such breach.
build	Setup Android SDK	2026-07-29T00:42:17.5225014Z 
build	Setup Android SDK	2026-07-29T00:42:17.5226596Z 4.7 The SDK is in development, and your testing and feedback are an important part of the development process. By using the SDK, you acknowledge that implementation of some features are still under development and that you should not rely on the SDK having the full functionality of a stable release.
build	Setup Android SDK	2026-07-29T00:42:17.5228527Z 
build	Setup Android SDK	2026-07-29T00:42:17.5228691Z 5. Your Developer Credentials
build	Setup Android SDK	2026-07-29T00:42:17.5228953Z 
build	Setup Android SDK	2026-07-29T00:42:17.5230478Z 5.1 You agree that you are responsible for maintaining the confidentiality of any developer credentials that may be issued to you by Google or which you may choose yourself and that you will be solely responsible for all applications that are developed under your developer credentials.
build	Setup Android SDK	2026-07-29T00:42:17.5232151Z 
build	Setup Android SDK	2026-07-29T00:42:17.5232298Z 6. Privacy and Information
build	Setup Android SDK	2026-07-29T00:42:17.5232545Z 
build	Setup Android SDK	2026-07-29T00:42:17.5235317Z 6.1 In order to continually innovate and improve the SDK, Google may collect certain usage statistics from the software including but not limited to a unique identifier, associated IP address, version number of the software, and information on which tools and/or services in the SDK are being used and how they are being used. Before any of this information is collected, the SDK will notify you and seek your consent. If you withhold consent, the information will not be collected.
build	Setup Android SDK	2026-07-29T00:42:17.5238051Z 
build	Setup Android SDK	2026-07-29T00:42:17.5239135Z 6.2 The data collected is examined in the aggregate to improve the SDK and is maintained in accordance with Google's Privacy Policy, which is located at the following URL: https://policies.google.com/privacy
build	Setup Android SDK	2026-07-29T00:42:17.5240361Z 
build	Setup Android SDK	2026-07-29T00:42:17.5240831Z 6.3 Anonymized and aggregated sets of the data may be shared with Google partners to improve the SDK.
build	Setup Android SDK	2026-07-29T00:42:17.5241457Z 
build	Setup Android SDK	2026-07-29T00:42:17.5241617Z 7. Third Party Applications
build	Setup Android SDK	2026-07-29T00:42:17.5241861Z 
build	Setup Android SDK	2026-07-29T00:42:17.5245238Z 7.1 If you use the SDK to run applications developed by a third party or that access data, content or resources provided by a third party, you agree that Google is not responsible for those applications, data, content, or resources. You understand that all data, content or resources which you may access through such third party applications are the sole responsibility of the person from which they originated and that Google is not liable for any loss or damage that you may experience as a result of the use or access of any of those third party applications, data, content, or resources.
build	Setup Android SDK	2026-07-29T00:42:17.5248454Z 
build	Setup Android SDK	2026-07-29T00:42:17.5250980Z 7.2 You should be aware that the data, content, and resources presented to you through such a third party application may be protected by intellectual property rights which are owned by the providers (or by other persons or companies on their behalf). You may not modify, rent, lease, loan, sell, distribute or create derivative works based on these data, content, or resources (either in whole or in part) unless you have been specifically given permission to do so by the relevant owners.
build	Setup Android SDK	2026-07-29T00:42:17.5254009Z 
build	Setup Android SDK	2026-07-29T00:42:17.5255411Z 7.3 You acknowledge that your use of such third party applications, data, content, or resources may be subject to separate terms between you and the relevant third party. In that case, the License Agreement does not affect your legal relationship with these third parties.
build	Setup Android SDK	2026-07-29T00:42:17.5256927Z 
build	Setup Android SDK	2026-07-29T00:42:17.5257066Z 8. Using Android APIs
build	Setup Android SDK	2026-07-29T00:42:17.5257271Z 
build	Setup Android SDK	2026-07-29T00:42:17.5257401Z 8.1 Google Data APIs
build	Setup Android SDK	2026-07-29T00:42:17.5257598Z 
build	Setup Android SDK	2026-07-29T00:42:17.5260248Z 8.1.1 If you use any API to retrieve data from Google, you acknowledge that the data may be protected by intellectual property rights which are owned by Google or those parties that provide the data (or by other persons or companies on their behalf). Your use of any such API may be subject to additional Terms of Service. You may not modify, rent, lease, loan, sell, distribute or create derivative works based on this data (either in whole or in part) unless allowed by the relevant Terms of Service.
build	Setup Android SDK	2026-07-29T00:42:17.5263234Z 
build	Setup Android SDK	2026-07-29T00:42:17.5268023Z 8.1.2 If you use any API to retrieve a user's data from Google, you acknowledge and agree that you shall retrieve data only with the user's explicit consent and only when, and for the limited purposes for which, the user has given you permission to do so. If you use the Android Recognition Service API, documented at the following URL: https://developer.android.com/reference/android/speech/RecognitionService, as updated from time to time, you acknowledge that the use of the API is subject to the Data Processing Addendum for Products where Google is a Data Processor, which is located at the following URL: https://privacy.google.com/businesses/gdprprocessorterms/, as updated from time to time. By clicking to accept, you hereby agree to the terms of the Data Processing Addendum for Products where Google is a Data Processor.
build	Setup Android SDK	2026-07-29T00:42:17.5272748Z 
build	Setup Android SDK	2026-07-29T00:42:17.5272925Z 9. Terminating this License Agreement
build	Setup Android SDK	2026-07-29T00:42:17.5273221Z 
build	Setup Android SDK	2026-07-29T00:42:17.5273732Z 9.1 The License Agreement will continue to apply until terminated by either you or Google as set out below.
build	Setup Android SDK	2026-07-29T00:42:17.5274572Z 
build	Setup Android SDK	2026-07-29T00:42:17.5275204Z 9.2 If you want to terminate the License Agreement, you may do so by ceasing your use of the SDK and any relevant developer credentials.
build	Setup Android SDK	2026-07-29T00:42:17.5276004Z 
build	Setup Android SDK	2026-07-29T00:42:17.5279398Z 9.3 Google may at any time, terminate the License Agreement with you if: (A) you have breached any provision of the License Agreement; or (B) Google is required to do so by law; or (C) the partner with whom Google offered certain parts of SDK (such as APIs) to you has terminated its relationship with Google or ceased to offer certain parts of the SDK to you; or (D) Google decides to no longer provide the SDK or certain parts of the SDK to users in the country in which you are resident or from which you use the service, or the provision of the SDK or certain SDK services to you by Google is, in Google's sole discretion, no longer commercially viable.
build	Setup Android SDK	2026-07-29T00:42:17.5282932Z 
build	Setup Android SDK	2026-07-29T00:42:17.5285473Z 9.4 When the License Agreement comes to an end, all of the legal rights, obligations and liabilities that you and Google have benefited from, been subject to (or which have accrued over time whilst the License Agreement has been in force) or which are expressed to continue indefinitely, shall be unaffected by this cessation, and the provisions of paragraph 14.7 shall continue to apply to such rights, obligations and liabilities indefinitely.
build	Setup Android SDK	2026-07-29T00:42:17.5288006Z 
build	Setup Android SDK	2026-07-29T00:42:17.5288161Z 10. DISCLAIMER OF WARRANTIES
build	Setup Android SDK	2026-07-29T00:42:17.5288415Z 
build	Setup Android SDK	2026-07-29T00:42:17.5289279Z 10.1 YOU EXPRESSLY UNDERSTAND AND AGREE THAT YOUR USE OF THE SDK IS AT YOUR SOLE RISK AND THAT THE SDK IS PROVIDED "AS IS" AND "AS AVAILABLE" WITHOUT WARRANTY OF ANY KIND FROM GOOGLE.
build	Setup Android SDK	2026-07-29T00:42:17.5290304Z 
build	Setup Android SDK	2026-07-29T00:42:17.5291651Z 10.2 YOUR USE OF THE SDK AND ANY MATERIAL DOWNLOADED OR OTHERWISE OBTAINED THROUGH THE USE OF THE SDK IS AT YOUR OWN DISCRETION AND RISK AND YOU ARE SOLELY RESPONSIBLE FOR ANY DAMAGE TO YOUR COMPUTER SYSTEM OR OTHER DEVICE OR LOSS OF DATA THAT RESULTS FROM SUCH USE.
build	Setup Android SDK	2026-07-29T00:42:17.5293355Z 
build	Setup Android SDK	2026-07-29T00:42:17.5294923Z 10.3 GOOGLE FURTHER EXPRESSLY DISCLAIMS ALL WARRANTIES AND CONDITIONS OF ANY KIND, WHETHER EXPRESS OR IMPLIED, INCLUDING, BUT NOT LIMITED TO THE IMPLIED WARRANTIES AND CONDITIONS OF MERCHANTABILITY, FITNESS FOR A PARTICULAR PURPOSE AND NON-INFRINGEMENT.
build	Setup Android SDK	2026-07-29T00:42:17.5296455Z 
build	Setup Android SDK	2026-07-29T00:42:17.5296609Z 11. LIMITATION OF LIABILITY
build	Setup Android SDK	2026-07-29T00:42:17.5296852Z 
build	Setup Android SDK	2026-07-29T00:42:17.5299229Z 11.1 YOU EXPRESSLY UNDERSTAND AND AGREE THAT GOOGLE, ITS SUBSIDIARIES AND AFFILIATES, AND ITS LICENSORS SHALL NOT BE LIABLE TO YOU UNDER ANY THEORY OF LIABILITY FOR ANY DIRECT, INDIRECT, INCIDENTAL, SPECIAL, CONSEQUENTIAL OR EXEMPLARY DAMAGES THAT MAY BE INCURRED BY YOU, INCLUDING ANY LOSS OF DATA, WHETHER OR NOT GOOGLE OR ITS REPRESENTATIVES HAVE BEEN ADVISED OF OR SHOULD HAVE BEEN AWARE OF THE POSSIBILITY OF ANY SUCH LOSSES ARISING.
build	Setup Android SDK	2026-07-29T00:42:17.5301971Z 
build	Setup Android SDK	2026-07-29T00:42:17.5302113Z 12. Indemnification
build	Setup Android SDK	2026-07-29T00:42:17.5302327Z 
build	Setup Android SDK	2026-07-29T00:42:17.5306446Z 12.1 To the maximum extent permitted by law, you agree to defend, indemnify and hold harmless Google, its affiliates and their respective directors, officers, employees and agents from and against any and all claims, actions, suits or proceedings, as well as any and all losses, liabilities, damages, costs and expenses (including reasonable attorneys fees) arising out of or accruing from (a) your use of the SDK, (b) any application you develop on the SDK that infringes any copyright, trademark, trade secret, trade dress, patent or other intellectual property right of any person or defames any person or violates their rights of publicity or privacy, and (c) any non-compliance by you with the License Agreement.
build	Setup Android SDK	2026-07-29T00:42:17.5310529Z 
build	Setup Android SDK	2026-07-29T00:42:17.5310710Z 13. Changes to the License Agreement
build	Setup Android SDK	2026-07-29T00:42:17.5311003Z 
build	Setup Android SDK	2026-07-29T00:42:17.5312283Z 13.1 Google may make changes to the License Agreement as it distributes new versions of the SDK. When these changes are made, Google will make a new version of the License Agreement available on the website where the SDK is made available.
build	Setup Android SDK	2026-07-29T00:42:17.5313678Z 
build	Setup Android SDK	2026-07-29T00:42:17.5313966Z 14. General Legal Terms
build	Setup Android SDK	2026-07-29T00:42:17.5314231Z 
build	Setup Android SDK	2026-07-29T00:42:17.5315769Z 14.1 The License Agreement constitutes the whole legal agreement between you and Google and governs your use of the SDK (excluding any services which Google may provide to you under a separate written agreement), and completely replaces any prior agreements between you and Google in relation to the SDK.
build	Setup Android SDK	2026-07-29T00:42:17.5317498Z 
build	Setup Android SDK	2026-07-29T00:42:17.5318770Z 14.2 You agree that if Google does not exercise or enforce any legal right or remedy which is contained in the License Agreement (or which Google has the benefit of under any applicable law), this will not be taken to be a formal waiver of Google's rights and that those rights or remedies will still be available to Google.
build	Setup Android SDK	2026-07-29T00:42:17.5319865Z 
build	Setup Android SDK	2026-07-29T00:42:17.5320931Z 14.3 If any court of law, having the jurisdiction to decide on this matter, rules that any provision of the License Agreement is invalid, then that provision will be removed from the License Agreement without affecting the rest of the License Agreement. The remaining provisions of the License Agreement will continue to be valid and enforceable.
build	Setup Android SDK	2026-07-29T00:42:17.5322327Z 
build	Setup Android SDK	2026-07-29T00:42:17.5323703Z 14.4 You acknowledge and agree that each member of the group of companies of which Google is the parent shall be third party beneficiaries to the License Agreement and that such other companies shall be entitled to directly enforce, and rely upon, any provision of the License Agreement that confers a benefit on (or rights in favor of) them. Other than this, no other person or company shall be third party beneficiaries to the License Agreement.
build	Setup Android SDK	2026-07-29T00:42:17.5325663Z 
build	Setup Android SDK	2026-07-29T00:42:17.5326478Z 14.5 EXPORT RESTRICTIONS. THE SDK IS SUBJECT TO UNITED STATES EXPORT LAWS AND REGULATIONS. YOU MUST COMPLY WITH ALL DOMESTIC AND INTERNATIONAL EXPORT LAWS AND REGULATIONS THAT APPLY TO THE SDK. THESE LAWS INCLUDE RESTRICTIONS ON DESTINATIONS, END USERS AND END USE.
build	Setup Android SDK	2026-07-29T00:42:17.5327468Z 
build	Setup Android SDK	2026-07-29T00:42:17.5329256Z 14.6 The rights granted in the License Agreement may not be assigned or transferred by either you or Google without the prior written approval of the other party. Neither you nor Google shall be permitted to delegate their responsibilities or obligations under the License Agreement without the prior written approval of the other party.
build	Setup Android SDK	2026-07-29T00:42:17.5330425Z 
build	Setup Android SDK	2026-07-29T00:42:17.5332706Z 14.7 The License Agreement, and your relationship with Google under the License Agreement, shall be governed by the laws of the State of California without regard to its conflict of laws provisions. You and Google agree to submit to the exclusive jurisdiction of the courts located within the county of Santa Clara, California to resolve any legal matter arising from the License Agreement. Notwithstanding this, you agree that Google shall still be allowed to apply for injunctive remedies (or an equivalent type of urgent legal relief) in any jurisdiction.
build	Setup Android SDK	2026-07-29T00:42:17.5335268Z ---------------------------------------
build	Setup Android SDK	2026-07-29T00:42:17.5335531Z Accept? (y/N): 
build	Setup Android SDK	2026-07-29T00:42:17.5335755Z 3/6: License android-sdk-arm-dbt-license:
build	Setup Android SDK	2026-07-29T00:42:17.5336036Z ---------------------------------------
build	Setup Android SDK	2026-07-29T00:42:17.5336279Z Terms and Conditions
build	Setup Android SDK	2026-07-29T00:42:17.5336410Z 
build	Setup Android SDK	2026-07-29T00:42:17.5336564Z This is the Android Software Development Kit License Agreement
build	Setup Android SDK	2026-07-29T00:42:17.5336818Z 
build	Setup Android SDK	2026-07-29T00:42:17.5336894Z 1. Introduction
build	Setup Android SDK	2026-07-29T00:42:17.5337006Z 
build	Setup Android SDK	2026-07-29T00:42:17.5338122Z 1.1 The Android Software Development Kit (referred to in the License Agreement as the "SDK" and specifically including the Android system files, packaged APIs, and Google APIs add-ons) is licensed to you subject to the terms of the License Agreement. The License Agreement forms a legally binding contract between you and Google in relation to your use of the SDK.
build	Setup Android SDK	2026-07-29T00:42:17.5339340Z 
build	Setup Android SDK	2026-07-29T00:42:17.5339985Z 1.2 "Android" means the Android software stack for devices, as made available under the Android Open Source Project, which is located at the following URL: http://source.android.com/, as updated from time to time.
build	Setup Android SDK	2026-07-29T00:42:17.5340711Z 
build	Setup Android SDK	2026-07-29T00:42:17.5341787Z 1.3 A "compatible implementation" means any Android device that (i) complies with the Android Compatibility Definition document, which can be found at the Android compatibility website (http://source.android.com/compatibility) and which may be updated from time to time; and (ii) successfully passes the Android Compatibility Test Suite (CTS).
build	Setup Android SDK	2026-07-29T00:42:17.5342945Z 
build	Setup Android SDK	2026-07-29T00:42:17.5343399Z 1.4 "Google" means Google Inc., a Delaware corporation with principal place of business at 1600 Amphitheatre Parkway, Mountain View, CA 94043, United States.
build	Setup Android SDK	2026-07-29T00:42:17.5344232Z 
build	Setup Android SDK	2026-07-29T00:42:17.5344239Z 
build	Setup Android SDK	2026-07-29T00:42:17.5344368Z 2. Accepting the License Agreement
build	Setup Android SDK	2026-07-29T00:42:17.5344587Z 
build	Setup Android SDK	2026-07-29T00:42:17.5345487Z 2.1 In order to use the SDK, you must first agree to the License Agreement. You may not use the SDK if you do not accept the License Agreement.
build	Setup Android SDK	2026-07-29T00:42:17.5346746Z 
build	Setup Android SDK	2026-07-29T00:42:17.5347259Z 2.2 By clicking to accept, you hereby agree to the terms of the License Agreement.
build	Setup Android SDK	2026-07-29T00:42:17.5347854Z 
build	Setup Android SDK	2026-07-29T00:42:17.5348589Z 2.3 You may not use the SDK and may not accept the License Agreement if you are a person barred from receiving the SDK under the laws of the United States or other countries, including the country in which you are resident or from which you use the SDK.
build	Setup Android SDK	2026-07-29T00:42:17.5349421Z 
build	Setup Android SDK	2026-07-29T00:42:17.5350529Z 2.4 If you are agreeing to be bound by the License Agreement on behalf of your employer or other entity, you represent and warrant that you have full legal authority to bind your employer or such entity to the License Agreement. If you do not have the requisite authority, you may not accept the License Agreement or use the SDK on behalf of your employer or other entity.
build	Setup Android SDK	2026-07-29T00:42:17.5351891Z 
build	Setup Android SDK	2026-07-29T00:42:17.5351895Z 
build	Setup Android SDK	2026-07-29T00:42:17.5351986Z 3. SDK License from Google
build	Setup Android SDK	2026-07-29T00:42:17.5352131Z 
build	Setup Android SDK	2026-07-29T00:42:17.5352913Z 3.1 Subject to the terms of the License Agreement, Google grants you a limited, worldwide, royalty-free, non-assignable, non-exclusive, and non-sublicensable license to use the SDK solely to develop applications for compatible implementations of Android.
build	Setup Android SDK	2026-07-29T00:42:17.5354014Z 
build	Setup Android SDK	2026-07-29T00:42:17.5355054Z 3.2 You may not use this SDK to develop applications for other platforms (including non-compatible implementations of Android) or to develop another SDK. You are of course free to develop applications for other platforms, including non-compatible implementations of Android, provided that this SDK is not used for that purpose.
build	Setup Android SDK	2026-07-29T00:42:17.5356307Z 
build	Setup Android SDK	2026-07-29T00:42:17.5357516Z 3.3 You agree that Google or third parties own all legal right, title and interest in and to the SDK, including any Intellectual Property Rights that subsist in the SDK. "Intellectual Property Rights" means any and all rights under patent law, copyright law, trade secret law, trademark law, and any and all other proprietary rights. Google reserves all rights not expressly granted to you.
build	Setup Android SDK	2026-07-29T00:42:17.5358803Z 
build	Setup Android SDK	2026-07-29T00:42:17.5359885Z 3.4 You may not use the SDK for any purpose not expressly permitted by the License Agreement. Except to the extent required by applicable third party licenses, you may not copy (except for backup purposes), modify, adapt, redistribute, decompile, reverse engineer, disassemble, or create derivative works of the SDK or any part of the SDK.
build	Setup Android SDK	2026-07-29T00:42:17.5361018Z 
build	Setup Android SDK	2026-07-29T00:42:17.5361639Z 3.5 Use, reproduction and distribution of components of the SDK licensed under an open source software license are governed solely by the terms of that open source software license and not the License Agreement.
build	Setup Android SDK	2026-07-29T00:42:17.5362367Z 
build	Setup Android SDK	2026-07-29T00:42:17.5363658Z 3.6 You agree that the form and nature of the SDK that Google provides may change without prior notice to you and that future versions of the SDK may be incompatible with applications developed on previous versions of the SDK. You agree that Google may stop (permanently or temporarily) providing the SDK (or any features within the SDK) to you or to users generally at Google's sole discretion, without prior notice to you.
build	Setup Android SDK	2026-07-29T00:42:17.5365322Z 
build	Setup Android SDK	2026-07-29T00:42:17.5365830Z 3.7 Nothing in the License Agreement gives you a right to use any of Google's trade names, trademarks, service marks, logos, domain names, or other distinctive brand features.
build	Setup Android SDK	2026-07-29T00:42:17.5366423Z 
build	Setup Android SDK	2026-07-29T00:42:17.5366967Z 3.8 You agree that you will not remove, obscure, or alter any proprietary rights notices (including copyright and trademark notices) that may be affixed to or contained within the SDK.
build	Setup Android SDK	2026-07-29T00:42:17.5367606Z 
build	Setup Android SDK	2026-07-29T00:42:17.5367610Z 
build	Setup Android SDK	2026-07-29T00:42:17.5367696Z 4. Use of the SDK by You
build	Setup Android SDK	2026-07-29T00:42:17.5367845Z 
build	Setup Android SDK	2026-07-29T00:42:17.5368638Z 4.1 Google agrees that it obtains no right, title or interest from you (or your licensors) under the License Agreement in or to any software applications that you develop using the SDK, including any intellectual property rights that subsist in those applications.
build	Setup Android SDK	2026-07-29T00:42:17.5370132Z 
build	Setup Android SDK	2026-07-29T00:42:17.5372737Z 4.2 You agree to use the SDK and write applications only for purposes that are permitted by (a) the License Agreement and (b) any applicable law, regulation or generally accepted practices or guidelines in the relevant jurisdictions (including any laws regarding the export of data or software to and from the United States or other relevant countries).
build	Setup Android SDK	2026-07-29T00:42:17.5375015Z 
build	Setup Android SDK	2026-07-29T00:42:17.5378441Z 4.3 You agree that if you use the SDK to develop applications for general public users, you will protect the privacy and legal rights of those users. If the users provide you with user names, passwords, or other login information or personal information, you must make the users aware that the information will be available to your application, and you must provide legally adequate privacy notice and protection for those users. If your application stores personal or sensitive information provided by users, it must do so securely. If the user provides your application with Google Account information, your application may only use that information to access the user's Google Account when, and for the limited purposes for which, the user has given you permission to do so.
build	Setup Android SDK	2026-07-29T00:42:17.5381000Z 
build	Setup Android SDK	2026-07-29T00:42:17.5382109Z 4.4 You agree that you will not engage in any activity with the SDK, including the development or distribution of an application, that interferes with, disrupts, damages, or accesses in an unauthorized manner the servers, networks, or other properties or services of any third party including, but not limited to, Google or any mobile communications carrier.
build	Setup Android SDK	2026-07-29T00:42:17.5383429Z 
build	Setup Android SDK	2026-07-29T00:42:17.5384710Z 4.5 You agree that you are solely responsible for (and that Google has no responsibility to you or to any third party for) any data, content, or resources that you create, transmit or display through Android and/or applications for Android, and for the consequences of your actions (including any loss or damage which Google may suffer) by doing so.
build	Setup Android SDK	2026-07-29T00:42:17.5385878Z 
build	Setup Android SDK	2026-07-29T00:42:17.5387090Z 4.6 You agree that you are solely responsible for (and that Google has no responsibility to you or to any third party for) any breach of your obligations under the License Agreement, any applicable third party contract or Terms of Service, or any applicable law or regulation, and for the consequences (including any loss or damage which Google or any third party may suffer) of any such breach.
build	Setup Android SDK	2026-07-29T00:42:17.5388377Z 
build	Setup Android SDK	2026-07-29T00:42:17.5389848Z 4.7 This software enables the execution of intellectual property owned by Arm Limited. You agree that your use of the software, that allows execution of ARM Instruction Set Architecture (“ISA”) compliant executables for application development and debug only on x86 desktop, laptop, customer on-premise servers, and customer-procured cloud-based environments.
build	Setup Android SDK	2026-07-29T00:42:17.5391079Z 
build	Setup Android SDK	2026-07-29T00:42:17.5391175Z 5. Your Developer Credentials
build	Setup Android SDK	2026-07-29T00:42:17.5391332Z 
build	Setup Android SDK	2026-07-29T00:42:17.5392195Z 5.1 You agree that you are responsible for maintaining the confidentiality of any developer credentials that may be issued to you by Google or which you may choose yourself and that you will be solely responsible for all applications that are developed under your developer credentials.
build	Setup Android SDK	2026-07-29T00:42:17.5393159Z 
build	Setup Android SDK	2026-07-29T00:42:17.5393253Z 6. Privacy and Information
build	Setup Android SDK	2026-07-29T00:42:17.5393395Z 
build	Setup Android SDK	2026-07-29T00:42:17.5395143Z 6.1 In order to continually innovate and improve the SDK, Google may collect certain usage statistics from the software including but not limited to a unique identifier, associated IP address, version number of the software, and information on which tools and/or services in the SDK are being used and how they are being used. Before any of this information is collected, the SDK will notify you and seek your consent. If you withhold consent, the information will not be collected.
build	Setup Android SDK	2026-07-29T00:42:17.5396947Z 
build	Setup Android SDK	2026-07-29T00:42:17.5397325Z 6.2 The data collected is examined in the aggregate to improve the SDK and is maintained in accordance with Google's Privacy Policy.
build	Setup Android SDK	2026-07-29T00:42:17.5397788Z 
build	Setup Android SDK	2026-07-29T00:42:17.5397793Z 
build	Setup Android SDK	2026-07-29T00:42:17.5397880Z 7. Third Party Applications
build	Setup Android SDK	2026-07-29T00:42:17.5398027Z 
build	Setup Android SDK	2026-07-29T00:42:17.5400024Z 7.1 If you use the SDK to run applications developed by a third party or that access data, content or resources provided by a third party, you agree that Google is not responsible for those applications, data, content, or resources. You understand that all data, content or resources which you may access through such third party applications are the sole responsibility of the person from which they originated and that Google is not liable for any loss or damage that you may experience as a result of the use or access of any of those third party applications, data, content, or resources.
build	Setup Android SDK	2026-07-29T00:42:17.5402132Z 
build	Setup Android SDK	2026-07-29T00:42:17.5403627Z 7.2 You should be aware the data, content, and resources presented to you through such a third party application may be protected by intellectual property rights which are owned by the providers (or by other persons or companies on their behalf). You may not modify, rent, lease, loan, sell, distribute or create derivative works based on these data, content, or resources (either in whole or in part) unless you have been specifically given permission to do so by the relevant owners.
build	Setup Android SDK	2026-07-29T00:42:17.5405440Z 
build	Setup Android SDK	2026-07-29T00:42:17.5406263Z 7.3 You acknowledge that your use of such third party applications, data, content, or resources may be subject to separate terms between you and the relevant third party. In that case, the License Agreement does not affect your legal relationship with these third parties.
build	Setup Android SDK	2026-07-29T00:42:17.5407492Z 
build	Setup Android SDK	2026-07-29T00:42:17.5407500Z 
build	Setup Android SDK	2026-07-29T00:42:17.5407591Z 8. Using Android APIs
build	Setup Android SDK	2026-07-29T00:42:17.5407729Z 
build	Setup Android SDK	2026-07-29T00:42:17.5407807Z 8.1 Google Data APIs
build	Setup Android SDK	2026-07-29T00:42:17.5407932Z 
build	Setup Android SDK	2026-07-29T00:42:17.5409444Z 8.1.1 If you use any API to retrieve data from Google, you acknowledge that the data may be protected by intellectual property rights which are owned by Google or those parties that provide the data (or by other persons or companies on their behalf). Your use of any such API may be subject to additional Terms of Service. You may not modify, rent, lease, loan, sell, distribute or create derivative works based on this data (either in whole or in part) unless allowed by the relevant Terms of Service.
build	Setup Android SDK	2026-07-29T00:42:17.5411050Z 
build	Setup Android SDK	2026-07-29T00:42:17.5413687Z 8.1.2 If you use any API to retrieve a user's data from Google, you acknowledge and agree that you shall retrieve data only with the user's explicit consent and only when, and for the limited purposes for which, the user has given you permission to do so. If you use the Android Recognition Service API, documented at the following URL: https://developer.android.com/reference/android/speech/RecognitionService, as updated from time to time, you acknowledge that the use of the API is subject to the Data Processing Addendum for Products where Google is a Data Processor, which is located at the following URL: https://privacy.google.com/businesses/gdprprocessorterms/, as updated from time to time. By clicking to accept, you hereby agree to the terms of the Data Processing Addendum for Products where Google is a Data Processor.
build	Setup Android SDK	2026-07-29T00:42:17.5416676Z 
build	Setup Android SDK	2026-07-29T00:42:17.5416683Z 
build	Setup Android SDK	2026-07-29T00:42:17.5416779Z 9. Terminating the License Agreement
build	Setup Android SDK	2026-07-29T00:42:17.5416964Z 
build	Setup Android SDK	2026-07-29T00:42:17.5417261Z 9.1 The License Agreement will continue to apply until terminated by either you or Google as set out below.
build	Setup Android SDK	2026-07-29T00:42:17.5417653Z 
build	Setup Android SDK	2026-07-29T00:42:17.5418018Z 9.2 If you want to terminate the License Agreement, you may do so by ceasing your use of the SDK and any relevant developer credentials.
build	Setup Android SDK	2026-07-29T00:42:17.5418470Z 
build	Setup Android SDK	2026-07-29T00:42:17.5420436Z 9.3 Google may at any time, terminate the License Agreement with you if: (A) you have breached any provision of the License Agreement; or (B) Google is required to do so by law; or (C) the partner with whom Google offered certain parts of SDK (such as APIs) to you has terminated its relationship with Google or ceased to offer certain parts of the SDK to you; or (D) Google decides to no longer provide the SDK or certain parts of the SDK to users in the country in which you are resident or from which you use the service, or the provision of the SDK or certain SDK services to you by Google is, in Google's sole discretion, no longer commercially viable.
build	Setup Android SDK	2026-07-29T00:42:17.5422614Z 
build	Setup Android SDK	2026-07-29T00:42:17.5424823Z 9.4 When the License Agreement comes to an end, all of the legal rights, obligations and liabilities that you and Google have benefited from, been subject to (or which have accrued over time whilst the License Agreement has been in force) or which are expressed to continue indefinitely, shall be unaffected by this cessation, and the provisions of paragraph 14.7 shall continue to apply to such rights, obligations and liabilities indefinitely.
build	Setup Android SDK	2026-07-29T00:42:17.5426403Z 
build	Setup Android SDK	2026-07-29T00:42:17.5426410Z 
build	Setup Android SDK	2026-07-29T00:42:17.5426520Z 10. DISCLAIMER OF WARRANTIES
build	Setup Android SDK	2026-07-29T00:42:17.5426671Z 
build	Setup Android SDK	2026-07-29T00:42:17.5427179Z 10.1 YOU EXPRESSLY UNDERSTAND AND AGREE THAT YOUR USE OF THE SDK IS AT YOUR SOLE RISK AND THAT THE SDK IS PROVIDED "AS IS" AND "AS AVAILABLE" WITHOUT WARRANTY OF ANY KIND FROM GOOGLE.
build	Setup Android SDK	2026-07-29T00:42:17.5427769Z 
build	Setup Android SDK	2026-07-29T00:42:17.5428543Z 10.2 YOUR USE OF THE SDK AND ANY MATERIAL DOWNLOADED OR OTHERWISE OBTAINED THROUGH THE USE OF THE SDK IS AT YOUR OWN DISCRETION AND RISK AND YOU ARE SOLELY RESPONSIBLE FOR ANY DAMAGE TO YOUR COMPUTER SYSTEM OR OTHER DEVICE OR LOSS OF DATA THAT RESULTS FROM SUCH USE.
build	Setup Android SDK	2026-07-29T00:42:17.5429578Z 
build	Setup Android SDK	2026-07-29T00:42:17.5430355Z 10.3 GOOGLE FURTHER EXPRESSLY DISCLAIMS ALL WARRANTIES AND CONDITIONS OF ANY KIND, WHETHER EXPRESS OR IMPLIED, INCLUDING, BUT NOT LIMITED TO THE IMPLIED WARRANTIES AND CONDITIONS OF MERCHANTABILITY, FITNESS FOR A PARTICULAR PURPOSE AND NON-INFRINGEMENT.
build	Setup Android SDK	2026-07-29T00:42:17.5431232Z 
build	Setup Android SDK	2026-07-29T00:42:17.5431236Z 
build	Setup Android SDK	2026-07-29T00:42:17.5431320Z 11. LIMITATION OF LIABILITY
build	Setup Android SDK	2026-07-29T00:42:17.5431473Z 
build	Setup Android SDK	2026-07-29T00:42:17.5432826Z 11.1 YOU EXPRESSLY UNDERSTAND AND AGREE THAT GOOGLE, ITS SUBSIDIARIES AND AFFILIATES, AND ITS LICENSORS SHALL NOT BE LIABLE TO YOU UNDER ANY THEORY OF LIABILITY FOR ANY DIRECT, INDIRECT, INCIDENTAL, SPECIAL, CONSEQUENTIAL OR EXEMPLARY DAMAGES THAT MAY BE INCURRED BY YOU, INCLUDING ANY LOSS OF DATA, WHETHER OR NOT GOOGLE OR ITS REPRESENTATIVES HAVE BEEN ADVISED OF OR SHOULD HAVE BEEN AWARE OF THE POSSIBILITY OF ANY SUCH LOSSES ARISING.
build	Setup Android SDK	2026-07-29T00:42:17.5434551Z 
build	Setup Android SDK	2026-07-29T00:42:17.5434558Z 
build	Setup Android SDK	2026-07-29T00:42:17.5434652Z 12. Indemnification
build	Setup Android SDK	2026-07-29T00:42:17.5434774Z 
build	Setup Android SDK	2026-07-29T00:42:17.5437025Z 12.1 To the maximum extent permitted by law, you agree to defend, indemnify and hold harmless Google, its affiliates and their respective directors, officers, employees and agents from and against any and all claims, actions, suits or proceedings, as well as any and all losses, liabilities, damages, costs and expenses (including reasonable attorneys fees) arising out of or accruing from (a) your use of the SDK, (b) any application you develop on the SDK that infringes any copyright, trademark, trade secret, trade dress, patent or other intellectual property right of any person or defames any person or violates their rights of publicity or privacy, and (c) any non-compliance by you with the License Agreement.
build	Setup Android SDK	2026-07-29T00:42:17.5439355Z 
build	Setup Android SDK	2026-07-29T00:42:17.5439360Z 
build	Setup Android SDK	2026-07-29T00:42:17.5439450Z 13. Changes to the License Agreement
build	Setup Android SDK	2026-07-29T00:42:17.5439629Z 
build	Setup Android SDK	2026-07-29T00:42:17.5440326Z 13.1 Google may make changes to the License Agreement as it distributes new versions of the SDK. When these changes are made, Google will make a new version of the License Agreement available on the website where the SDK is made available.
build	Setup Android SDK	2026-07-29T00:42:17.5441119Z 
build	Setup Android SDK	2026-07-29T00:42:17.5441123Z 
build	Setup Android SDK	2026-07-29T00:42:17.5441206Z 14. General Legal Terms
build	Setup Android SDK	2026-07-29T00:42:17.5441331Z 
build	Setup Android SDK	2026-07-29T00:42:17.5442261Z 14.1 The License Agreement constitutes the whole legal agreement between you and Google and governs your use of the SDK (excluding any services which Google may provide to you under a separate written agreement), and completely replaces any prior agreements between you and Google in relation to the SDK.
build	Setup Android SDK	2026-07-29T00:42:17.5443284Z 
build	Setup Android SDK	2026-07-29T00:42:17.5444479Z 14.2 You agree that if Google does not exercise or enforce any legal right or remedy which is contained in the License Agreement (or which Google has the benefit of under any applicable law), this will not be taken to be a formal waiver of Google's rights and that those rights or remedies will still be available to Google.
build	Setup Android SDK	2026-07-29T00:42:17.5445681Z 
build	Setup Android SDK	2026-07-29T00:42:17.5446731Z 14.3 If any court of law, having the jurisdiction to decide on this matter, rules that any provision of the License Agreement is invalid, then that provision will be removed from the License Agreement without affecting the rest of the License Agreement. The remaining provisions of the License Agreement will continue to be valid and enforceable.
build	Setup Android SDK	2026-07-29T00:42:17.5447875Z 
build	Setup Android SDK	2026-07-29T00:42:17.5449229Z 14.4 You acknowledge and agree that each member of the group of companies of which Google is the parent shall be third party beneficiaries to the License Agreement and that such other companies shall be entitled to directly enforce, and rely upon, any provision of the License Agreement that confers a benefit on (or rights in favor of) them. Other than this, no other person or company shall be third party beneficiaries to the License Agreement.
build	Setup Android SDK	2026-07-29T00:42:17.5451316Z 
build	Setup Android SDK	2026-07-29T00:42:17.5452736Z 14.5 EXPORT RESTRICTIONS. THE SDK IS SUBJECT TO UNITED STATES EXPORT LAWS AND REGULATIONS. YOU MUST COMPLY WITH ALL DOMESTIC AND INTERNATIONAL EXPORT LAWS AND REGULATIONS THAT APPLY TO THE SDK. THESE LAWS INCLUDE RESTRICTIONS ON DESTINATIONS, END USERS AND END USE.
build	Setup Android SDK	2026-07-29T00:42:17.5454680Z 
build	Setup Android SDK	2026-07-29T00:42:17.5456551Z 14.6 The rights granted in the License Agreement may not be assigned or transferred by either you or Google without the prior written approval of the other party. Neither you nor Google shall be permitted to delegate their responsibilities or obligations under the License Agreement without the prior written approval of the other party.
build	Setup Android SDK	2026-07-29T00:42:17.5458589Z 
build	Setup Android SDK	2026-07-29T00:42:17.5461802Z 14.7 The License Agreement, and your relationship with Google under the License Agreement, shall be governed by the laws of the State of California without regard to its conflict of laws provisions. You and Google agree to submit to the exclusive jurisdiction of the courts located within the county of Santa Clara, California to resolve any legal matter arising from the License Agreement. Notwithstanding this, you agree that Google shall still be allowed to apply for injunctive remedies (or an equivalent type of urgent legal relief) in any jurisdiction.
build	Setup Android SDK	2026-07-29T00:42:17.5465510Z 
build	Setup Android SDK	2026-07-29T00:42:17.5465528Z 
build	Setup Android SDK	2026-07-29T00:42:17.5465676Z January 16, 2019
build	Setup Android SDK	2026-07-29T00:42:17.5466056Z ---------------------------------------
build	Setup Android SDK	2026-07-29T00:42:17.5466512Z Accept? (y/N): 
build	Setup Android SDK	2026-07-29T00:42:17.5466896Z 4/6: License android-sdk-preview-license:
build	Setup Android SDK	2026-07-29T00:42:17.5467374Z ---------------------------------------
build	Setup Android SDK	2026-07-29T00:42:17.5469710Z To get started with the Android SDK Preview, you must agree to the following terms and conditions. As described below, please note that this is a preview version of the Android SDK, subject to change, that you use at your own risk. The Android SDK Preview is not a stable release, and may contain errors and defects that can result in serious damage to your computer systems, devices and data.
build	Setup Android SDK	2026-07-29T00:42:17.5471793Z 
build	Setup Android SDK	2026-07-29T00:42:17.5472012Z This is the Android SDK Preview License Agreement (the "License Agreement").
build	Setup Android SDK	2026-07-29T00:42:17.5472314Z 
build	Setup Android SDK	2026-07-29T00:42:17.5472398Z 1. Introduction
build	Setup Android SDK	2026-07-29T00:42:17.5472517Z 
build	Setup Android SDK	2026-07-29T00:42:17.5474478Z 1.1 The Android SDK Preview (referred to in the License Agreement as the “Preview” and specifically including the Android system files, packaged APIs, and Preview library files, if and when they are made available) is licensed to you subject to the terms of the License Agreement. The License Agreement forms a legally binding contract between you and Google in relation to your use of the Preview.
build	Setup Android SDK	2026-07-29T00:42:17.5475833Z 
build	Setup Android SDK	2026-07-29T00:42:17.5476485Z 1.2 "Android" means the Android software stack for devices, as made available under the Android Open Source Project, which is located at the following URL: http://source.android.com/, as updated from time to time.
build	Setup Android SDK	2026-07-29T00:42:17.5477432Z 
build	Setup Android SDK	2026-07-29T00:42:17.5477897Z 1.3 "Google" means Google Inc., a Delaware corporation with principal place of business at 1600 Amphitheatre Parkway, Mountain View, CA 94043, United States.
build	Setup Android SDK	2026-07-29T00:42:17.5478449Z 
build	Setup Android SDK	2026-07-29T00:42:17.5478545Z 2. Accepting the License Agreement
build	Setup Android SDK	2026-07-29T00:42:17.5478718Z 
build	Setup Android SDK	2026-07-29T00:42:17.5479134Z 2.1 In order to use the Preview, you must first agree to the License Agreement. You may not use the Preview if you do not accept the License Agreement.
build	Setup Android SDK	2026-07-29T00:42:17.5479648Z 
build	Setup Android SDK	2026-07-29T00:42:17.5479931Z 2.2 By clicking to accept and/or using the Preview, you hereby agree to the terms of the License Agreement.
build	Setup Android SDK	2026-07-29T00:42:17.5480311Z 
build	Setup Android SDK	2026-07-29T00:42:17.5481095Z 2.3 You may not use the Preview and may not accept the License Agreement if you are a person barred from receiving the Preview under the laws of the United States or other countries including the country in which you are resident or from which you use the Preview.
build	Setup Android SDK	2026-07-29T00:42:17.5482085Z 
build	Setup Android SDK	2026-07-29T00:42:17.5483451Z 2.4 If you will use the Preview internally within your company or organization you agree to be bound by the License Agreement on behalf of your employer or other entity, and you represent and warrant that you have full legal authority to bind your employer or such entity to the License Agreement. If you do not have the requisite authority, you may not accept the License Agreement or use the Preview on behalf of your employer or other entity.
build	Setup Android SDK	2026-07-29T00:42:17.5485133Z 
build	Setup Android SDK	2026-07-29T00:42:17.5485233Z 3. Preview License from Google
build	Setup Android SDK	2026-07-29T00:42:17.5485389Z 
build	Setup Android SDK	2026-07-29T00:42:17.5486363Z 3.1 Subject to the terms of the License Agreement, Google grants you a royalty-free, non-assignable, non-exclusive, non-sublicensable, limited, revocable license to use the Preview, personally or internally within your company or organization, solely to develop applications to run on the Android platform.
build	Setup Android SDK	2026-07-29T00:42:17.5487437Z 
build	Setup Android SDK	2026-07-29T00:42:17.5488684Z 3.2 You agree that Google or third parties owns all legal right, title and interest in and to the Preview, including any Intellectual Property Rights that subsist in the Preview. "Intellectual Property Rights" means any and all rights under patent law, copyright law, trade secret law, trademark law, and any and all other proprietary rights. Google reserves all rights not expressly granted to you.
build	Setup Android SDK	2026-07-29T00:42:17.5490017Z 
build	Setup Android SDK	2026-07-29T00:42:17.5491896Z 3.3 You may not use the Preview for any purpose not expressly permitted by the License Agreement. Except to the extent required by applicable third party licenses, you may not: (a) copy (except for backup purposes), modify, adapt, redistribute, decompile, reverse engineer, disassemble, or create derivative works of the Preview or any part of the Preview; or (b) load any part of the Preview onto a mobile handset or any other hardware device except a personal computer, combine any part of the Preview with other software, or distribute any software or device incorporating a part of the Preview.
build	Setup Android SDK	2026-07-29T00:42:17.5494045Z 
build	Setup Android SDK	2026-07-29T00:42:17.5494851Z 3.4 You agree that you will not take any actions that may cause or result in the fragmentation of Android, including but not limited to distributing, participating in the creation of, or promoting in any way a software development kit derived from the Preview.
build	Setup Android SDK	2026-07-29T00:42:17.5495724Z 
build	Setup Android SDK	2026-07-29T00:42:17.5497036Z 3.5 Use, reproduction and distribution of components of the Preview licensed under an open source software license are governed solely by the terms of that open source software license and not the License Agreement. You agree to remain a licensee in good standing in regard to such open source software licenses under all the rights granted and to refrain from any actions that may terminate, suspend, or breach such rights.
build	Setup Android SDK	2026-07-29T00:42:17.5503696Z 
build	Setup Android SDK	2026-07-29T00:42:17.5506523Z 3.6 You agree that the form and nature of the Preview that Google provides may change without prior notice to you and that future versions of the Preview may be incompatible with applications developed on previous versions of the Preview. You agree that Google may stop (permanently or temporarily) providing the Preview (or any features within the Preview) to you or to users generally at Google's sole discretion, without prior notice to you.
build	Setup Android SDK	2026-07-29T00:42:17.5509083Z 
build	Setup Android SDK	2026-07-29T00:42:17.5509966Z 3.7 Nothing in the License Agreement gives you a right to use any of Google's trade names, trademarks, service marks, logos, domain names, or other distinctive brand features.
build	Setup Android SDK	2026-07-29T00:42:17.5511068Z 
build	Setup Android SDK	2026-07-29T00:42:17.5512038Z 3.8 You agree that you will not remove, obscure, or alter any proprietary rights notices (including copyright and trademark notices) that may be affixed to or contained within the Preview.
build	Setup Android SDK	2026-07-29T00:42:17.5513174Z 
build	Setup Android SDK	2026-07-29T00:42:17.5513371Z 4. Use of the Preview by You
build	Setup Android SDK	2026-07-29T00:42:17.5513686Z 
build	Setup Android SDK	2026-07-29T00:42:17.5515593Z 4.1 Google agrees that nothing in the License Agreement gives Google any right, title or interest from you (or your licensors) under the License Agreement in or to any software applications that you develop using the Preview, including any intellectual property rights that subsist in those applications.
build	Setup Android SDK	2026-07-29T00:42:17.5517692Z 
build	Setup Android SDK	2026-07-29T00:42:17.5519846Z 4.2 You agree to use the Preview and write applications only for purposes that are permitted by (a) the License Agreement, and (b) any applicable law, regulation or generally accepted practices or guidelines in the relevant jurisdictions (including any laws regarding the export of data or software to and from the United States or other relevant countries).
build	Setup Android SDK	2026-07-29T00:42:17.5521919Z 
build	Setup Android SDK	2026-07-29T00:42:17.5526158Z 4.3 You agree that if you use the Preview to develop applications, you will protect the privacy and legal rights of users. If users provide you with user names, passwords, or other login information or personal information, you must make the users aware that the information will be available to your application, and you must provide legally adequate privacy notice and protection for those users. If your application stores personal or sensitive information provided by users, it must do so securely. If users provide you with Google Account information, your application may only use that information to access the user's Google Account when, and for the limited purposes for which, each user has given you permission to do so.
build	Setup Android SDK	2026-07-29T00:42:17.5530288Z 
build	Setup Android SDK	2026-07-29T00:42:17.5531856Z 4.4 You agree that you will not engage in any activity with the Preview, including the development or distribution of an application, that interferes with, disrupts, damages, or accesses in an unauthorized manner the servers, networks, or other properties or services of Google or any third party.
build	Setup Android SDK	2026-07-29T00:42:17.5533625Z 
build	Setup Android SDK	2026-07-29T00:42:17.5535622Z 4.5 You agree that you are solely responsible for (and that Google has no responsibility to you or to any third party for) any data, content, or resources that you create, transmit or display through Android and/or applications for Android, and for the consequences of your actions (including any loss or damage which Google may suffer) by doing so.
build	Setup Android SDK	2026-07-29T00:42:17.5537684Z 
build	Setup Android SDK	2026-07-29T00:42:17.5539819Z 4.6 You agree that you are solely responsible for (and that Google has no responsibility to you or to any third party for) any breach of your obligations under the License Agreement, any applicable third party contract or Terms of Service, or any applicable law or regulation, and for the consequences (including any loss or damage which Google or any third party may suffer) of any such breach.
build	Setup Android SDK	2026-07-29T00:42:17.5542167Z 
build	Setup Android SDK	2026-07-29T00:42:17.5545353Z 4.7 The Preview is in development, and your testing and feedback are an important part of the development process. By using the Preview, you acknowledge that implementation of some features are still under development and that you should not rely on the Preview having the full functionality of a stable release. You agree not to publicly distribute or ship any application using this Preview as this Preview will no longer be supported after the official Android SDK is released.
build	Setup Android SDK	2026-07-29T00:42:17.5548278Z 
build	Setup Android SDK	2026-07-29T00:42:17.5548442Z 5. Your Developer Credentials
build	Setup Android SDK	2026-07-29T00:42:17.5548693Z 
build	Setup Android SDK	2026-07-29T00:42:17.5550201Z 5.1 You agree that you are responsible for maintaining the confidentiality of any developer credentials that may be issued to you by Google or which you may choose yourself and that you will be solely responsible for all applications that are developed under your developer credentials.
build	Setup Android SDK	2026-07-29T00:42:17.5551863Z 
build	Setup Android SDK	2026-07-29T00:42:17.5552008Z 6. Privacy and Information
build	Setup Android SDK	2026-07-29T00:42:17.5552246Z 
build	Setup Android SDK	2026-07-29T00:42:17.5555104Z 6.1 In order to continually innovate and improve the Preview, Google may collect certain usage statistics from the software including but not limited to a unique identifier, associated IP address, version number of the software, and information on which tools and/or services in the Preview are being used and how they are being used. Before any of this information is collected, the Preview will notify you and seek your consent. If you withhold consent, the information will not be collected.
build	Setup Android SDK	2026-07-29T00:42:17.5558114Z 
build	Setup Android SDK	2026-07-29T00:42:17.5559101Z 6.2 The data collected is examined in the aggregate to improve the Preview and is maintained in accordance with Google's Privacy Policy located at http://www.google.com/policies/privacy/.
build	Setup Android SDK	2026-07-29T00:42:17.5560293Z 
build	Setup Android SDK	2026-07-29T00:42:17.5560447Z 7. Third Party Applications
build	Setup Android SDK	2026-07-29T00:42:17.5560691Z 
build	Setup Android SDK	2026-07-29T00:42:17.5564154Z 7.1 If you use the Preview to run applications developed by a third party or that access data, content or resources provided by a third party, you agree that Google is not responsible for those applications, data, content, or resources. You understand that all data, content or resources which you may access through such third party applications are the sole responsibility of the person from which they originated and that Google is not liable for any loss or damage that you may experience as a result of the use or access of any of those third party applications, data, content, or resources.
build	Setup Android SDK	2026-07-29T00:42:17.5567511Z 
build	Setup Android SDK	2026-07-29T00:42:17.5570102Z 7.2 You should be aware the data, content, and resources presented to you through such a third party application may be protected by intellectual property rights which are owned by the providers (or by other persons or companies on their behalf). You may not modify, rent, lease, loan, sell, distribute or create derivative works based on these data, content, or resources (either in whole or in part) unless you have been specifically given permission to do so by the relevant owners.
build	Setup Android SDK	2026-07-29T00:42:17.5572836Z 
build	Setup Android SDK	2026-07-29T00:42:17.5573691Z 7.3 You acknowledge that your use of such third party applications, data, content, or resources may be subject to separate terms between you and the relevant third party.
build	Setup Android SDK	2026-07-29T00:42:17.5574880Z 
build	Setup Android SDK	2026-07-29T00:42:17.5575020Z 8. Using Google APIs
build	Setup Android SDK	2026-07-29T00:42:17.5575231Z 
build	Setup Android SDK	2026-07-29T00:42:17.5575359Z 8.1 Google APIs
build	Setup Android SDK	2026-07-29T00:42:17.5575537Z 
build	Setup Android SDK	2026-07-29T00:42:17.5578161Z 8.1.1 If you use any API to retrieve data from Google, you acknowledge that the data may be protected by intellectual property rights which are owned by Google or those parties that provide the data (or by other persons or companies on their behalf). Your use of any such API may be subject to additional Terms of Service. You may not modify, rent, lease, loan, sell, distribute or create derivative works based on this data (either in whole or in part) unless allowed by the relevant Terms of Service.
build	Setup Android SDK	2026-07-29T00:42:17.5581042Z 
build	Setup Android SDK	2026-07-29T00:42:17.5582349Z 8.1.2 If you use any API to retrieve a user's data from Google, you acknowledge and agree that you shall retrieve data only with the user's explicit consent and only when, and for the limited purposes for which, the user has given you permission to do so.
build	Setup Android SDK	2026-07-29T00:42:17.5584177Z 
build	Setup Android SDK	2026-07-29T00:42:17.5584348Z 9. Terminating the License Agreement
build	Setup Android SDK	2026-07-29T00:42:17.5584669Z 
build	Setup Android SDK	2026-07-29T00:42:17.5585179Z 9.1 the License Agreement will continue to apply until terminated by either you or Google as set out below.
build	Setup Android SDK	2026-07-29T00:42:17.5585868Z 
build	Setup Android SDK	2026-07-29T00:42:17.5586564Z 9.2 If you want to terminate the License Agreement, you may do so by ceasing your use of the Preview and any relevant developer credentials.
build	Setup Android SDK	2026-07-29T00:42:17.5587441Z 
build	Setup Android SDK	2026-07-29T00:42:17.5587960Z 9.3 Google may at any time, terminate the License Agreement, with or without cause, upon notice to you.
build	Setup Android SDK	2026-07-29T00:42:17.5588633Z 
build	Setup Android SDK	2026-07-29T00:42:17.5590523Z 9.4 The License Agreement will automatically terminate without notice or other action upon the earlier of: (A) when Google ceases to provide the Preview or certain parts of the Preview to users in the country in which you are resident or from which you use the service; and (B) Google issues a final release version of the Android SDK.
build	Setup Android SDK	2026-07-29T00:42:17.5592578Z 
build	Setup Android SDK	2026-07-29T00:42:17.5594197Z 9.5 When the License Agreement is terminated, the license granted to you in the License Agreement will terminate, you will immediately cease all use of the Preview, and the provisions of paragraphs 10, 11, 12 and 14 shall survive indefinitely.
build	Setup Android SDK	2026-07-29T00:42:17.5596172Z 
build	Setup Android SDK	2026-07-29T00:42:17.5596344Z 10. DISCLAIMERS
build	Setup Android SDK	2026-07-29T00:42:17.5596605Z 
build	Setup Android SDK	2026-07-29T00:42:17.5597687Z 10.1 YOU EXPRESSLY UNDERSTAND AND AGREE THAT YOUR USE OF THE PREVIEW IS AT YOUR SOLE RISK AND THAT THE PREVIEW IS PROVIDED "AS IS" AND "AS AVAILABLE" WITHOUT WARRANTY OF ANY KIND FROM GOOGLE.
build	Setup Android SDK	2026-07-29T00:42:17.5598838Z 
build	Setup Android SDK	2026-07-29T00:42:17.5602005Z 10.2 YOUR USE OF THE PREVIEW AND ANY MATERIAL DOWNLOADED OR OTHERWISE OBTAINED THROUGH THE USE OF THE PREVIEW IS AT YOUR OWN DISCRETION AND RISK AND YOU ARE SOLELY RESPONSIBLE FOR ANY DAMAGE TO YOUR COMPUTER SYSTEM OR OTHER DEVICE OR LOSS OF DATA THAT RESULTS FROM SUCH USE. WITHOUT LIMITING THE FOREGOING, YOU UNDERSTAND THAT THE PREVIEW IS NOT A STABLE RELEASE AND MAY CONTAIN ERRORS, DEFECTS AND SECURITY VULNERABILITIES THAT CAN RESULT IN SIGNIFICANT DAMAGE, INCLUDING THE COMPLETE, IRRECOVERABLE LOSS OF USE OF YOUR COMPUTER SYSTEM OR OTHER DEVICE.
build	Setup Android SDK	2026-07-29T00:42:17.5605497Z 
build	Setup Android SDK	2026-07-29T00:42:17.5606858Z 10.3 GOOGLE FURTHER EXPRESSLY DISCLAIMS ALL WARRANTIES AND CONDITIONS OF ANY KIND, WHETHER EXPRESS OR IMPLIED, INCLUDING, BUT NOT LIMITED TO THE IMPLIED WARRANTIES AND CONDITIONS OF MERCHANTABILITY, FITNESS FOR A PARTICULAR PURPOSE AND NON-INFRINGEMENT.
build	Setup Android SDK	2026-07-29T00:42:17.5608370Z 
build	Setup Android SDK	2026-07-29T00:42:17.5608513Z 11. LIMITATION OF LIABILITY
build	Setup Android SDK	2026-07-29T00:42:17.5608756Z 
build	Setup Android SDK	2026-07-29T00:42:17.5611128Z 11.1 YOU EXPRESSLY UNDERSTAND AND AGREE THAT GOOGLE, ITS SUBSIDIARIES AND AFFILIATES, AND ITS LICENSORS SHALL NOT BE LIABLE TO YOU UNDER ANY THEORY OF LIABILITY FOR ANY DIRECT, INDIRECT, INCIDENTAL, SPECIAL, CONSEQUENTIAL OR EXEMPLARY DAMAGES THAT MAY BE INCURRED BY YOU, INCLUDING ANY LOSS OF DATA, WHETHER OR NOT GOOGLE OR ITS REPRESENTATIVES HAVE BEEN ADVISED OF OR SHOULD HAVE BEEN AWARE OF THE POSSIBILITY OF ANY SUCH LOSSES ARISING.
build	Setup Android SDK	2026-07-29T00:42:17.5613626Z 
build	Setup Android SDK	2026-07-29T00:42:17.5613756Z 12. Indemnification
build	Setup Android SDK	2026-07-29T00:42:17.5614131Z 
build	Setup Android SDK	2026-07-29T00:42:17.5618586Z 12.1 To the maximum extent permitted by law, you agree to defend, indemnify and hold harmless Google, its affiliates and their respective directors, officers, employees and agents from and against any and all claims, actions, suits or proceedings, as well as any and all losses, liabilities, damages, costs and expenses (including reasonable attorneys’ fees) arising out of or accruing from (a) your use of the Preview, (b) any application you develop on the Preview that infringes any Intellectual Property Rights of any person or defames any person or violates their rights of publicity or privacy, and (c) any non-compliance by you of the License Agreement.
build	Setup Android SDK	2026-07-29T00:42:17.5622373Z 
build	Setup Android SDK	2026-07-29T00:42:17.5622530Z 13. Changes to the License Agreement
build	Setup Android SDK	2026-07-29T00:42:17.5623000Z 
build	Setup Android SDK	2026-07-29T00:42:17.5624506Z 13.1 Google may make changes to the License Agreement as it distributes new versions of the Preview. When these changes are made, Google will make a new version of the License Agreement available on the website where the Preview is made available.
build	Setup Android SDK	2026-07-29T00:42:17.5625971Z 
build	Setup Android SDK	2026-07-29T00:42:17.5626107Z 14. General Legal Terms
build	Setup Android SDK	2026-07-29T00:42:17.5626326Z 
build	Setup Android SDK	2026-07-29T00:42:17.5628024Z 14.1 the License Agreement constitutes the whole legal agreement between you and Google and governs your use of the Preview (excluding any services which Google may provide to you under a separate written agreement), and completely replaces any prior agreements between you and Google in relation to the Preview.
build	Setup Android SDK	2026-07-29T00:42:17.5629877Z 
build	Setup Android SDK	2026-07-29T00:42:17.5631542Z 14.2 You agree that if Google does not exercise or enforce any legal right or remedy which is contained in the License Agreement (or which Google has the benefit of under any applicable law), this will not be taken to be a formal waiver of Google's rights and that those rights or remedies will still be available to Google.
build	Setup Android SDK	2026-07-29T00:42:17.5633519Z 
build	Setup Android SDK	2026-07-29T00:42:17.5635646Z 14.3 If any court of law, having the jurisdiction to decide on this matter, rules that any provision of the License Agreement is invalid, then that provision will be removed from the License Agreement without affecting the rest of the License Agreement. The remaining provisions of the License Agreement will continue to be valid and enforceable.
build	Setup Android SDK	2026-07-29T00:42:17.5637737Z 
build	Setup Android SDK	2026-07-29T00:42:17.5640212Z 14.4 You acknowledge and agree that each member of the group of companies of which Google is the parent shall be third party beneficiaries to the License Agreement and that such other companies shall be entitled to directly enforce, and rely upon, any provision of the License Agreement that confers a benefit on (or rights in favor of) them. Other than this, no other person or company shall be third party beneficiaries to the License Agreement.
build	Setup Android SDK	2026-07-29T00:42:17.5642817Z 
build	Setup Android SDK	2026-07-29T00:42:17.5644485Z 14.5 EXPORT RESTRICTIONS. THE PREVIEW IS SUBJECT TO UNITED STATES EXPORT LAWS AND REGULATIONS. YOU MUST COMPLY WITH ALL DOMESTIC AND INTERNATIONAL EXPORT LAWS AND REGULATIONS THAT APPLY TO THE PREVIEW. THESE LAWS INCLUDE RESTRICTIONS ON DESTINATIONS, END USERS AND END USE.
build	Setup Android SDK	2026-07-29T00:42:17.5646356Z 
build	Setup Android SDK	2026-07-29T00:42:17.5648347Z 14.6 The License Agreement may not be assigned or transferred by you without the prior written approval of Google, and any attempted assignment without such approval will be void. You shall not delegate your responsibilities or obligations under the License Agreement without the prior written approval of Google.
build	Setup Android SDK	2026-07-29T00:42:17.5650204Z 
build	Setup Android SDK	2026-07-29T00:42:17.5653259Z 14.7 The License Agreement, and your relationship with Google under the License Agreement, shall be governed by the laws of the State of California without regard to its conflict of laws provisions. You and Google agree to submit to the exclusive jurisdiction of the courts located within the county of Santa Clara, California to resolve any legal matter arising from the License Agreement. Notwithstanding this, you agree that Google shall still be allowed to apply for injunctive remedies (or an equivalent type of urgent legal relief) in any jurisdiction.
build	Setup Android SDK	2026-07-29T00:42:17.5656651Z 
build	Setup Android SDK	2026-07-29T00:42:17.5656775Z June 2014.
build	Setup Android SDK	2026-07-29T00:42:17.5657083Z ---------------------------------------
build	Setup Android SDK	2026-07-29T00:42:17.5657488Z Accept? (y/N): 
build	Setup Android SDK	2026-07-29T00:42:17.5657820Z 5/6: License google-gdk-license:
build	Setup Android SDK	2026-07-29T00:42:17.5658228Z ---------------------------------------
build	Setup Android SDK	2026-07-29T00:42:17.5658767Z This is a Developer Preview of the GDK that is subject to change.
build	Setup Android SDK	2026-07-29T00:42:17.5659205Z 
build	Setup Android SDK	2026-07-29T00:42:17.5659337Z Terms and Conditions
build	Setup Android SDK	2026-07-29T00:42:17.5659549Z 
build	Setup Android SDK	2026-07-29T00:42:17.5659804Z This is the Glass Development Kit License Agreement.
build	Setup Android SDK	2026-07-29T00:42:17.5660177Z 
build	Setup Android SDK	2026-07-29T00:42:17.5660306Z 1. Introduction
build	Setup Android SDK	2026-07-29T00:42:17.5660488Z 
build	Setup Android SDK	2026-07-29T00:42:17.5662755Z 1.1 The Glass Development Kit (referred to in this License Agreement as the "GDK" and specifically including the Android system files, packaged APIs, and GDK library files, if and when they are made available) is licensed to you subject to the terms of this License Agreement. This License Agreement forms a legally binding contract between you and Google in relation to your use of the GDK.
build	Setup Android SDK	2026-07-29T00:42:17.5665176Z 
build	Setup Android SDK	2026-07-29T00:42:17.5665546Z 1.2 "Glass" means Glass devices and the Glass software stack for use on Glass devices.
build	Setup Android SDK	2026-07-29T00:42:17.5666081Z 
build	Setup Android SDK	2026-07-29T00:42:17.5666095Z 
build	Setup Android SDK	2026-07-29T00:42:17.5667193Z 1.3 "Android" means the Android software stack for devices, as made available under the Android Open Source Project, which is located at the following URL: http://source.android.com/, as updated from time to time.
build	Setup Android SDK	2026-07-29T00:42:17.5668451Z 
build	Setup Android SDK	2026-07-29T00:42:17.5669235Z 1.4 "Google" means Google Inc., a Delaware corporation with principal place of business at 1600 Amphitheatre Parkway, Mountain View, CA 94043, United States.
build	Setup Android SDK	2026-07-29T00:42:17.5670204Z 
build	Setup Android SDK	2026-07-29T00:42:17.5670514Z 2. Accepting this License Agreement
build	Setup Android SDK	2026-07-29T00:42:17.5670799Z 
build	Setup Android SDK	2026-07-29T00:42:17.5671463Z 2.1 In order to use the GDK, you must first agree to this License Agreement. You may not use the GDK if you do not accept this License Agreement.
build	Setup Android SDK	2026-07-29T00:42:17.5672295Z 
build	Setup Android SDK	2026-07-29T00:42:17.5672644Z 2.2 By clicking to accept, you hereby agree to the terms of this License Agreement.
build	Setup Android SDK	2026-07-29T00:42:17.5673155Z 
build	Setup Android SDK	2026-07-29T00:42:17.5674602Z 2.3 You may not use the GDK and may not accept the License Agreement if you are a person barred from receiving the GDK under the laws of the United States or other countries including the country in which you are resident or from which you use the GDK.
build	Setup Android SDK	2026-07-29T00:42:17.5676036Z 
build	Setup Android SDK	2026-07-29T00:42:17.5677986Z 2.4 If you are agreeing to be bound by this License Agreement on behalf of your employer or other entity, you represent and warrant that you have full legal authority to bind your employer or such entity to this License Agreement. If you do not have the requisite authority, you may not accept the License Agreement or use the GDK on behalf of your employer or other entity.
build	Setup Android SDK	2026-07-29T00:42:17.5680102Z 
build	Setup Android SDK	2026-07-29T00:42:17.5680244Z 3. GDK License from Google
build	Setup Android SDK	2026-07-29T00:42:17.5680483Z 
build	Setup Android SDK	2026-07-29T00:42:17.5681745Z 3.1 Subject to the terms of this License Agreement, Google grants you a limited, worldwide, royalty-free, non-assignable and non-exclusive license to use the GDK solely to develop applications to run on the Glass platform for Glass devices.
build	Setup Android SDK	2026-07-29T00:42:17.5683284Z 
build	Setup Android SDK	2026-07-29T00:42:17.5686105Z 3.2 You agree that Google or third parties own all legal right, title and interest in and to the GDK, including any Intellectual Property Rights that subsist in the GDK. "Intellectual Property Rights" means any and all rights under patent law, copyright law, trade secret law, trademark law, and any and all other proprietary rights. Google reserves all rights not expressly granted to you.
build	Setup Android SDK	2026-07-29T00:42:17.5688672Z 
build	Setup Android SDK	2026-07-29T00:42:17.5692035Z 3.3 You may not use the GDK for any purpose not expressly permitted by this License Agreement. Except to the extent required by applicable third party licenses, you may not: (a) copy (except for backup purposes), modify, adapt, redistribute, decompile, reverse engineer, disassemble, or create derivative works of the GDK or any part of the GDK; or (b) load any part of the GDK onto a mobile handset or wearable computing device or any other hardware device except a Glass device personal computer, combine any part of the GDK with other software, or distribute any software or device incorporating a part of the GDK.
build	Setup Android SDK	2026-07-29T00:42:17.5695683Z 
build	Setup Android SDK	2026-07-29T00:42:17.5696990Z 3.4 You agree that you will not take any actions that may cause or result in the fragmentation of Glass, including but not limited to distributing, participating in the creation of, or promoting in any way a software development kit derived from the GDK.
build	Setup Android SDK	2026-07-29T00:42:17.5698645Z 
build	Setup Android SDK	2026-07-29T00:42:17.5699735Z 3.5 Use, reproduction and distribution of components of the GDK licensed under an open source software license are governed solely by the terms of that open source software license and not this License Agreement.
build	Setup Android SDK	2026-07-29T00:42:17.5701032Z 
build	Setup Android SDK	2026-07-29T00:42:17.5703295Z 3.6 You agree that the form and nature of the GDK that Google provides may change without prior notice to you and that future versions of the GDK may be incompatible with applications developed on previous versions of the GDK. You agree that Google may stop (permanently or temporarily) providing the GDK (or any features within the GDK) to you or to users generally at Google's sole discretion, without prior notice to you.
build	Setup Android SDK	2026-07-29T00:42:17.5705889Z 
build	Setup Android SDK	2026-07-29T00:42:17.5706786Z 3.7 Nothing in this License Agreement gives you a right to use any of Google's trade names, trademarks, service marks, logos, domain names, or other distinctive brand features.
build	Setup Android SDK	2026-07-29T00:42:17.5707836Z 
build	Setup Android SDK	2026-07-29T00:42:17.5708787Z 3.8 You agree that you will not remove, obscure, or alter any proprietary rights notices (including copyright and trademark notices) that may be affixed to or contained within the GDK.
build	Setup Android SDK	2026-07-29T00:42:17.5710069Z 
build	Setup Android SDK	2026-07-29T00:42:17.5710077Z 
build	Setup Android SDK	2026-07-29T00:42:17.5712024Z 3.9 Your use of any Android system files, packaged APIs, or other components of the GDK which are part of the Android Software Development Kit is subject to the terms of the Android Software Development Kit License Agreement located at http://developer.android.com/sdk/terms.html. These terms are hereby incorporated by reference into this License Agreement.
build	Setup Android SDK	2026-07-29T00:42:17.5714309Z 
build	Setup Android SDK	2026-07-29T00:42:17.5714482Z 4. Use of the GDK by You
build	Setup Android SDK	2026-07-29T00:42:17.5714743Z 
build	Setup Android SDK	2026-07-29T00:42:17.5716186Z 4.1 Google agrees that it obtains no right, title or interest from you (or your licensors) under this License Agreement in or to any software applications that you develop using the GDK, including any intellectual property rights that subsist in those applications.
build	Setup Android SDK	2026-07-29T00:42:17.5717843Z 
build	Setup Android SDK	2026-07-29T00:42:17.5721709Z 4.2 You agree to use the GDK and write applications only for purposes that are permitted by (a) this License Agreement, (b) the Glass Platform Developer Policies (located at https://developers.google.com/glass/policies, and hereby incorporated into this License Agreement by reference), and (c) any applicable law, regulation or generally accepted practices or guidelines in the relevant jurisdictions (including any laws regarding the export of data or software to and from the United States or other relevant countries).
build	Setup Android SDK	2026-07-29T00:42:17.5725297Z 
build	Setup Android SDK	2026-07-29T00:42:17.5729878Z 4.3 You agree that if you use the GDK to develop applications for general public users, you will protect the privacy and legal rights of those users. If the users provide you with user names, passwords, or other login information or personal information, you must make the users aware that the information will be available to your application, and you must provide legally adequate privacy notice and protection for those users. If your application stores personal or sensitive information provided by users, it must do so securely. If the user provides your application with Google Account information, your application may only use that information to access the user's Google Account when, and for the limited purposes for which, the user has given you permission to do so.
build	Setup Android SDK	2026-07-29T00:42:17.5734927Z 
build	Setup Android SDK	2026-07-29T00:42:17.5736857Z 4.4 You agree that you will not engage in any activity with the GDK, including the development or distribution of an application, that interferes with, disrupts, damages, or accesses in an unauthorized manner the servers, networks, or other properties or services of any third party including, but not limited to, Google.
build	Setup Android SDK	2026-07-29T00:42:17.5738741Z 
build	Setup Android SDK	2026-07-29T00:42:17.5740533Z 4.5 You agree that you are solely responsible for (and that Google has no responsibility to you or to any third party for) any data, content, or resources that you create, transmit or display through Glass and/or applications for Glass, and for the consequences of your actions (including any loss or damage which Google may suffer) by doing so.
build	Setup Android SDK	2026-07-29T00:42:17.5742741Z 
build	Setup Android SDK	2026-07-29T00:42:17.5746274Z 4.6 You agree that you are solely responsible for (and that Google has no responsibility to you or to any third party for) any breach of your obligations under this License Agreement, any applicable third party contract or Terms of Service, or any applicable law or regulation, and for the consequences (including any loss or damage which Google or any third party may suffer) of any such breach.
build	Setup Android SDK	2026-07-29T00:42:17.5748610Z 
build	Setup Android SDK	2026-07-29T00:42:17.5748619Z 
build	Setup Android SDK	2026-07-29T00:42:17.5750641Z 4.7 The GDK is in development, and your testing and feedback are an important part of the development process. By using the GDK, you acknowledge that implementation of some features are still under development and that you should not rely on the GDK, Glass devices, Glass system software, Google Mirror API, or Glass services having the full functionality of a stable release.
build	Setup Android SDK	2026-07-29T00:42:17.5753066Z 
build	Setup Android SDK	2026-07-29T00:42:17.5753224Z 5. Your Developer Credentials
build	Setup Android SDK	2026-07-29T00:42:17.5753482Z 
build	Setup Android SDK	2026-07-29T00:42:17.5755196Z 5.1 You agree that you are responsible for maintaining the confidentiality of any developer credentials that may be issued to you by Google or which you may choose yourself and that you will be solely responsible for all applications that are developed under your developer credentials.
build	Setup Android SDK	2026-07-29T00:42:17.5756945Z 
build	Setup Android SDK	2026-07-29T00:42:17.5757098Z 6. Privacy and Information
build	Setup Android SDK	2026-07-29T00:42:17.5757341Z 
build	Setup Android SDK	2026-07-29T00:42:17.5757347Z 
build	Setup Android SDK	2026-07-29T00:42:17.5760005Z 6.1 In order to continually innovate and improve the GDK, Google may collect certain usage statistics from the software including but not limited to a unique identifier, associated IP address, version number of the software, and information on which tools and/or services in the GDK are being used and how they are being used. Before any of this information is collected, the GDK will notify you and seek your consent. If you withhold consent, the information will not be collected.
build	Setup Android SDK	2026-07-29T00:42:17.5762739Z 
build	Setup Android SDK	2026-07-29T00:42:17.5763368Z 6.2 The data collected is examined in the aggregate to improve the GDK and is maintained in accordance with Google's Privacy Policy.
build	Setup Android SDK	2026-07-29T00:42:17.5764340Z 
build	Setup Android SDK	2026-07-29T00:42:17.5764515Z 7. Third Party Applications
build	Setup Android SDK	2026-07-29T00:42:17.5764757Z 
build	Setup Android SDK	2026-07-29T00:42:17.5767955Z 7.1 If you use the GDK to run applications developed by a third party or that access data, content or resources provided by a third party, you agree that Google is not responsible for those applications, data, content, or resources. You understand that all data, content or resources which you may access through such third party applications are the sole responsibility of the person from which they originated and that Google is not liable for any loss or damage that you may experience as a result of the use or access of any of those third party applications, data, content, or resources.
build	Setup Android SDK	2026-07-29T00:42:17.5771280Z 
build	Setup Android SDK	2026-07-29T00:42:17.5774548Z 7.2 You should be aware the data, content, and resources presented to you through such a third party application may be protected by intellectual property rights which are owned by the providers (or by other persons or companies on their behalf). You may not modify, rent, lease, loan, sell, distribute or create derivative works based on these data, content, or resources (either in whole or in part) unless you have been specifically given permission to do so by the relevant owners.
build	Setup Android SDK	2026-07-29T00:42:17.5777651Z 
build	Setup Android SDK	2026-07-29T00:42:17.5779103Z 7.3 You acknowledge that your use of such third party applications, data, content, or resources may be subject to separate terms between you and the relevant third party. In that case, this License Agreement does not affect your legal relationship with these third parties.
build	Setup Android SDK	2026-07-29T00:42:17.5780690Z 
build	Setup Android SDK	2026-07-29T00:42:17.5780828Z 8. Using Google APIs
build	Setup Android SDK	2026-07-29T00:42:17.5781278Z 
build	Setup Android SDK	2026-07-29T00:42:17.5781410Z 8.1 Google APIs
build	Setup Android SDK	2026-07-29T00:42:17.5781599Z 
build	Setup Android SDK	2026-07-29T00:42:17.5784531Z 8.1.1 If you use any API to retrieve data from Google, you acknowledge that the data may be protected by intellectual property rights which are owned by Google or those parties that provide the data (or by other persons or companies on their behalf). Your use of any such API may be subject to additional Terms of Service. You may not modify, rent, lease, loan, sell, distribute or create derivative works based on this data (either in whole or in part) unless allowed by the relevant Terms of Service.
build	Setup Android SDK	2026-07-29T00:42:17.5787523Z 
build	Setup Android SDK	2026-07-29T00:42:17.5788802Z 8.1.2 If you use any API to retrieve a user's data from Google, you acknowledge and agree that you shall retrieve data only with the user's explicit consent and only when, and for the limited purposes for which, the user has given you permission to do so.
build	Setup Android SDK	2026-07-29T00:42:17.5790239Z 
build	Setup Android SDK	2026-07-29T00:42:17.5790401Z 9. Terminating this License Agreement
build	Setup Android SDK	2026-07-29T00:42:17.5790700Z 
build	Setup Android SDK	2026-07-29T00:42:17.5791212Z 9.1 This License Agreement will continue to apply until terminated by either you or Google as set out below.
build	Setup Android SDK	2026-07-29T00:42:17.5792050Z 
build	Setup Android SDK	2026-07-29T00:42:17.5792683Z 9.2 If you want to terminate this License Agreement, you may do so by ceasing your use of the GDK and any relevant developer credentials.
build	Setup Android SDK	2026-07-29T00:42:17.5793541Z 
build	Setup Android SDK	2026-07-29T00:42:17.5797120Z 9.3 Google may at any time, terminate this License Agreement with you if: (A) you have breached any provision of this License Agreement; or (B) Google is required to do so by law; or (C) the partner with whom Google offered certain parts of GDK (such as APIs) to you has terminated its relationship with Google or ceased to offer certain parts of the GDK to you; or (D) Google decides to no longer provide the GDK or certain parts of the GDK to users in the country in which you are resident or from which you use the service, or the provision of the GDK or certain GDK services to you by Google is, in Google's sole discretion, no longer commercially viable.
build	Setup Android SDK	2026-07-29T00:42:17.5800700Z 
build	Setup Android SDK	2026-07-29T00:42:17.5803104Z 9.4 When this License Agreement comes to an end, all of the legal rights, obligations and liabilities that you and Google have benefited from, been subject to (or which have accrued over time whilst this License Agreement has been in force) or which are expressed to continue indefinitely, shall be unaffected by this cessation, and the provisions of paragraph 14.7 shall continue to apply to such rights, obligations and liabilities indefinitely.
build	Setup Android SDK	2026-07-29T00:42:17.5805907Z 
build	Setup Android SDK	2026-07-29T00:42:17.5806068Z 10. DISCLAIMER OF WARRANTIES
build	Setup Android SDK	2026-07-29T00:42:17.5806320Z 
build	Setup Android SDK	2026-07-29T00:42:17.5807195Z 10.1 YOU EXPRESSLY UNDERSTAND AND AGREE THAT YOUR USE OF THE GDK IS AT YOUR SOLE RISK AND THAT THE GDK IS PROVIDED "AS IS" AND "AS AVAILABLE" WITHOUT WARRANTY OF ANY KIND FROM GOOGLE.
build	Setup Android SDK	2026-07-29T00:42:17.5808256Z 
build	Setup Android SDK	2026-07-29T00:42:17.5809625Z 10.2 YOUR USE OF THE GDK AND ANY MATERIAL DOWNLOADED OR OTHERWISE OBTAINED THROUGH THE USE OF THE GDK IS AT YOUR OWN DISCRETION AND RISK AND YOU ARE SOLELY RESPONSIBLE FOR ANY DAMAGE TO YOUR COMPUTER SYSTEM OR OTHER DEVICE OR LOSS OF DATA THAT RESULTS FROM SUCH USE.
build	Setup Android SDK	2026-07-29T00:42:17.5811184Z 
build	Setup Android SDK	2026-07-29T00:42:17.5812531Z 10.3 GOOGLE FURTHER EXPRESSLY DISCLAIMS ALL WARRANTIES AND CONDITIONS OF ANY KIND, WHETHER EXPRESS OR IMPLIED, INCLUDING, BUT NOT LIMITED TO THE IMPLIED WARRANTIES AND CONDITIONS OF MERCHANTABILITY, FITNESS FOR A PARTICULAR PURPOSE AND NON-INFRINGEMENT.
build	Setup Android SDK	2026-07-29T00:42:17.5814238Z 
build	Setup Android SDK	2026-07-29T00:42:17.5814408Z 11. LIMITATION OF LIABILITY
build	Setup Android SDK	2026-07-29T00:42:17.5814684Z 
build	Setup Android SDK	2026-07-29T00:42:17.5816981Z 11.1 YOU EXPRESSLY UNDERSTAND AND AGREE THAT GOOGLE, ITS SUBSIDIARIES AND AFFILIATES, AND ITS LICENSORS SHALL NOT BE LIABLE TO YOU UNDER ANY THEORY OF LIABILITY FOR ANY DIRECT, INDIRECT, INCIDENTAL, SPECIAL, CONSEQUENTIAL OR EXEMPLARY DAMAGES THAT MAY BE INCURRED BY YOU, INCLUDING ANY LOSS OF DATA, WHETHER OR NOT GOOGLE OR ITS REPRESENTATIVES HAVE BEEN ADVISED OF OR SHOULD HAVE BEEN AWARE OF THE POSSIBILITY OF ANY SUCH LOSSES ARISING.
build	Setup Android SDK	2026-07-29T00:42:17.5819488Z 
build	Setup Android SDK	2026-07-29T00:42:17.5819644Z 12. Indemnification
build	Setup Android SDK	2026-07-29T00:42:17.5819861Z 
build	Setup Android SDK	2026-07-29T00:42:17.5824206Z 12.1 To the maximum extent permitted by law, you agree to defend, indemnify and hold harmless Google, its affiliates and their respective directors, officers, employees and agents from and against any and all claims, actions, suits or proceedings, as well as any and all losses, liabilities, damages, costs and expenses (including reasonable attorneys fees) arising out of or accruing from (a) your use of the GDK, (b) any application you develop on the GDK that infringes any copyright, trademark, trade secret, trade dress, patent or other intellectual property right of any person or defames any person or violates their rights of publicity or privacy, and (c) any non-compliance by you with this License Agreement.
build	Setup Android SDK	2026-07-29T00:42:17.5826800Z 
build	Setup Android SDK	2026-07-29T00:42:17.5826909Z 13. Changes to the License Agreement
build	Setup Android SDK	2026-07-29T00:42:17.5827105Z 
build	Setup Android SDK	2026-07-29T00:42:17.5827814Z 13.1 Google may make changes to the License Agreement as it distributes new versions of the GDK. When these changes are made, Google will make a new version of the License Agreement available on the website where the GDK is made available.
build	Setup Android SDK	2026-07-29T00:42:17.5828790Z 
build	Setup Android SDK	2026-07-29T00:42:17.5828879Z 14. General Legal Terms
build	Setup Android SDK	2026-07-29T00:42:17.5829014Z 
build	Setup Android SDK	2026-07-29T00:42:17.5829945Z 14.1 This License Agreement constitutes the whole legal agreement between you and Google and governs your use of the GDK (excluding any services which Google may provide to you under a separate written agreement), and completely replaces any prior agreements between you and Google in relation to the GDK.
build	Setup Android SDK	2026-07-29T00:42:17.5830961Z 
build	Setup Android SDK	2026-07-29T00:42:17.5831920Z 14.2 You agree that if Google does not exercise or enforce any legal right or remedy which is contained in this License Agreement (or which Google has the benefit of under any applicable law), this will not be taken to be a formal waiver of Google's rights and that those rights or remedies will still be available to Google.
build	Setup Android SDK	2026-07-29T00:42:17.5832982Z 
build	Setup Android SDK	2026-07-29T00:42:17.5834330Z 14.3 If any court of law, having the jurisdiction to decide on this matter, rules that any provision of this License Agreement is invalid, then that provision will be removed from this License Agreement without affecting the rest of this License Agreement. The remaining provisions of this License Agreement will continue to be valid and enforceable.
build	Setup Android SDK	2026-07-29T00:42:17.5835494Z 
build	Setup Android SDK	2026-07-29T00:42:17.5836862Z 14.4 You acknowledge and agree that each member of the group of companies of which Google is the parent shall be third party beneficiaries to this License Agreement and that such other companies shall be entitled to directly enforce, and rely upon, any provision of this License Agreement that confers a benefit on (or rights in favor of) them. Other than this, no other person or company shall be third party beneficiaries to this License Agreement.
build	Setup Android SDK	2026-07-29T00:42:17.5838317Z 
build	Setup Android SDK	2026-07-29T00:42:17.5839112Z 14.5 EXPORT RESTRICTIONS. THE GDK IS SUBJECT TO UNITED STATES EXPORT LAWS AND REGULATIONS. YOU MUST COMPLY WITH ALL DOMESTIC AND INTERNATIONAL EXPORT LAWS AND REGULATIONS THAT APPLY TO THE GDK. THESE LAWS INCLUDE RESTRICTIONS ON DESTINATIONS, END USERS AND END USE.
build	Setup Android SDK	2026-07-29T00:42:17.5839996Z 
build	Setup Android SDK	2026-07-29T00:42:17.5841041Z 14.6 The rights granted in this License Agreement may not be assigned or transferred by either you or Google without the prior written approval of the other party. Neither you nor Google shall be permitted to delegate their responsibilities or obligations under this License Agreement without the prior written approval of the other party.
build	Setup Android SDK	2026-07-29T00:42:17.5842169Z 
build	Setup Android SDK	2026-07-29T00:42:17.5844149Z 14.7 This License Agreement, and your relationship with Google under this License Agreement, shall be governed by the laws of the State of California without regard to its conflict of laws provisions. You and Google agree to submit to the exclusive jurisdiction of the courts located within the county of Santa Clara, California to resolve any legal matter arising from this License Agreement. Notwithstanding this, you agree that Google shall still be allowed to apply for injunctive remedies (or an equivalent type of urgent legal relief) in any jurisdiction.
build	Setup Android SDK	2026-07-29T00:42:17.5846157Z 
build	Setup Android SDK	2026-07-29T00:42:17.5846242Z November 19, 2013
build	Setup Android SDK	2026-07-29T00:42:17.5846445Z ---------------------------------------
build	Setup Android SDK	2026-07-29T00:42:17.5846695Z Accept? (y/N): 
build	Setup Android SDK	2026-07-29T00:42:17.5846924Z 6/6: License mips-android-sysimage-license:
build	Setup Android SDK	2026-07-29T00:42:17.5847207Z ---------------------------------------
build	Setup Android SDK	2026-07-29T00:42:17.5849351Z MIPS Technologies, Inc. (“MIPS”) Internal Evaluation License Agreement for MIPS Android™ System Images for Android Software Development Kit (SDK): This Internal Evaluation License Agreement (this "Agreement") is entered into by and between MIPS and you (as an individual developer or a legal entity -- identified below as “Recipient”). MIPS shall make the Evaluation Software available to Recipient as described in accordance with the terms and conditions set forth below.
build	Setup Android SDK	2026-07-29T00:42:17.5851080Z 
build	Setup Android SDK	2026-07-29T00:42:17.5852967Z By clicking on the “Accept” button, downloading, installing, or otherwise using the Evaluation Materials (defined below), you agree to be bound by the terms of this Agreement effective as of the date you click “Accept” (the “Effective Date”), and if doing so on behalf of an entity, you represent that you are authorized to bind the entity to the terms and conditions of this Agreement. If you do not agree to be bound by the terms and conditions of this Agreement, do not download, install, or use the Evaluation Materials.
build	Setup Android SDK	2026-07-29T00:42:17.5854890Z 
build	Setup Android SDK	2026-07-29T00:42:17.5855055Z 1. DEFINITIONS. These terms shall have the following meanings:
build	Setup Android SDK	2026-07-29T00:42:17.5855315Z 
build	Setup Android SDK	2026-07-29T00:42:17.5855877Z 1.1 “MIPS” shall mean MIPS Technologies, Inc., a Delaware corporation having a principal place of business at: 955 East Arques Ave., Sunnyvale, CA 94085
build	Setup Android SDK	2026-07-29T00:42:17.5856420Z 
build	Setup Android SDK	2026-07-29T00:42:17.5856973Z 1.2 “Evaluation Software” shall mean MIPS Android™ emulator system images for Android Software Development Kit (SDK), as made available to Recipient.
build	Setup Android SDK	2026-07-29T00:42:17.5857512Z 
build	Setup Android SDK	2026-07-29T00:42:17.5858660Z 1.3 “Evaluation Materials" means, collectively, the Evaluation Software (in source and/or object code form) and documentation (including, without limitation, any design documents, specifications, reference manuals, and other related materials) related to the Evaluation Software as made available to Recipient.
build	Setup Android SDK	2026-07-29T00:42:17.5859726Z 
build	Setup Android SDK	2026-07-29T00:42:17.5863449Z 1.4 “Open Source Software” means any software that requires (as a condition of use, modification and/or distribution of such software) that such software or other software incorporated into, derived from or distributed with such software (a) be disclosed or distributed in source code form; or (b) be licensed by the user to third parties for the purpose of making and/or distributing derivative works; or (c) be redistributable at no charge. Open Source Software includes, without limitation, software licensed or distributed under any of the following licenses or distribution models, or licenses or distribution models substantially similar to any of the following: (a) GNU’s General Public License (GPL) or Lesser/Library GPL (LGPL), (b) the Artistic License (e.g., PERL), (c) the Mozilla Public License, (d) the Netscape Public License, (e) the Sun Community Source License (SCSL), (f) the Sun Industry Source License (SISL), (g) the Apache Software license and (h) the Common Public License (CPL).
build	Setup Android SDK	2026-07-29T00:42:17.5867087Z 
build	Setup Android SDK	2026-07-29T00:42:17.5869119Z 1.5 “Pre-Release Materials” means “alpha” or “beta” designated pre-release features, which may not be fully functional, which MIPS may substantially modify in producing any production version of the Evaluation Materials, and/or which is still under development by MIPS and/or MIPS’ suppliers.
build	Setup Android SDK	2026-07-29T00:42:17.5871693Z 
build	Setup Android SDK	2026-07-29T00:42:17.5876091Z 2. PURPOSE. MIPS desires to make the Evaluation Materials available to Recipient solely for Recipient's internal evaluation of the Evaluation Software to evaluate the desirability of cooperating with MIPS in developing products that are compatible with the Evaluation Software and/or to advise MIPS as to possible modifications to the Evaluation Software. Recipient may not disclose, distribute, modify (except to facilitate the above-mentioned internal evaluation), or make commercial use of the Evaluation Materials or any modifications of the Evaluation Materials.
build	Setup Android SDK	2026-07-29T00:42:17.5880292Z 
build	Setup Android SDK	2026-07-29T00:42:17.5882830Z THE EVALUATION MATERIALS ARE PROVIDED FOR EVALUATION PURPOSES ONLY AND MAY NOT BE MODIFIED (EXCEPT TO FACILITATE THE INTERNAL EVALUATION) OR DISTRIBUTED BY RECIPIENT OR INCORPORATED INTO RECIPIENT’S PRODUCTS OR SOFTWARE. PLEASE CONTACT A MIPS SALES REPRESENTATIVE TO LEARN ABOUT THE AVAILABILITY AND COST OF A COMMERCIAL VERSION OF THE EVALUATION SOFTWARE.
build	Setup Android SDK	2026-07-29T00:42:17.5885253Z 
build	Setup Android SDK	2026-07-29T00:42:17.5886779Z 3. TITLE. Title to the Evaluation Materials remains with MIPS or its suppliers. Recipient shall not mortgage, pledge or encumber the Evaluation Materials in any way. Recipient shall return all Evaluation Materials, keeping no copies, upon termination or expiration of this Agreement.
build	Setup Android SDK	2026-07-29T00:42:17.5888682Z 
build	Setup Android SDK	2026-07-29T00:42:17.5895274Z 4. LICENSE. MIPS grants Recipient a royalty-free, personal, nontransferable, nonexclusive license under its copyrights to use the Evaluation Software only for the purposes described in paragraph 2 above and only for a period beginning on the Effective Date and extending to the first anniversary of the Effective Date (the “Evaluation Period”). Unless otherwise communicated in writing by MIPS to Recipient, to the extent the Evaluation Software is provided in more than one delivery or release (each, a “Release”) the license grant in this Section 4 and the Evaluation Period shall apply to each Release, in which case the Evaluation Period shall begin on the date that the Release is made generally available and continue to the first anniversary of such date. Recipient may not make modifications to the Evaluation Software. Recipient shall not disassemble, reverse-engineer, or decompile any software that is not provided to Recipient in source code form.
build	Setup Android SDK	2026-07-29T00:42:17.5900784Z 
build	Setup Android SDK	2026-07-29T00:42:17.5900794Z 
build	Setup Android SDK	2026-07-29T00:42:17.5902887Z EXCEPT AS PROVIDED HEREIN, NO OTHER LICENSE, EXPRESS OR IMPLIED, BY ESTOPPEL OR OTHERWISE, TO ANY OTHER MIPS INTELLECTUAL PROPERTY RIGHTS IS GRANTED TO THE RECIPIENT. OTHER THAN AS EXPLICITLY SET FORTH IN PARAGRAPH 2 ABOVE, NO RIGHT TO COPY, TO REPRODUCE, TO MODIFY, OR TO CREATE DERIVATIVE WORKS OF, THE EVALUATION MATERIALS IS GRANTED HEREIN.
build	Setup Android SDK	2026-07-29T00:42:17.5905204Z 
build	Setup Android SDK	2026-07-29T00:42:17.5906720Z 5. NO OBLIGATION. Recipient shall have no duty to purchase or license any product from MIPS. MIPS and its suppliers shall have no obligation to provide support for, or develop a non-evaluation version of, the Evaluation Software or to license any version of it.
build	Setup Android SDK	2026-07-29T00:42:17.5908254Z 
build	Setup Android SDK	2026-07-29T00:42:17.5914903Z 6. MODIFICATIONS. This Agreement does not obligate Recipient to provide MIPS with comments or suggestions regarding Evaluation Materials. However, should Recipient provide MIPS with comments or suggestions for the modification, correction, improvement or enhancement of (a) the Evaluation Materials or (b) MIPS products or processes which may embody the Evaluation Materials, then Recipient agrees to grant and hereby grants to MIPS a non-exclusive, irrevocable, worldwide, fully paid-up, royalty-free license, with the right to sublicense MIPS’ licensees and customers, under Recipient’s Intellectual property rights, to use and disclose such comments and suggestions in any manner MIPS chooses and to display, perform, copy, make, have made, use, sell, offer to sell, import, and otherwise dispose of MIPS’ and its sublicensee’s products embodying such comments and suggestions in any manner and via any media MIPS chooses, without reference to the source.
build	Setup Android SDK	2026-07-29T00:42:17.5920694Z 
build	Setup Android SDK	2026-07-29T00:42:17.5923618Z 7. WARRANTY DISCLAIMER. MIPS AND ITS SUPPLIERS MAKE NO WARRANTIES WITH RESPECT TO EVALUATION MATERIALS, EITHER EXPRESS OR IMPLIED, INCLUDING ANY IMPLIED WARRANTIES OF MERCHANTABILITY OR FITNESS FOR A PARTICULAR PURPOSE, OR ANY IMPLIED WARRANTY OF NONINFRINGEMENT WITH RESPECT TO THIRD PARTY INTELLECTUAL PROPERTY. RECIPIENT ACKNOWLEDGES AND AGREES THAT THE EVALUATION MATERIALS ARE PROVIDED “AS IS,” WITHOUT WARRANTY OF ANY KIND.
build	Setup Android SDK	2026-07-29T00:42:17.5926372Z 
build	Setup Android SDK	2026-07-29T00:42:17.5929567Z 8. LIMITATION OF LIABILITY. MIPS AND ITS SUPPLIERS SHALL NOT BE LIABLE FOR ANY PROPERTY DAMAGE, PERSONAL INJURY, LOSS OF PROFITS, INTERRUPTION OF BUSINESS OR FOR ANY DIRECT, INDIRECT, SPECIAL, CONSEQUENTIAL OR INCIDENTAL DAMAGES, HOWEVER CAUSED OR ALLEGED, WHETHER FOR BREACH OF WARRANTY, CONTRACT, STRICT LIABILITY OR OTHERWISE, INCLUDING WITHOUT LIMITATION, UNDER TORT OR OTHER LEGAL THEORY. MIPS AND ITS SUPPLIERS DISCLAIM ANY AND ALL LIABILITY, INCLUDING LIABILITY FOR INFRINGEMENT OF ANY INTELLECTUAL PROPERTY RIGHTS OF ANY KIND RELATING TO THE EVALUATION MATERIALS.
build	Setup Android SDK	2026-07-29T00:42:17.5933071Z 
build	Setup Android SDK	2026-07-29T00:42:17.5934467Z 9. EXPIRATION. MIPS may terminate this Agreement immediately after a breach by Recipient or otherwise at MIPS’ reasonable discretion and upon five (5) business days’ notice to Recipient.
build	Setup Android SDK	2026-07-29T00:42:17.5935620Z 
build	Setup Android SDK	2026-07-29T00:42:17.5935741Z 10. GENERAL.
build	Setup Android SDK	2026-07-29T00:42:17.5935917Z 
build	Setup Android SDK	2026-07-29T00:42:17.5941611Z 10.1 Controlling Law. This Agreement shall be governed by California law excluding its choice of law rules. With the exception of MIPS’ rights to enforce its intellectual property rights and any confidentiality obligations under this Agreement or any licenses distributed with the Evaluation Materials, all disputes and any claims arising under or relating to this Agreement shall be subject to the exclusive jurisdiction and venue of the state and federal courts located in Santa Clara County, California. Each party hereby agrees to jurisdiction and venue in the courts set forth in the preceding sentence. The parties agree that the United Nations Convention on Contracts for the International Sale of Goods is specifically excluded from application to this Agreement. The parties consent to the personal jurisdiction of the above courts.
build	Setup Android SDK	2026-07-29T00:42:17.5946733Z 
build	Setup Android SDK	2026-07-29T00:42:17.5949484Z 10.2 Remedies. Recipient acknowledges and agrees that any breach of confidentiality obligations under this Agreement or any licenses distributed with the Evaluation Materials, as well as any disclosure, commercialization, or public use of the Evaluation Materials, would cause irreparable injury to MIPS, and therefore Recipient agrees to consent to, and hereby consents to, the grant of an injunction by any court of competent jurisdiction in the event of an actual or threatened breach.
build	Setup Android SDK	2026-07-29T00:42:17.5952501Z 
build	Setup Android SDK	2026-07-29T00:42:17.5956343Z 10.3 Assignment. Recipient may not delegate, assign or transfer this Agreement, the license granted or any of Recipient’s rights, obligations, or duties hereunder, expressly, by implication, by operation of law, by way of merger (regardless of whether Recipient is the surviving entity) or acquisition, or otherwise and any attempt to do so, without MIPS’ express prior written consent, shall be ineffective, null and void. MIPS may freely assign this Agreement, and its rights and obligations hereunder, in its sole discretion.
build	Setup Android SDK	2026-07-29T00:42:17.5959394Z 
build	Setup Android SDK	2026-07-29T00:42:17.5962020Z 10.4 Entire Agreement. This Agreement constitutes the entire agreement between Recipient and MIPS and supersedes in their entirety any and all oral or written agreements previously existing between Recipient and MIPS with respect to the subject matter hereof. This Agreement may only be amended or supplemented by a writing that refers explicitly to this Agreement and that is signed or otherwise accepted by duly authorized representatives of Recipient and MIPS.
build	Setup Android SDK	2026-07-29T00:42:17.5965135Z 
build	Setup Android SDK	2026-07-29T00:42:17.5967667Z 10.5 Severability. In the event that any provision of this Agreement is finally adjudicated to be unenforceable or invalid under any applicable law, such unenforceability or invalidity shall not render this Agreement unenforceable or invalid as a whole, and, in such event, such unenforceable or invalid provision shall be interpreted so as to best accomplish the objectives of such provision within the limits of applicable law or applicable court decisions.
build	Setup Android SDK	2026-07-29T00:42:17.5970351Z 
build	Setup Android SDK	2026-07-29T00:42:17.5978889Z 10.6 Export Regulations / Export Control. Recipient shall not export, either directly or indirectly, any product, service or technical data or system incorporating the Evaluation Materials without first obtaining any required license or other necessary approval from the U.S. Department of Commerce or any other governing agency or department of the United States Government. In the event any product is exported from the United States or re-exported from a foreign destination by Recipient, Recipient shall ensure that the distribution and export/re-export or import of the product is in compliance with all applicable laws, regulations, orders, or other restrictions of the U.S. Export Administration Regulations and the appropriate foreign government. Recipient agrees that neither it nor any of its subsidiaries will export/re-export any technical data, process, product, or service, directly or indirectly, to any country for which the United States government or any agency thereof or the foreign government from where it is shipping requires an export license, or other governmental approval, without first obtaining such license or approval. Recipient also agrees to implement measures to ensure that foreign national employees are authorized to receive any information controlled by U.S. export control laws. An export is "deemed" to take place when information is released to a foreign national wherever located.
build	Setup Android SDK	2026-07-29T00:42:17.5987733Z 
build	Setup Android SDK	2026-07-29T00:42:17.5994339Z 10.7 Special Terms for Pre-Release Materials. If so indicated in the description of the Evaluation Software, the Evaluation Software may contain Pre-Release Materials. Recipient hereby understands, acknowledges and agrees that: (i) Pre-Release Materials may not be fully tested and may contain bugs or errors; (ii) Pre-Release materials are not suitable for commercial release in their current state; (iii) regulatory approvals for Pre-Release Materials (such as UL or FCC) have not been obtained, and Pre-Release Materials may therefore not be certified for use in certain countries or environments or may not be suitable for certain applications and (iv) MIPS can provide no assurance that it will ever produce or make generally available a production version of the Pre-Release Materials . MIPS is not under any obligation to develop and/or release or offer for sale or license a final product based upon the Pre-Release Materials and may unilaterally elect to abandon the Pre-Release Materials or any such development platform at any time and without any obligation or liability whatsoever to Recipient or any other person.
build	Setup Android SDK	2026-07-29T00:42:17.6001330Z 
build	Setup Android SDK	2026-07-29T00:42:17.6002516Z ANY PRE-RELEASE MATERIALS ARE NON-QUALIFIED AND, AS SUCH, ARE PROVIDED “AS IS” AND “AS AVAILABLE”, POSSIBLY WITH FAULTS, AND WITHOUT REPRESENTATION OR WARRANTY OF ANY KIND.
build	Setup Android SDK	2026-07-29T00:42:17.6003744Z 
build	Setup Android SDK	2026-07-29T00:42:17.6007704Z 10.8 Open Source Software. In the event Open Source software is included with Evaluation Software, such Open Source software is licensed pursuant to the applicable Open Source software license agreement identified in the Open Source software comments in the applicable source code file(s) and/or file header as indicated in the Evaluation Software. Additional detail may be available (where applicable) in the accompanying on-line documentation. With respect to the Open Source software, nothing in this Agreement limits any rights under, or grants rights that supersede, the terms of any applicable Open Source software license agreement.
build	Setup Android SDK	2026-07-29T00:42:17.6011715Z ---------------------------------------
build	Setup Android SDK	2026-07-29T00:42:17.6012202Z Accept? (y/N): All SDK package licenses accepted
build	Setup Android SDK	2026-07-29T00:42:17.6012543Z 
build	Setup Android SDK	2026-07-29T00:42:17.6012898Z [command]/usr/local/lib/android/sdk/cmdline-tools/16.0/bin/sdkmanager tools
build	Setup Android SDK	2026-07-29T00:42:18.3056387Z Loading package information...                                                  
build	Setup Android SDK	2026-07-29T00:42:18.3920052Z Loading local repository...                                                     
build	Setup Android SDK	2026-07-29T00:42:18.3921916Z [                                       ] 3% Loading local repository...        
build	Setup Android SDK	2026-07-29T00:42:18.3960496Z [                                       ] 3% Fetch remote repository...         
build	Setup Android SDK	2026-07-29T00:42:18.7905108Z [=                                      ] 3% Fetch remote repository...         
build	Setup Android SDK	2026-07-29T00:42:18.8626006Z [=                                      ] 4% Fetch remote repository...         
build	Setup Android SDK	2026-07-29T00:42:18.8998579Z [=                                      ] 5% Fetch remote repository...         
build	Setup Android SDK	2026-07-29T00:42:18.9752172Z [==                                     ] 5% Fetch remote repository...         
build	Setup Android SDK	2026-07-29T00:42:19.0507562Z [==                                     ] 6% Fetch remote repository...         
build	Setup Android SDK	2026-07-29T00:42:19.1335366Z [==                                     ] 7% Fetch remote repository...         
build	Setup Android SDK	2026-07-29T00:42:19.1364601Z [==                                     ] 7% Computing updates...               
build	Setup Android SDK	2026-07-29T00:42:19.1472228Z [===                                    ] 8% Computing updates...               
build	Setup Android SDK	2026-07-29T00:42:19.1582042Z [===                                    ] 10% Computing updates...              
build	Setup Android SDK	2026-07-29T00:42:19.6010840Z [===                                    ] 10% Installing Android Emulator       
build	Setup Android SDK	2026-07-29T00:42:19.7883705Z [===                                    ] 10% Downloading emulator-linux_x64-155
build	Setup Android SDK	2026-07-29T00:42:20.2967182Z [====                                   ] 10% Downloading emulator-linux_x64-155
build	Setup Android SDK	2026-07-29T00:42:20.6359418Z [====                                   ] 11% Downloading emulator-linux_x64-155
build	Setup Android SDK	2026-07-29T00:42:20.8545439Z [====                                   ] 12% Downloading emulator-linux_x64-155
build	Setup Android SDK	2026-07-29T00:42:21.1133012Z [=====                                  ] 13% Downloading emulator-linux_x64-155
build	Setup Android SDK	2026-07-29T00:42:21.3242911Z [=====                                  ] 14% Downloading emulator-linux_x64-155
build	Setup Android SDK	2026-07-29T00:42:21.4510817Z [=====                                  ] 15% Downloading emulator-linux_x64-155
build	Setup Android SDK	2026-07-29T00:42:21.5583570Z [======                                 ] 15% Downloading emulator-linux_x64-155
build	Setup Android SDK	2026-07-29T00:42:21.7952290Z [======                                 ] 16% Downloading emulator-linux_x64-155
build	Setup Android SDK	2026-07-29T00:42:22.0462107Z [======                                 ] 17% Downloading emulator-linux_x64-155
build	Setup Android SDK	2026-07-29T00:42:22.3421590Z [=======                                ] 18% Downloading emulator-linux_x64-155
build	Setup Android SDK	2026-07-29T00:42:22.6425192Z [=======                                ] 19% Downloading emulator-linux_x64-155
build	Setup Android SDK	2026-07-29T00:42:22.7528690Z [=======                                ] 20% Downloading emulator-linux_x64-155
build	Setup Android SDK	2026-07-29T00:42:22.8680536Z [========                               ] 20% Downloading emulator-linux_x64-155
build	Setup Android SDK	2026-07-29T00:42:23.0201960Z [========                               ] 21% Downloading emulator-linux_x64-155
build	Setup Android SDK	2026-07-29T00:42:23.1044246Z [========                               ] 21% Unzipping...                      
build	Setup Android SDK	2026-07-29T00:42:23.1045430Z [========                               ] 21% Unzipping... emulator/            
build	Setup Android SDK	2026-07-29T00:42:23.1046625Z [========                               ] 21% Unzipping... emulator/resources/  
build	Setup Android SDK	2026-07-29T00:42:23.1401424Z [========                               ] 21% Unzipping... emulator/qsn         
build	Setup Android SDK	2026-07-29T00:42:23.1489830Z [========                               ] 21% Unzipping... emulator/emulator    
build	Setup Android SDK	2026-07-29T00:42:23.2347310Z [========                               ] 21% Unzipping... emulator/netsimd     
build	Setup Android SDK	2026-07-29T00:42:23.2894747Z [========                               ] 22% Unzipping... emulator/netsimd     
build	Setup Android SDK	2026-07-29T00:42:23.2896044Z [========                               ] 22% Unzipping... emulator/bin64/      
build	Setup Android SDK	2026-07-29T00:42:23.2896972Z [========                               ] 22% Unzipping... emulator/qemu/       
build	Setup Android SDK	2026-07-29T00:42:23.2924599Z [========                               ] 22% Unzipping... emulator/NOTICE.txt  
build	Setup Android SDK	2026-07-29T00:42:23.3098563Z [========                               ] 22% Unzipping... emulator/crashpad_han
build	Setup Android SDK	2026-07-29T00:42:23.3101119Z [========                               ] 22% Unzipping... emulator/source.prope
build	Setup Android SDK	2026-07-29T00:42:23.3584802Z [========                               ] 22% Unzipping... emulator/nimble_bridg
build	Setup Android SDK	2026-07-29T00:42:23.3585608Z [========                               ] 22% Unzipping... emulator/LICENSE     
build	Setup Android SDK	2026-07-29T00:42:23.3586356Z [========                               ] 22% Unzipping... emulator/lib/        
build	Setup Android SDK	2026-07-29T00:42:23.3668729Z [========                               ] 22% Unzipping... emulator/qemu-img    
build	Setup Android SDK	2026-07-29T00:42:23.3670079Z [========                               ] 22% Unzipping... emulator/include/    
build	Setup Android SDK	2026-07-29T00:42:23.3675181Z [========                               ] 22% Unzipping... emulator/NOTICE.csv  
build	Setup Android SDK	2026-07-29T00:42:23.3676905Z [========                               ] 22% Unzipping... emulator/lib64/      
build	Setup Android SDK	2026-07-29T00:42:23.3850035Z [========                               ] 22% Unzipping... emulator/emulator-che
build	Setup Android SDK	2026-07-29T00:42:23.4044389Z [========                               ] 22% Unzipping... emulator/crashreport 
build	Setup Android SDK	2026-07-29T00:42:23.4048919Z [========                               ] 22% Unzipping... emulator/mksdcard    
build	Setup Android SDK	2026-07-29T00:42:23.4229481Z [========                               ] 22% Unzipping... emulator/resources/To
build	Setup Android SDK	2026-07-29T00:42:23.4243163Z [========                               ] 22% Unzipping... emulator/resources/de
build	Setup Android SDK	2026-07-29T00:42:23.4377660Z [========                               ] 22% Unzipping... emulator/resources/To
build	Setup Android SDK	2026-07-29T00:42:23.4379430Z [========                               ] 22% Unzipping... emulator/resources/ma
build	Setup Android SDK	2026-07-29T00:42:23.4405184Z [========                               ] 22% Unzipping... emulator/resources/de
build	Setup Android SDK	2026-07-29T00:42:23.4408058Z [========                               ] 22% Unzipping... emulator/resources/sk
build	Setup Android SDK	2026-07-29T00:42:23.4440506Z [========                               ] 22% Unzipping... emulator/resources/de
build	Setup Android SDK	2026-07-29T00:42:23.4464809Z [========                               ] 22% Unzipping... emulator/resources/ma
build	Setup Android SDK	2026-07-29T00:42:23.4465542Z [========                               ] 22% Unzipping... emulator/resources/po
build	Setup Android SDK	2026-07-29T00:42:23.4542348Z [========                               ] 22% Unzipping... emulator/resources/ma
build	Setup Android SDK	2026-07-29T00:42:23.4704454Z [========                               ] 22% Unzipping... emulator/resources/sk
build	Setup Android SDK	2026-07-29T00:42:23.4735742Z [========                               ] 22% Unzipping... emulator/resources/ma
build	Setup Android SDK	2026-07-29T00:42:23.4761332Z [========                               ] 22% Unzipping... emulator/bin64/e2fsck
build	Setup Android SDK	2026-07-29T00:42:23.4804384Z [========                               ] 22% Unzipping... emulator/bin64/fsck.e
build	Setup Android SDK	2026-07-29T00:42:23.4821199Z [========                               ] 22% Unzipping... emulator/bin64/tune2f
build	Setup Android SDK	2026-07-29T00:42:23.4837672Z [========                               ] 22% Unzipping... emulator/bin64/resize
build	Setup Android SDK	2026-07-29T00:42:23.4864475Z [========                               ] 22% Unzipping... emulator/bin64/mkfs.e
build	Setup Android SDK	2026-07-29T00:42:23.5151499Z [========                               ] 22% Unzipping... emulator/qemu/linux-x
build	Setup Android SDK	2026-07-29T00:42:23.8733876Z [=========                              ] 23% Unzipping... emulator/qemu/linux-x
build	Setup Android SDK	2026-07-29T00:42:24.2103840Z [=========                              ] 24% Unzipping... emulator/qemu/linux-x
build	Setup Android SDK	2026-07-29T00:42:24.3705408Z [=========                              ] 25% Unzipping... emulator/qemu/linux-x
build	Setup Android SDK	2026-07-29T00:42:24.5335128Z [==========                             ] 25% Unzipping... emulator/qemu/linux-x
build	Setup Android SDK	2026-07-29T00:42:24.5337771Z [==========                             ] 25% Unzipping... emulator/lib/emulator
build	Setup Android SDK	2026-07-29T00:42:24.5341068Z [==========                             ] 25% Unzipping... emulator/lib/rtc_serv
build	Setup Android SDK	2026-07-29T00:42:24.5346338Z [==========                             ] 25% Unzipping... emulator/lib/advanced
build	Setup Android SDK	2026-07-29T00:42:24.5347212Z [==========                             ] 25% Unzipping... emulator/lib/cmake/  
build	Setup Android SDK	2026-07-29T00:42:24.5350143Z [==========                             ] 25% Unzipping... emulator/lib/emulator
build	Setup Android SDK	2026-07-29T00:42:24.5357306Z [==========                             ] 25% Unzipping... emulator/lib/control_
build	Setup Android SDK	2026-07-29T00:42:24.5357999Z [==========                             ] 25% Unzipping... emulator/lib/emulated
build	Setup Android SDK	2026-07-29T00:42:24.5359747Z [==========                             ] 25% Unzipping... emulator/lib/rtc_serv
build	Setup Android SDK	2026-07-29T00:42:24.5362934Z [==========                             ] 25% Unzipping... emulator/lib/emu-orig
build	Setup Android SDK	2026-07-29T00:42:24.5367983Z [==========                             ] 25% Unzipping... emulator/lib/hardware
build	Setup Android SDK	2026-07-29T00:42:24.5368702Z [==========                             ] 25% Unzipping... emulator/lib/pkgconfi
build	Setup Android SDK	2026-07-29T00:42:24.5369413Z [==========                             ] 25% Unzipping... emulator/lib/pc-bios/
build	Setup Android SDK	2026-07-29T00:42:24.5372558Z [==========                             ] 25% Unzipping... emulator/lib/snapshot
build	Setup Android SDK	2026-07-29T00:42:24.5376860Z [==========                             ] 25% Unzipping... emulator/lib/adb_serv
build	Setup Android SDK	2026-07-29T00:42:24.5391867Z [==========                             ] 25% Unzipping... emulator/lib/hostapd.
build	Setup Android SDK	2026-07-29T00:42:24.5392536Z [==========                             ] 25% Unzipping... emulator/lib/grpc_end
build	Setup Android SDK	2026-07-29T00:42:24.5403955Z [==========                             ] 25% Unzipping... emulator/lib/ca-bundl
build	Setup Android SDK	2026-07-29T00:42:24.5407494Z [==========                             ] 25% Unzipping... emulator/lib/ui_contr
build	Setup Android SDK	2026-07-29T00:42:24.5410554Z [==========                             ] 25% Unzipping... emulator/lib/snapshot
build	Setup Android SDK	2026-07-29T00:42:24.5414792Z [==========                             ] 25% Unzipping... emulator/lib/ice_conf
build	Setup Android SDK	2026-07-29T00:42:24.5637468Z [==========                             ] 25% Unzipping... emulator/lib/libflatb
build	Setup Android SDK	2026-07-29T00:42:24.5723509Z [==========                             ] 26% Unzipping... emulator/lib/libflatb
build	Setup Android SDK	2026-07-29T00:42:24.5730506Z [==========                             ] 26% Unzipping... emulator/lib/emulator
build	Setup Android SDK	2026-07-29T00:42:24.5733225Z [==========                             ] 26% Unzipping... emulator/lib/waterfal
build	Setup Android SDK	2026-07-29T00:42:24.5736841Z [==========                             ] 26% Unzipping... emulator/lib/emulated
build	Setup Android SDK	2026-07-29T00:42:24.5764766Z [==========                             ] 26% Unzipping... emulator/lib/cmake/fl
build	Setup Android SDK	2026-07-29T00:42:24.5765796Z [==========                             ] 26% Unzipping... emulator/lib/pkgconfi
build	Setup Android SDK	2026-07-29T00:42:24.5983528Z [==========                             ] 26% Unzipping... emulator/lib/pc-bios/
build	Setup Android SDK	2026-07-29T00:42:24.6078810Z [==========                             ] 26% Unzipping... emulator/include/flat
build	Setup Android SDK	2026-07-29T00:42:24.6175108Z [==========                             ] 26% Unzipping... emulator/lib64/libgli
build	Setup Android SDK	2026-07-29T00:42:24.6295631Z [==========                             ] 26% Unzipping... emulator/lib64/libpro
build	Setup Android SDK	2026-07-29T00:42:24.6296365Z [==========                             ] 26% Unzipping... emulator/lib64/qt/   
build	Setup Android SDK	2026-07-29T00:42:24.6689331Z [==========                             ] 26% Unzipping... emulator/lib64/liband
build	Setup Android SDK	2026-07-29T00:42:24.7381857Z [==========                             ] 26% Unzipping... emulator/lib64/libgfx
build	Setup Android SDK	2026-07-29T00:42:24.7382603Z [==========                             ] 26% Unzipping... emulator/lib64/gles_l
build	Setup Android SDK	2026-07-29T00:42:24.7391265Z [==========                             ] 26% Unzipping... emulator/lib64/liband
build	Setup Android SDK	2026-07-29T00:42:24.7392410Z [==========                             ] 26% Unzipping... emulator/lib64/vulkan
build	Setup Android SDK	2026-07-29T00:42:24.7398152Z [==========                             ] 26% Unzipping... emulator/lib64/gles_s
build	Setup Android SDK	2026-07-29T00:42:24.7398832Z [==========                             ] 26% Unzipping... emulator/lib64/libemu
build	Setup Android SDK	2026-07-29T00:42:24.7519299Z [==========                             ] 26% Unzipping... emulator/lib64/libpro
build	Setup Android SDK	2026-07-29T00:42:24.8891252Z [==========                             ] 26% Unzipping... emulator/lib64/liband
build	Setup Android SDK	2026-07-29T00:42:24.8910214Z [==========                             ] 26% Unzipping... emulator/lib64/libtcm
build	Setup Android SDK	2026-07-29T00:42:24.8913264Z [==========                             ] 26% Unzipping... emulator/lib64/libima
build	Setup Android SDK	2026-07-29T00:42:24.8980241Z [==========                             ] 26% Unzipping... emulator/lib64/libc++
build	Setup Android SDK	2026-07-29T00:42:24.9239165Z [==========                             ] 26% Unzipping... emulator/lib64/liband
build	Setup Android SDK	2026-07-29T00:42:24.9307029Z [==========                             ] 26% Unzipping... emulator/lib64/libabs
build	Setup Android SDK	2026-07-29T00:42:24.9309818Z [==========                             ] 26% Unzipping... emulator/lib64/gles_a
build	Setup Android SDK	2026-07-29T00:42:24.9412094Z [==========                             ] 26% Unzipping... emulator/lib64/libsha
build	Setup Android SDK	2026-07-29T00:42:24.9503530Z [==========                             ] 26% Unzipping... emulator/lib64/libc++
build	Setup Android SDK	2026-07-29T00:42:24.9504856Z [==========                             ] 26% Unzipping... emulator/lib64/qt/res
build	Setup Android SDK	2026-07-29T00:42:24.9505943Z [==========                             ] 26% Unzipping... emulator/lib64/qt/lib
build	Setup Android SDK	2026-07-29T00:42:24.9506891Z [==========                             ] 26% Unzipping... emulator/lib64/qt/tra
build	Setup Android SDK	2026-07-29T00:42:24.9509706Z [==========                             ] 26% Unzipping... emulator/lib64/qt/plu
build	Setup Android SDK	2026-07-29T00:42:24.9571929Z [==========                             ] 26% Unzipping... emulator/lib64/qt/res
build	Setup Android SDK	2026-07-29T00:42:25.0312761Z [==========                             ] 27% Unzipping... emulator/lib64/qt/res
build	Setup Android SDK	2026-07-29T00:42:25.1320055Z [==========                             ] 27% Unzipping... emulator/lib64/qt/lib
build	Setup Android SDK	2026-07-29T00:42:25.5107861Z [===========                            ] 28% Unzipping... emulator/lib64/qt/lib
build	Setup Android SDK	2026-07-29T00:42:25.9008711Z [===========                            ] 29% Unzipping... emulator/lib64/qt/lib
build	Setup Android SDK	2026-07-29T00:42:26.0751839Z [===========                            ] 30% Unzipping... emulator/lib64/qt/lib
build	Setup Android SDK	2026-07-29T00:42:26.2281435Z [============                           ] 30% Unzipping... emulator/lib64/qt/lib
build	Setup Android SDK	2026-07-29T00:42:26.2924826Z [============                           ] 30% Unzipping... emulator/lib64/qt/tra
build	Setup Android SDK	2026-07-29T00:42:26.3377568Z [============                           ] 31% Unzipping... emulator/lib64/qt/tra
build	Setup Android SDK	2026-07-29T00:42:26.3497977Z [============                           ] 31% Unzipping... emulator/lib64/qt/plu
build	Setup Android SDK	2026-07-29T00:42:26.4340961Z [============                           ] 31% Unzipping... emulator/lib64/gles_l
build	Setup Android SDK	2026-07-29T00:42:26.6620178Z [============                           ] 31% Unzipping... emulator/lib64/vulkan
build	Setup Android SDK	2026-07-29T00:42:26.9920434Z [============                           ] 32% Unzipping... emulator/lib64/vulkan
build	Setup Android SDK	2026-07-29T00:42:27.0615420Z [============                           ] 32% Unzipping... emulator/lib64/gles_s
build	Setup Android SDK	2026-07-29T00:42:27.1197070Z [============                           ] 32% Unzipping... emulator/lib64/gles_a
build	Setup Android SDK	2026-07-29T00:42:27.1811841Z [=============                          ] 33% Unzipping... emulator/lib64/gles_a
build	Setup Android SDK	2026-07-29T00:42:27.5577799Z [=====================                  ] 55% Unzipping... emulator/lib64/gles_a
build	Setup Android SDK	2026-07-29T00:42:27.6022577Z [=====================                  ] 55% Installing Android SDK Tools emula
build	Setup Android SDK	2026-07-29T00:42:27.6162771Z [=====================                  ] 55% Downloading sdk-tools-linux-433379
build	Setup Android SDK	2026-07-29T00:42:27.6637999Z [======================                 ] 55% Downloading sdk-tools-linux-433379
build	Setup Android SDK	2026-07-29T00:42:27.7809022Z [======================                 ] 56% Downloading sdk-tools-linux-433379
build	Setup Android SDK	2026-07-29T00:42:27.9158985Z [======================                 ] 57% Downloading sdk-tools-linux-433379
build	Setup Android SDK	2026-07-29T00:42:28.0171055Z [=======================                ] 58% Downloading sdk-tools-linux-433379
build	Setup Android SDK	2026-07-29T00:42:28.1286989Z [=======================                ] 59% Downloading sdk-tools-linux-433379
build	Setup Android SDK	2026-07-29T00:42:28.1726320Z [=======================                ] 60% Downloading sdk-tools-linux-433379
build	Setup Android SDK	2026-07-29T00:42:28.2179731Z [========================               ] 60% Downloading sdk-tools-linux-433379
build	Setup Android SDK	2026-07-29T00:42:28.3317933Z [========================               ] 61% Downloading sdk-tools-linux-433379
build	Setup Android SDK	2026-07-29T00:42:28.4445121Z [========================               ] 62% Downloading sdk-tools-linux-433379
build	Setup Android SDK	2026-07-29T00:42:28.5565320Z [=========================              ] 63% Downloading sdk-tools-linux-433379
build	Setup Android SDK	2026-07-29T00:42:28.6713878Z [=========================              ] 64% Downloading sdk-tools-linux-433379
build	Setup Android SDK	2026-07-29T00:42:28.7225980Z [=========================              ] 65% Downloading sdk-tools-linux-433379
build	Setup Android SDK	2026-07-29T00:42:28.8085962Z [==========================             ] 65% Downloading sdk-tools-linux-433379
build	Setup Android SDK	2026-07-29T00:42:28.8877791Z [==========================             ] 66% Downloading sdk-tools-linux-433379
build	Setup Android SDK	2026-07-29T00:42:28.9486473Z [==========================             ] 66% Unzipping... emulator/lib64/gles_a
build	Setup Android SDK	2026-07-29T00:42:28.9487530Z [==========================             ] 66% Unzipping... tools/               
build	Setup Android SDK	2026-07-29T00:42:28.9488636Z [==========================             ] 66% Unzipping... tools/proguard/      
build	Setup Android SDK	2026-07-29T00:42:28.9489597Z [==========================             ] 66% Unzipping... tools/proguard/licens
build	Setup Android SDK	2026-07-29T00:42:28.9490496Z [==========================             ] 66% Unzipping... tools/proguard/lib/  
build	Setup Android SDK	2026-07-29T00:42:28.9543037Z [==========================             ] 66% Unzipping... tools/proguard/lib/pr
build	Setup Android SDK	2026-07-29T00:42:28.9545408Z [==========================             ] 66% Unzipping... tools/proguard/lib/re
build	Setup Android SDK	2026-07-29T00:42:28.9559165Z [==========================             ] 66% Unzipping... tools/proguard/lib/pr
build	Setup Android SDK	2026-07-29T00:42:28.9561029Z [==========================             ] 66% Unzipping... tools/proguard/ant/  
build	Setup Android SDK	2026-07-29T00:42:28.9562492Z [==========================             ] 66% Unzipping... tools/proguard/ant/ta
build	Setup Android SDK	2026-07-29T00:42:28.9563542Z [==========================             ] 66% Unzipping... tools/proguard/docs/ 
build	Setup Android SDK	2026-07-29T00:42:28.9567527Z [==========================             ] 66% Unzipping... tools/proguard/docs/f
build	Setup Android SDK	2026-07-29T00:42:28.9578825Z [==========================             ] 66% Unzipping... tools/proguard/docs/s
build	Setup Android SDK	2026-07-29T00:42:28.9580996Z [==========================             ] 66% Unzipping... tools/proguard/docs/d
build	Setup Android SDK	2026-07-29T00:42:28.9584786Z [==========================             ] 66% Unzipping... tools/proguard/docs/s
build	Setup Android SDK	2026-07-29T00:42:28.9587697Z [==========================             ] 66% Unzipping... tools/proguard/docs/F
build	Setup Android SDK	2026-07-29T00:42:28.9592085Z [==========================             ] 66% Unzipping... tools/proguard/docs/s
build	Setup Android SDK	2026-07-29T00:42:28.9594877Z [==========================             ] 66% Unzipping... tools/proguard/docs/l
build	Setup Android SDK	2026-07-29T00:42:28.9599257Z [==========================             ] 66% Unzipping... tools/proguard/docs/s
build	Setup Android SDK	2026-07-29T00:42:28.9602643Z [==========================             ] 66% Unzipping... tools/proguard/docs/d
build	Setup Android SDK	2026-07-29T00:42:28.9609438Z [==========================             ] 66% Unzipping... tools/proguard/docs/s
build	Setup Android SDK	2026-07-29T00:42:28.9611882Z [==========================             ] 66% Unzipping... tools/proguard/docs/r
build	Setup Android SDK	2026-07-29T00:42:28.9614356Z [==========================             ] 66% Unzipping... tools/proguard/docs/d
build	Setup Android SDK	2026-07-29T00:42:28.9617272Z [==========================             ] 66% Unzipping... tools/proguard/docs/t
build	Setup Android SDK	2026-07-29T00:42:28.9619961Z [==========================             ] 66% Unzipping... tools/proguard/docs/f
build	Setup Android SDK	2026-07-29T00:42:28.9623258Z [==========================             ] 66% Unzipping... tools/proguard/docs/s
build	Setup Android SDK	2026-07-29T00:42:28.9626041Z [==========================             ] 66% Unzipping... tools/proguard/docs/t
build	Setup Android SDK	2026-07-29T00:42:28.9628577Z [==========================             ] 66% Unzipping... tools/proguard/docs/i
build	Setup Android SDK	2026-07-29T00:42:28.9632310Z [==========================             ] 66% Unzipping... tools/proguard/docs/s
build	Setup Android SDK	2026-07-29T00:42:28.9635535Z [==========================             ] 66% Unzipping... tools/proguard/docs/m
build	Setup Android SDK	2026-07-29T00:42:28.9637873Z [==========================             ] 66% Unzipping... tools/proguard/docs/s
build	Setup Android SDK	2026-07-29T00:42:28.9640355Z [==========================             ] 66% Unzipping... tools/proguard/docs/q
build	Setup Android SDK	2026-07-29T00:42:28.9643358Z [==========================             ] 66% Unzipping... tools/proguard/docs/G
build	Setup Android SDK	2026-07-29T00:42:28.9645894Z [==========================             ] 66% Unzipping... tools/proguard/docs/t
build	Setup Android SDK	2026-07-29T00:42:28.9658790Z [==========================             ] 66% Unzipping... tools/proguard/docs/s
build	Setup Android SDK	2026-07-29T00:42:28.9705646Z [==========================             ] 66% Unzipping... tools/proguard/docs/m
build	Setup Android SDK	2026-07-29T00:42:28.9708290Z [==========================             ] 66% Unzipping... tools/proguard/docs/s
build	Setup Android SDK	2026-07-29T00:42:28.9710563Z [==========================             ] 66% Unzipping... tools/proguard/docs/G
build	Setup Android SDK	2026-07-29T00:42:28.9712777Z [==========================             ] 66% Unzipping... tools/proguard/docs/c
build	Setup Android SDK	2026-07-29T00:42:28.9719284Z [==========================             ] 66% Unzipping... tools/proguard/docs/a
build	Setup Android SDK	2026-07-29T00:42:28.9736043Z [==========================             ] 66% Unzipping... tools/proguard/docs/s
build	Setup Android SDK	2026-07-29T00:42:28.9736907Z [==========================             ] 66% Unzipping... tools/proguard/docs/d
build	Setup Android SDK	2026-07-29T00:42:28.9836426Z [==========================             ] 66% Unzipping... tools/proguard/exampl
build	Setup Android SDK	2026-07-29T00:42:28.9837391Z [==========================             ] 66% Unzipping... tools/proguard/bin/  
build	Setup Android SDK	2026-07-29T00:42:28.9843251Z [==========================             ] 66% Unzipping... tools/proguard/bin/pr
build	Setup Android SDK	2026-07-29T00:42:28.9846137Z [==========================             ] 66% Unzipping... tools/proguard/bin/re
build	Setup Android SDK	2026-07-29T00:42:28.9848366Z [==========================             ] 66% Unzipping... tools/proguard/README
build	Setup Android SDK	2026-07-29T00:42:28.9856211Z [==========================             ] 66% Unzipping... tools/proguard/progua
build	Setup Android SDK	2026-07-29T00:42:28.9857355Z [==========================             ] 66% Unzipping... tools/lib/           
build	Setup Android SDK	2026-07-29T00:42:28.9904715Z [==========================             ] 66% Unzipping... tools/lib/bcpkix-jdk1
build	Setup Android SDK	2026-07-29T00:42:28.9914634Z [==========================             ] 66% Unzipping... tools/lib/org-eclipse
build	Setup Android SDK	2026-07-29T00:42:28.9928029Z [==========================             ] 66% Unzipping... tools/lib/manifest-me
build	Setup Android SDK	2026-07-29T00:42:28.9935270Z [==========================             ] 66% Unzipping... tools/lib/jcommander-
build	Setup Android SDK	2026-07-29T00:42:28.9952564Z [==========================             ] 66% Unzipping... tools/lib/gson-2.3.ja
build	Setup Android SDK	2026-07-29T00:42:28.9965220Z [==========================             ] 66% Unzipping... tools/lib/ddms-26.0.0
build	Setup Android SDK	2026-07-29T00:42:28.9966670Z [==========================             ] 66% Unzipping... tools/lib/asm-tree-5.
build	Setup Android SDK	2026-07-29T00:42:29.0024385Z [==========================             ] 66% Unzipping... tools/lib/uast-26.0.0
build	Setup Android SDK	2026-07-29T00:42:29.0036278Z [==========================             ] 66% Unzipping... tools/lib/dexlib2-2.2
build	Setup Android SDK	2026-07-29T00:42:29.0079277Z [==========================             ] 67% Unzipping... tools/lib/dexlib2-2.2
build	Setup Android SDK	2026-07-29T00:42:29.0081613Z [==========================             ] 67% Unzipping... tools/lib/android.el 
build	Setup Android SDK	2026-07-29T00:42:29.0087762Z [==========================             ] 67% Unzipping... tools/lib/apkanalyzer
build	Setup Android SDK	2026-07-29T00:42:29.0208286Z [==========================             ] 67% Unzipping... tools/lib/guava-22.0.
build	Setup Android SDK	2026-07-29T00:42:29.0238779Z [==========================             ] 67% Unzipping... tools/lib/lint-api-26
build	Setup Android SDK	2026-07-29T00:42:29.0246506Z [==========================             ] 67% Unzipping... tools/lib/baksmali-2.
build	Setup Android SDK	2026-07-29T00:42:29.0250006Z [==========================             ] 67% Unzipping... tools/lib/shared.jar 
build	Setup Android SDK	2026-07-29T00:42:29.0253969Z [==========================             ] 67% Unzipping... tools/lib/jsr305-1.3.
build	Setup Android SDK	2026-07-29T00:42:29.0277476Z [==========================             ] 67% Unzipping... tools/lib/httpclient-
build	Setup Android SDK	2026-07-29T00:42:29.0397039Z [==========================             ] 67% Unzipping... tools/lib/ecj-4.6.1.j
build	Setup Android SDK	2026-07-29T00:42:29.0397877Z [==========================             ] 67% Unzipping... tools/lib/jobb-26.0.0
build	Setup Android SDK	2026-07-29T00:42:29.0404616Z [==========================             ] 67% Unzipping... tools/lib/jcommon-1.0
build	Setup Android SDK	2026-07-29T00:42:29.0409130Z [==========================             ] 67% Unzipping... tools/lib/kxml2-2.3.0
build	Setup Android SDK	2026-07-29T00:42:29.0469862Z [==========================             ] 67% Unzipping... tools/lib/jfreechart-
build	Setup Android SDK	2026-07-29T00:42:29.0483274Z [==========================             ] 67% Unzipping... tools/lib/common-26.0
build	Setup Android SDK	2026-07-29T00:42:29.0535294Z [==========================             ] 67% Unzipping... tools/lib/lint-checks
build	Setup Android SDK	2026-07-29T00:42:29.0641810Z [==========================             ] 67% Unzipping... tools/lib/kotlin-refl
build	Setup Android SDK	2026-07-29T00:42:29.0645958Z [==========================             ] 67% Unzipping... tools/lib/builder-mod
build	Setup Android SDK	2026-07-29T00:42:29.0679480Z [==========================             ] 67% Unzipping... tools/lib/sdklib-26.0
build	Setup Android SDK	2026-07-29T00:42:29.0686773Z [==========================             ] 67% Unzipping... tools/lib/layoutlib-a
build	Setup Android SDK	2026-07-29T00:42:29.0690176Z [==========================             ] 67% Unzipping... tools/lib/annotations
build	Setup Android SDK	2026-07-29T00:42:29.0697899Z [==========================             ] 67% Unzipping... tools/lib/fat32lib.ja
build	Setup Android SDK	2026-07-29T00:42:29.0701003Z [==========================             ] 67% Unzipping... tools/lib/jsr305-3.0.
build	Setup Android SDK	2026-07-29T00:42:29.0750285Z [==========================             ] 67% Unzipping... tools/lib/org-eclipse
build	Setup Android SDK	2026-07-29T00:42:29.0753201Z [==========================             ] 67% Unzipping... tools/lib/error_prone
build	Setup Android SDK	2026-07-29T00:42:29.0763870Z [==========================             ] 67% Unzipping... tools/lib/org-eclipse
build	Setup Android SDK	2026-07-29T00:42:29.0766801Z [==========================             ] 67% Unzipping... tools/lib/animal-snif
build	Setup Android SDK	2026-07-29T00:42:29.0805649Z [==========================             ] 67% Unzipping... tools/lib/asset-studi
build	Setup Android SDK	2026-07-29T00:42:29.0832288Z [===========================            ] 68% Unzipping... tools/lib/asset-studi
build	Setup Android SDK	2026-07-29T00:42:29.0844674Z [===========================            ] 68% Unzipping... tools/lib/repository-
build	Setup Android SDK	2026-07-29T00:42:29.0849033Z [===========================            ] 68% Unzipping... tools/lib/dvlib-26.0.
build	Setup Android SDK	2026-07-29T00:42:29.0893747Z [===========================            ] 68% Unzipping... tools/lib/jsilver-1.0
build	Setup Android SDK	2026-07-29T00:42:29.0900464Z [===========================            ] 68% Unzipping... tools/lib/asm-5.1.jar
build	Setup Android SDK	2026-07-29T00:42:29.0903801Z [===========================            ] 68% Unzipping... tools/lib/devices.xml
build	Setup Android SDK	2026-07-29T00:42:29.0907757Z [===========================            ] 68% Unzipping... tools/lib/asm-analysi
build	Setup Android SDK	2026-07-29T00:42:29.0936010Z [===========================            ] 68% Unzipping... tools/lib/hierarchyvi
build	Setup Android SDK	2026-07-29T00:42:29.0943528Z [===========================            ] 68% Unzipping... tools/lib/monkeyrunne
build	Setup Android SDK	2026-07-29T00:42:29.0949737Z [===========================            ] 68% Unzipping... tools/lib/uiautomator
build	Setup Android SDK	2026-07-29T00:42:29.0951866Z [===========================            ] 68% Unzipping... tools/lib/archquery-2
build	Setup Android SDK	2026-07-29T00:42:29.0974748Z [===========================            ] 68% Unzipping... tools/lib/chimpchat-2
build	Setup Android SDK	2026-07-29T00:42:29.0975432Z [===========================            ] 68% Unzipping... tools/lib/explainer.j
build	Setup Android SDK	2026-07-29T00:42:29.0978809Z [===========================            ] 68% Unzipping... tools/lib/ddmlib-26.0
build	Setup Android SDK	2026-07-29T00:42:29.1005309Z [===========================            ] 68% Unzipping... tools/lib/swtmenubar-
build	Setup Android SDK	2026-07-29T00:42:29.1054741Z [===========================            ] 68% Unzipping... tools/lib/osgi-4.0.0.
build	Setup Android SDK	2026-07-29T00:42:29.1056570Z [===========================            ] 68% Unzipping... tools/lib/x86_64/    
build	Setup Android SDK	2026-07-29T00:42:29.1127835Z [===========================            ] 68% Unzipping... tools/lib/x86_64/swt.
build	Setup Android SDK	2026-07-29T00:42:29.1552316Z [===========================            ] 68% Unzipping... tools/lib/monitor-x86
build	Setup Android SDK	2026-07-29T00:42:29.2305216Z [===========================            ] 69% Unzipping... tools/lib/monitor-x86
build	Setup Android SDK	2026-07-29T00:42:29.2824299Z [===========================            ] 70% Unzipping... tools/lib/monitor-x86
build	Setup Android SDK	2026-07-29T00:42:29.3202548Z [============================           ] 70% Unzipping... tools/lib/monitor-x86
build	Setup Android SDK	2026-07-29T00:42:29.4812206Z [============================           ] 71% Unzipping... tools/lib/monitor-x86
build	Setup Android SDK	2026-07-29T00:42:29.4814717Z [============================           ] 71% Unzipping... tools/lib/httpmime-4.
build	Setup Android SDK	2026-07-29T00:42:29.4817361Z [============================           ] 71% Unzipping... tools/lib/annotations
build	Setup Android SDK	2026-07-29T00:42:29.4833058Z [============================           ] 71% Unzipping... tools/lib/lint-26.0.0
build	Setup Android SDK	2026-07-29T00:42:29.4839486Z [============================           ] 71% Unzipping... tools/lib/apkanalyzer
build	Setup Android SDK	2026-07-29T00:42:29.4845522Z [============================           ] 71% Unzipping... tools/lib/binary-reso
build	Setup Android SDK	2026-07-29T00:42:29.4850561Z [============================           ] 71% Unzipping... tools/lib/jopt-simple
build	Setup Android SDK	2026-07-29T00:42:29.4856355Z [============================           ] 71% Unzipping... tools/lib/util-2.2.1.
build	Setup Android SDK	2026-07-29T00:42:29.4872673Z [============================           ] 71% Unzipping... tools/lib/ddmuilib-26
build	Setup Android SDK	2026-07-29T00:42:29.4886889Z [============================           ] 72% Unzipping... tools/lib/ddmuilib-26
build	Setup Android SDK	2026-07-29T00:42:29.4930649Z [============================           ] 72% Unzipping... tools/lib/sdk-common-
build	Setup Android SDK	2026-07-29T00:42:29.4939482Z [============================           ] 72% Unzipping... tools/lib/traceview-2
build	Setup Android SDK	2026-07-29T00:42:29.4952154Z [============================           ] 72% Unzipping... tools/lib/httpcore-4.
build	Setup Android SDK	2026-07-29T00:42:29.4954989Z [============================           ] 72% Unzipping... tools/lib/screenshot2
build	Setup Android SDK	2026-07-29T00:42:29.4967083Z [============================           ] 72% Unzipping... tools/lib/commons-cod
build	Setup Android SDK	2026-07-29T00:42:29.4969054Z [============================           ] 72% Unzipping... tools/lib/proguard-pr
build	Setup Android SDK	2026-07-29T00:42:29.5497183Z [============================           ] 72% Unzipping... tools/lib/jython-stan
build	Setup Android SDK	2026-07-29T00:42:29.5546380Z [=============================          ] 73% Unzipping... tools/lib/jython-stan
build	Setup Android SDK	2026-07-29T00:42:29.5548777Z [=============================          ] 73% Unzipping... tools/lib/annotations
build	Setup Android SDK	2026-07-29T00:42:29.5553830Z [=============================          ] 73% Unzipping... tools/lib/commons-log
build	Setup Android SDK	2026-07-29T00:42:29.5614547Z [=============================          ] 73% Unzipping... tools/lib/protobuf-ja
build	Setup Android SDK	2026-07-29T00:42:29.5619373Z [=============================          ] 73% Unzipping... tools/lib/fakeadbserv
build	Setup Android SDK	2026-07-29T00:42:29.5760550Z [=============================          ] 73% Unzipping... tools/lib/bcprov-jdk1
build	Setup Android SDK	2026-07-29T00:42:29.5761407Z [=============================          ] 73% Unzipping... tools/lib/x86/       
build	Setup Android SDK	2026-07-29T00:42:29.5826268Z [=============================          ] 73% Unzipping... tools/lib/x86/swt.jar
build	Setup Android SDK	2026-07-29T00:42:29.5869008Z [=============================          ] 73% Unzipping... tools/lib/kotlin-stdl
build	Setup Android SDK	2026-07-29T00:42:29.5890775Z [=============================          ] 73% Unzipping... tools/lib/commons-com
build	Setup Android SDK	2026-07-29T00:42:29.5924774Z [=============================          ] 73% Unzipping... tools/lib/lombok-ast-
build	Setup Android SDK	2026-07-29T00:42:29.5952763Z [=============================          ] 73% Unzipping... tools/lib/trove4j-201
build	Setup Android SDK	2026-07-29T00:42:29.6174706Z [=============================          ] 73% Unzipping... tools/lib/intellij-co
build	Setup Android SDK	2026-07-29T00:42:29.6313847Z [=============================          ] 74% Unzipping... tools/lib/intellij-co
build	Setup Android SDK	2026-07-29T00:42:29.6325653Z [=============================          ] 74% Unzipping... tools/lib/jimfs-1.1.j
build	Setup Android SDK	2026-07-29T00:42:29.6327754Z [=============================          ] 74% Unzipping... tools/lib/j2objc-anno
build	Setup Android SDK	2026-07-29T00:42:29.6333593Z [=============================          ] 74% Unzipping... tools/lib/jfreechart-
build	Setup Android SDK	2026-07-29T00:42:29.6758044Z [=============================          ] 74% Unzipping... tools/lib/monitor-x86
build	Setup Android SDK	2026-07-29T00:42:29.7128389Z [=============================          ] 75% Unzipping... tools/lib/monitor-x86
build	Setup Android SDK	2026-07-29T00:42:29.7470006Z [==============================         ] 75% Unzipping... tools/lib/monitor-x86
build	Setup Android SDK	2026-07-29T00:42:29.8288865Z [==============================         ] 76% Unzipping... tools/lib/monitor-x86
build	Setup Android SDK	2026-07-29T00:42:29.9645873Z [==============================         ] 77% Unzipping... tools/lib/monitor-x86
build	Setup Android SDK	2026-07-29T00:42:29.9650982Z [==============================         ] 77% Unzipping... tools/lib/generator.j
build	Setup Android SDK	2026-07-29T00:42:29.9653488Z [==============================         ] 77% Unzipping... tools/source.properti
build	Setup Android SDK	2026-07-29T00:42:29.9654536Z [==============================         ] 77% Unzipping... tools/bin/           
build	Setup Android SDK	2026-07-29T00:42:29.9656507Z [==============================         ] 77% Unzipping... tools/bin/avdmanager 
build	Setup Android SDK	2026-07-29T00:42:29.9659364Z [==============================         ] 77% Unzipping... tools/bin/jobb       
build	Setup Android SDK	2026-07-29T00:42:29.9661644Z [==============================         ] 77% Unzipping... tools/bin/uiautomator
build	Setup Android SDK	2026-07-29T00:42:29.9664329Z [==============================         ] 77% Unzipping... tools/bin/apkanalyzer
build	Setup Android SDK	2026-07-29T00:42:29.9666726Z [==============================         ] 77% Unzipping... tools/bin/monkeyrunne
build	Setup Android SDK	2026-07-29T00:42:29.9669234Z [==============================         ] 77% Unzipping... tools/bin/archquery  
build	Setup Android SDK	2026-07-29T00:42:29.9671760Z [==============================         ] 77% Unzipping... tools/bin/sdkmanager 
build	Setup Android SDK	2026-07-29T00:42:29.9674460Z [==============================         ] 77% Unzipping... tools/bin/lint       
build	Setup Android SDK	2026-07-29T00:42:29.9677086Z [==============================         ] 77% Unzipping... tools/bin/screenshot2
build	Setup Android SDK	2026-07-29T00:42:29.9700875Z [==============================         ] 77% Unzipping... tools/NOTICE.txt     
build	Setup Android SDK	2026-07-29T00:42:29.9737131Z [==============================         ] 77% Unzipping... tools/emulator       
build	Setup Android SDK	2026-07-29T00:42:29.9761143Z [==============================         ] 77% Unzipping... tools/emulator-check 
build	Setup Android SDK	2026-07-29T00:42:29.9763519Z [==============================         ] 77% Unzipping... tools/monitor        
build	Setup Android SDK	2026-07-29T00:42:29.9766484Z [==============================         ] 77% Unzipping... tools/android        
build	Setup Android SDK	2026-07-29T00:42:29.9769758Z [==============================         ] 77% Unzipping... tools/mksdcard       
build	Setup Android SDK	2026-07-29T00:42:29.9770555Z [==============================         ] 77% Unzipping... tools/support/       
build	Setup Android SDK	2026-07-29T00:42:29.9775802Z [==============================         ] 77% Unzipping... tools/support/typos-d
build	Setup Android SDK	2026-07-29T00:42:29.9779548Z [==============================         ] 77% Unzipping... tools/support/typos-e
build	Setup Android SDK	2026-07-29T00:42:29.9782315Z [==============================         ] 77% Unzipping... tools/support/annotat
build	Setup Android SDK	2026-07-29T00:42:29.9789450Z [==============================         ] 77% Unzipping... tools/support/typos-e
build	Setup Android SDK	2026-07-29T00:42:29.9792920Z [==============================         ] 77% Unzipping... tools/support/typos-t
build	Setup Android SDK	2026-07-29T00:42:29.9797766Z [==============================         ] 77% Unzipping... tools/support/typos-p
build	Setup Android SDK	2026-07-29T00:42:29.9801285Z [==============================         ] 77% Unzipping... tools/support/typos-i
build	Setup Android SDK	2026-07-29T00:42:29.9804474Z [==============================         ] 77% Unzipping... tools/support/typos-n
build	Setup Android SDK	2026-07-29T00:42:29.9807714Z [==============================         ] 77% Unzipping... tools/support/typos-h
build	Setup Android SDK	2026-07-29T00:42:30.0082296Z [==============================         ] 78% Unzipping... tools/support/typos-h
build	Setup Android SDK	2026-07-29T00:42:30.0083171Z [=======================================] 100% Unzipping... tools/support/typos-
build	Setup Android SDK	2026-07-29T00:42:30.0134453Z 
build	Setup Android SDK	2026-07-29T00:42:30.0341316Z [command]/usr/local/lib/android/sdk/cmdline-tools/16.0/bin/sdkmanager platform-tools
build	Setup Android SDK	2026-07-29T00:42:30.7797019Z Loading package information...                                                  
build	Setup Android SDK	2026-07-29T00:42:30.8617533Z Loading local repository...                                                     
build	Setup Android SDK	2026-07-29T00:42:30.8619845Z [                                       ] 3% Loading local repository...        
build	Setup Android SDK	2026-07-29T00:42:30.8651914Z [                                       ] 3% Fetch remote repository...         
build	Setup Android SDK	2026-07-29T00:42:31.2754612Z [=                                      ] 3% Fetch remote repository...         
build	Setup Android SDK	2026-07-29T00:42:31.3557096Z [=                                      ] 4% Fetch remote repository...         
build	Setup Android SDK	2026-07-29T00:42:31.3948101Z [=                                      ] 5% Fetch remote repository...         
build	Setup Android SDK	2026-07-29T00:42:31.4805038Z [==                                     ] 5% Fetch remote repository...         
build	Setup Android SDK	2026-07-29T00:42:31.5527974Z [==                                     ] 6% Fetch remote repository...         
build	Setup Android SDK	2026-07-29T00:42:31.6424799Z [==                                     ] 7% Fetch remote repository...         
build	Setup Android SDK	2026-07-29T00:42:31.6444663Z [==                                     ] 7% Computing updates...               
build	Setup Android SDK	2026-07-29T00:42:31.6557404Z [===                                    ] 8% Computing updates...               
build	Setup Android SDK	2026-07-29T00:42:31.6609332Z [===                                    ] 10% Computing updates...              
build	Setup Android SDK	2026-07-29T00:42:31.6610011Z [=======================================] 100% Computing updates...             
build	Setup Android SDK	2026-07-29T00:42:31.6610454Z 
build	Install Android SDK Components	﻿2026-07-29T00:42:31.6876167Z ##[group]Run yes | sdkmanager --licenses
build	Install Android SDK Components	2026-07-29T00:42:31.6876538Z [36;1myes | sdkmanager --licenses[0m
build	Install Android SDK Components	2026-07-29T00:42:31.6876793Z [36;1m[0m
build	Install Android SDK Components	2026-07-29T00:42:31.6876979Z [36;1msdkmanager \[0m
build	Install Android SDK Components	2026-07-29T00:42:31.6877208Z [36;1m  "platform-tools" \[0m
build	Install Android SDK Components	2026-07-29T00:42:31.6877471Z [36;1m  "platforms;android-35" \[0m
build	Install Android SDK Components	2026-07-29T00:42:31.6877735Z [36;1m  "build-tools;35.0.0" \[0m
build	Install Android SDK Components	2026-07-29T00:42:31.6877985Z [36;1m  "cmake;3.31.6" \[0m
build	Install Android SDK Components	2026-07-29T00:42:31.6878214Z [36;1m  "ndk;29.0.14206865"[0m
build	Install Android SDK Components	2026-07-29T00:42:31.6922988Z shell: /usr/bin/bash -e {0}
build	Install Android SDK Components	2026-07-29T00:42:31.6923239Z env:
build	Install Android SDK Components	2026-07-29T00:42:31.6923548Z   JAVA_HOME: /opt/hostedtoolcache/Java_Temurin-Hotspot_jdk/21.0.11-10/x64
build	Install Android SDK Components	2026-07-29T00:42:31.6924321Z   JAVA_HOME_21_X64: /opt/hostedtoolcache/Java_Temurin-Hotspot_jdk/21.0.11-10/x64
build	Install Android SDK Components	2026-07-29T00:42:31.6924751Z   ANDROID_HOME: /usr/local/lib/android/sdk
build	Install Android SDK Components	2026-07-29T00:42:31.6925054Z   ANDROID_SDK_ROOT: /usr/local/lib/android/sdk
build	Install Android SDK Components	2026-07-29T00:42:31.6925338Z ##[endgroup]
build	Install Android SDK Components	2026-07-29T00:42:32.5611350Z Loading local repository...                                                     
build	Install Android SDK Components	2026-07-29T00:42:32.5612592Z [=========                              ] 25% Loading local repository...       
build	Install Android SDK Components	2026-07-29T00:42:32.5658752Z [=========                              ] 25% Fetch remote repository...        
build	Install Android SDK Components	2026-07-29T00:42:32.8199476Z [==========                             ] 26% Fetch remote repository...        
build	Install Android SDK Components	2026-07-29T00:42:32.8226991Z [============                           ] 31% Fetch remote repository...        
build	Install Android SDK Components	2026-07-29T00:42:32.8891571Z [============                           ] 32% Fetch remote repository...        
build	Install Android SDK Components	2026-07-29T00:42:32.8892774Z [=============                          ] 33% Fetch remote repository...        
build	Install Android SDK Components	2026-07-29T00:42:32.9865402Z [=============                          ] 35% Fetch remote repository...        
build	Install Android SDK Components	2026-07-29T00:42:32.9866604Z [==============                         ] 36% Fetch remote repository...        
build	Install Android SDK Components	2026-07-29T00:42:33.0081809Z [==============                         ] 37% Fetch remote repository...        
build	Install Android SDK Components	2026-07-29T00:42:33.0082967Z [===============                        ] 38% Fetch remote repository...        
build	Install Android SDK Components	2026-07-29T00:42:33.0287906Z [===============                        ] 39% Fetch remote repository...        
build	Install Android SDK Components	2026-07-29T00:42:33.0289099Z [================                       ] 40% Fetch remote repository...        
build	Install Android SDK Components	2026-07-29T00:42:33.0481186Z [================                       ] 41% Fetch remote repository...        
build	Install Android SDK Components	2026-07-29T00:42:33.0487640Z [================                       ] 42% Fetch remote repository...        
build	Install Android SDK Components	2026-07-29T00:42:33.0630861Z [=================                      ] 44% Fetch remote repository...        
build	Install Android SDK Components	2026-07-29T00:42:33.0636175Z [=================                      ] 45% Fetch remote repository...        
build	Install Android SDK Components	2026-07-29T00:42:33.0790057Z [==================                     ] 46% Fetch remote repository...        
build	Install Android SDK Components	2026-07-29T00:42:33.0791281Z [==================                     ] 47% Fetch remote repository...        
build	Install Android SDK Components	2026-07-29T00:42:33.0983397Z [===================                    ] 48% Fetch remote repository...        
build	Install Android SDK Components	2026-07-29T00:42:33.0987491Z [===================                    ] 49% Fetch remote repository...        
build	Install Android SDK Components	2026-07-29T00:42:33.1176280Z [====================                   ] 50% Fetch remote repository...        
build	Install Android SDK Components	2026-07-29T00:42:33.1177466Z [====================                   ] 51% Fetch remote repository...        
build	Install Android SDK Components	2026-07-29T00:42:33.1341847Z [====================                   ] 53% Fetch remote repository...        
build	Install Android SDK Components	2026-07-29T00:42:33.1343006Z [=====================                  ] 54% Fetch remote repository...        
build	Install Android SDK Components	2026-07-29T00:42:33.1522553Z [=====================                  ] 55% Fetch remote repository...        
build	Install Android SDK Components	2026-07-29T00:42:33.1524115Z [======================                 ] 56% Fetch remote repository...        
build	Install Android SDK Components	2026-07-29T00:42:33.1681873Z [======================                 ] 57% Fetch remote repository...        
build	Install Android SDK Components	2026-07-29T00:42:33.1683665Z [=======================                ] 58% Fetch remote repository...        
build	Install Android SDK Components	2026-07-29T00:42:33.2030676Z [=======================                ] 59% Fetch remote repository...        
build	Install Android SDK Components	2026-07-29T00:42:33.2033242Z [========================               ] 60% Fetch remote repository...        
build	Install Android SDK Components	2026-07-29T00:42:33.2365182Z [========================               ] 61% Fetch remote repository...        
build	Install Android SDK Components	2026-07-29T00:42:33.2366666Z [=========================              ] 63% Fetch remote repository...        
build	Install Android SDK Components	2026-07-29T00:42:33.2496458Z [=========================              ] 64% Fetch remote repository...        
build	Install Android SDK Components	2026-07-29T00:42:33.2514765Z [=========================              ] 65% Fetch remote repository...        
build	Install Android SDK Components	2026-07-29T00:42:33.2796457Z [==========================             ] 66% Fetch remote repository...        
build	Install Android SDK Components	2026-07-29T00:42:33.2799797Z [==========================             ] 67% Fetch remote repository...        
build	Install Android SDK Components	2026-07-29T00:42:33.2974858Z [===========================            ] 68% Fetch remote repository...        
build	Install Android SDK Components	2026-07-29T00:42:33.2976159Z [===========================            ] 69% Fetch remote repository...        
build	Install Android SDK Components	2026-07-29T00:42:33.3124267Z [============================           ] 70% Fetch remote repository...        
build	Install Android SDK Components	2026-07-29T00:42:33.3126584Z [============================           ] 72% Fetch remote repository...        
build	Install Android SDK Components	2026-07-29T00:42:33.3258643Z [=============================          ] 73% Fetch remote repository...        
build	Install Android SDK Components	2026-07-29T00:42:33.3263441Z [=============================          ] 74% Fetch remote repository...        
build	Install Android SDK Components	2026-07-29T00:42:33.3353141Z [=============================          ] 75% Fetch remote repository...        
build	Install Android SDK Components	2026-07-29T00:42:33.3477513Z [=============================          ] 75% Computing updates...              
build	Install Android SDK Components	2026-07-29T00:42:33.3500072Z [=======================================] 100% Computing updates...             
build	Install Android SDK Components	2026-07-29T00:42:33.3867878Z All SDK package licenses accepted.
build	Install Android SDK Components	2026-07-29T00:42:33.3872389Z 
build	Install Android SDK Components	2026-07-29T00:42:33.4069647Z yes: standard output: Broken pipe
build	Install Android SDK Components	2026-07-29T00:42:34.1969910Z Loading package information...                                                  
build	Install Android SDK Components	2026-07-29T00:42:34.2815005Z Loading local repository...                                                     
build	Install Android SDK Components	2026-07-29T00:42:34.2844802Z [                                       ] 3% Loading local repository...        
build	Install Android SDK Components	2026-07-29T00:42:34.2874757Z [                                       ] 3% Fetch remote repository...         
build	Install Android SDK Components	2026-07-29T00:42:34.6647652Z [=                                      ] 3% Fetch remote repository...         
build	Install Android SDK Components	2026-07-29T00:42:34.7485978Z [=                                      ] 4% Fetch remote repository...         
build	Install Android SDK Components	2026-07-29T00:42:34.7873685Z [=                                      ] 5% Fetch remote repository...         
build	Install Android SDK Components	2026-07-29T00:42:34.8582308Z [==                                     ] 5% Fetch remote repository...         
build	Install Android SDK Components	2026-07-29T00:42:34.9262120Z [==                                     ] 6% Fetch remote repository...         
build	Install Android SDK Components	2026-07-29T00:42:35.0275346Z [==                                     ] 7% Fetch remote repository...         
build	Install Android SDK Components	2026-07-29T00:42:35.0301407Z [==                                     ] 7% Computing updates...               
build	Install Android SDK Components	2026-07-29T00:42:35.0414739Z [===                                    ] 8% Computing updates...               
build	Install Android SDK Components	2026-07-29T00:42:35.0530797Z [===                                    ] 10% Computing updates...              
build	Install Android SDK Components	2026-07-29T00:42:35.4702333Z [===                                    ] 10% Installing CMake 3.31.6           
build	Install Android SDK Components	2026-07-29T00:42:35.5135907Z [===                                    ] 10% Downloading cmake-3.31.6-linux.zip
build	Install Android SDK Components	2026-07-29T00:42:35.5543836Z [====                                   ] 10% Downloading cmake-3.31.6-linux.zip
build	Install Android SDK Components	2026-07-29T00:42:35.5973546Z [====                                   ] 11% Downloading cmake-3.31.6-linux.zip
build	Install Android SDK Components	2026-07-29T00:42:35.6342534Z [====                                   ] 12% Downloading cmake-3.31.6-linux.zip
build	Install Android SDK Components	2026-07-29T00:42:35.6607866Z [=====                                  ] 13% Downloading cmake-3.31.6-linux.zip
build	Install Android SDK Components	2026-07-29T00:42:35.6859487Z [=====                                  ] 14% Downloading cmake-3.31.6-linux.zip
build	Install Android SDK Components	2026-07-29T00:42:35.7052147Z [=====                                  ] 15% Downloading cmake-3.31.6-linux.zip
build	Install Android SDK Components	2026-07-29T00:42:35.7186273Z [======                                 ] 15% Downloading cmake-3.31.6-linux.zip
build	Install Android SDK Components	2026-07-29T00:42:35.7437513Z [======                                 ] 16% Downloading cmake-3.31.6-linux.zip
build	Install Android SDK Components	2026-07-29T00:42:35.7751233Z [======                                 ] 17% Downloading cmake-3.31.6-linux.zip
build	Install Android SDK Components	2026-07-29T00:42:35.7993989Z [=======                                ] 18% Downloading cmake-3.31.6-linux.zip
build	Install Android SDK Components	2026-07-29T00:42:35.8292119Z [=======                                ] 19% Downloading cmake-3.31.6-linux.zip
build	Install Android SDK Components	2026-07-29T00:42:35.8407578Z [=======                                ] 20% Downloading cmake-3.31.6-linux.zip
build	Install Android SDK Components	2026-07-29T00:42:35.8515422Z [========                               ] 20% Downloading cmake-3.31.6-linux.zip
build	Install Android SDK Components	2026-07-29T00:42:35.8806539Z [========                               ] 21% Downloading cmake-3.31.6-linux.zip
build	Install Android SDK Components	2026-07-29T00:42:35.9039271Z [========                               ] 22% Downloading cmake-3.31.6-linux.zip
build	Install Android SDK Components	2026-07-29T00:42:35.9270990Z [=========                              ] 23% Downloading cmake-3.31.6-linux.zip
build	Install Android SDK Components	2026-07-29T00:42:35.9554727Z [=========                              ] 24% Downloading cmake-3.31.6-linux.zip
build	Install Android SDK Components	2026-07-29T00:42:35.9670650Z [=========                              ] 25% Downloading cmake-3.31.6-linux.zip
build	Install Android SDK Components	2026-07-29T00:42:35.9786523Z [==========                             ] 25% Downloading cmake-3.31.6-linux.zip
build	Install Android SDK Components	2026-07-29T00:42:36.0077836Z [==========                             ] 26% Downloading cmake-3.31.6-linux.zip
build	Install Android SDK Components	2026-07-29T00:42:36.0310095Z [==========                             ] 27% Downloading cmake-3.31.6-linux.zip
build	Install Android SDK Components	2026-07-29T00:42:36.0593466Z [===========                            ] 28% Downloading cmake-3.31.6-linux.zip
build	Install Android SDK Components	2026-07-29T00:42:36.0828722Z [===========                            ] 29% Downloading cmake-3.31.6-linux.zip
build	Install Android SDK Components	2026-07-29T00:42:36.0942470Z [===========                            ] 30% Downloading cmake-3.31.6-linux.zip
build	Install Android SDK Components	2026-07-29T00:42:36.1116323Z [============                           ] 30% Downloading cmake-3.31.6-linux.zip
build	Install Android SDK Components	2026-07-29T00:42:36.1349377Z [============                           ] 31% Downloading cmake-3.31.6-linux.zip
build	Install Android SDK Components	2026-07-29T00:42:36.1584383Z [============                           ] 32% Downloading cmake-3.31.6-linux.zip
build	Install Android SDK Components	2026-07-29T00:42:36.1589754Z [============                           ] 33% Downloading cmake-3.31.6-linux.zip
build	Install Android SDK Components	2026-07-29T00:42:36.3177719Z [============                           ] 33% Unzipping...                      
build	Install Android SDK Components	2026-07-29T00:42:36.3224868Z [============                           ] 33% Unzipping... bin/cmake            
build	Install Android SDK Components	2026-07-29T00:42:36.3491170Z [=============                          ] 33% Unzipping... bin/cmake            
build	Install Android SDK Components	2026-07-29T00:42:36.3718001Z [=============                          ] 34% Unzipping... bin/cmake            
build	Install Android SDK Components	2026-07-29T00:42:36.3834411Z [=============                          ] 35% Unzipping... bin/cmake            
build	Install Android SDK Components	2026-07-29T00:42:36.3955946Z [==============                         ] 35% Unzipping... bin/cmake            
build	Install Android SDK Components	2026-07-29T00:42:36.4165428Z [==============                         ] 36% Unzipping... bin/cmake            
build	Install Android SDK Components	2026-07-29T00:42:36.4322248Z [==============                         ] 37% Unzipping... bin/cmake            
build	Install Android SDK Components	2026-07-29T00:42:36.4475551Z [===============                        ] 38% Unzipping... bin/cmake            
build	Install Android SDK Components	2026-07-29T00:42:36.4561069Z [===============                        ] 39% Unzipping... bin/cmake            
build	Install Android SDK Components	2026-07-29T00:42:36.4692995Z [===============                        ] 39% Unzipping... bin/cpack            
build	Install Android SDK Components	2026-07-29T00:42:36.4782377Z [===============                        ] 40% Unzipping... bin/cpack            
build	Install Android SDK Components	2026-07-29T00:42:36.4882783Z [================                       ] 40% Unzipping... bin/cpack            
build	Install Android SDK Components	2026-07-29T00:42:36.5082574Z [================                       ] 41% Unzipping... bin/cpack            
build	Install Android SDK Components	2026-07-29T00:42:36.5300156Z [================                       ] 42% Unzipping... bin/cpack            
build	Install Android SDK Components	2026-07-29T00:42:36.5457174Z [=================                      ] 43% Unzipping... bin/cpack            
build	Install Android SDK Components	2026-07-29T00:42:36.5622157Z [=================                      ] 44% Unzipping... bin/cpack            
build	Install Android SDK Components	2026-07-29T00:42:36.5689797Z [=================                      ] 45% Unzipping... bin/cpack            
build	Install Android SDK Components	2026-07-29T00:42:36.5756130Z [==================                     ] 45% Unzipping... bin/cpack            
build	Install Android SDK Components	2026-07-29T00:42:36.5794498Z [==================                     ] 45% Unzipping... bin/ctest            
build	Install Android SDK Components	2026-07-29T00:42:36.5990171Z [==================                     ] 46% Unzipping... bin/ctest            
build	Install Android SDK Components	2026-07-29T00:42:36.6181728Z [==================                     ] 47% Unzipping... bin/ctest            
build	Install Android SDK Components	2026-07-29T00:42:36.6380257Z [===================                    ] 48% Unzipping... bin/ctest            
build	Install Android SDK Components	2026-07-29T00:42:36.6591719Z [===================                    ] 49% Unzipping... bin/ctest            
build	Install Android SDK Components	2026-07-29T00:42:36.6652396Z [===================                    ] 50% Unzipping... bin/ctest            
build	Install Android SDK Components	2026-07-29T00:42:36.6731631Z [====================                   ] 50% Unzipping... bin/ctest            
build	Install Android SDK Components	2026-07-29T00:42:36.6888712Z [====================                   ] 51% Unzipping... bin/ctest            
build	Install Android SDK Components	2026-07-29T00:42:36.6999335Z [====================                   ] 52% Unzipping... bin/ctest            
build	Install Android SDK Components	2026-07-29T00:42:36.7005279Z [====================                   ] 52% Unzipping... doc/openssl-openssl-3
build	Install Android SDK Components	2026-07-29T00:42:36.7009312Z [====================                   ] 52% Unzipping... doc/cmake-3.31/Copyri
build	Install Android SDK Components	2026-07-29T00:42:36.7013918Z [====================                   ] 52% Unzipping... doc/cmake-3.31/cmlibl
build	Install Android SDK Components	2026-07-29T00:42:36.7022289Z [====================                   ] 52% Unzipping... doc/cmake-3.31/cmlibr
build	Install Android SDK Components	2026-07-29T00:42:36.7023167Z [====================                   ] 52% Unzipping... doc/cmake-3.31/cmzstd
build	Install Android SDK Components	2026-07-29T00:42:36.7034683Z [====================                   ] 52% Unzipping... doc/cmake-3.31/cmcurl
build	Install Android SDK Components	2026-07-29T00:42:36.7035479Z [====================                   ] 52% Unzipping... doc/cmake-3.31/cmzlib
build	Install Android SDK Components	2026-07-29T00:42:36.7036245Z [====================                   ] 52% Unzipping... doc/cmake-3.31/cmnght
build	Install Android SDK Components	2026-07-29T00:42:36.7042596Z [====================                   ] 52% Unzipping... doc/cmake-3.31/cmcppd
build	Install Android SDK Components	2026-07-29T00:42:36.7043507Z [====================                   ] 52% Unzipping... doc/cmake-3.31/cmliba
build	Install Android SDK Components	2026-07-29T00:42:36.7046066Z [====================                   ] 52% Unzipping... doc/cmake-3.31/cmsys/
build	Install Android SDK Components	2026-07-29T00:42:36.7047580Z [====================                   ] 52% Unzipping... doc/cmake-3.31/cmlibu
build	Install Android SDK Components	2026-07-29T00:42:36.7057424Z [====================                   ] 52% Unzipping... share/emacs/site-lisp
build	Install Android SDK Components	2026-07-29T00:42:36.7070739Z [====================                   ] 52% Unzipping... share/vim/vimfiles/sy
build	Install Android SDK Components	2026-07-29T00:42:36.7075390Z [====================                   ] 52% Unzipping... share/vim/vimfiles/in
build	Install Android SDK Components	2026-07-29T00:42:36.7082399Z [====================                   ] 52% Unzipping... share/aclocal/cmake.m
build	Install Android SDK Components	2026-07-29T00:42:36.7092101Z [====================                   ] 52% Unzipping... share/bash-completion
build	Install Android SDK Components	2026-07-29T00:42:36.7685167Z [====================                   ] 52% Unzipping... share/cmake-3.31/Modu
build	Install Android SDK Components	2026-07-29T00:42:37.0459974Z [=====================                  ] 53% Unzipping... share/cmake-3.31/Modu
build	Install Android SDK Components	2026-07-29T00:42:37.0575854Z [=====================                  ] 53% Unzipping... share/cmake-3.31/Temp
build	Install Android SDK Components	2026-07-29T00:42:37.0917502Z [=====================                  ] 53% Unzipping... share/cmake-3.31/Help
build	Install Android SDK Components	2026-07-29T00:42:37.4056007Z [=====================                  ] 54% Unzipping... share/cmake-3.31/Help
build	Install Android SDK Components	2026-07-29T00:42:37.4057890Z [=====================                  ] 54% Unzipping... share/cmake-3.31/incl
build	Install Android SDK Components	2026-07-29T00:42:37.4059739Z [=====================                  ] 54% Unzipping... source.properties    
build	Install Android SDK Components	2026-07-29T00:42:37.4120647Z [=====================                  ] 54% Unzipping... bin/ninja            
build	Install Android SDK Components	2026-07-29T00:42:37.4123570Z [=====================                  ] 54% Unzipping... doc/ninja/LICENSE    
build	Install Android SDK Components	2026-07-29T00:42:37.4127681Z [=====================                  ] 54% Unzipping... share/cmake-3.31/Modu
build	Install Android SDK Components	2026-07-29T00:42:37.4211859Z [=====================                  ] 55% Unzipping... share/cmake-3.31/Modu
build	Install Android SDK Components	2026-07-29T00:42:37.4212505Z [=======================================] 100% Unzipping... share/cmake-3.31/Mod
build	Install Android SDK Components	2026-07-29T00:42:37.5355104Z 
build	Verify installation	﻿2026-07-29T00:42:37.5629238Z ##[group]Run java -version
build	Verify installation	2026-07-29T00:42:37.5629560Z [36;1mjava -version[0m
build	Verify installation	2026-07-29T00:42:37.5629794Z [36;1mcmake --version || true[0m
build	Verify installation	2026-07-29T00:42:37.5630083Z [36;1mls -lah "$ANDROID_SDK_ROOT/cmake"[0m
build	Verify installation	2026-07-29T00:42:37.5630371Z [36;1mls -lah "$ANDROID_SDK_ROOT/ndk"[0m
build	Verify installation	2026-07-29T00:42:37.5674436Z shell: /usr/bin/bash -e {0}
build	Verify installation	2026-07-29T00:42:37.5674694Z env:
build	Verify installation	2026-07-29T00:42:37.5675000Z   JAVA_HOME: /opt/hostedtoolcache/Java_Temurin-Hotspot_jdk/21.0.11-10/x64
build	Verify installation	2026-07-29T00:42:37.5675509Z   JAVA_HOME_21_X64: /opt/hostedtoolcache/Java_Temurin-Hotspot_jdk/21.0.11-10/x64
build	Verify installation	2026-07-29T00:42:37.5675943Z   ANDROID_HOME: /usr/local/lib/android/sdk
build	Verify installation	2026-07-29T00:42:37.5676240Z   ANDROID_SDK_ROOT: /usr/local/lib/android/sdk
build	Verify installation	2026-07-29T00:42:37.5676514Z ##[endgroup]
build	Verify installation	2026-07-29T00:42:37.6065723Z openjdk version "21.0.11" 2026-04-21 LTS
build	Verify installation	2026-07-29T00:42:37.6066668Z OpenJDK Runtime Environment Temurin-21.0.11+10 (build 21.0.11+10-LTS)
build	Verify installation	2026-07-29T00:42:37.6067831Z OpenJDK 64-Bit Server VM Temurin-21.0.11+10 (build 21.0.11+10-LTS, mixed mode, sharing)
build	Verify installation	2026-07-29T00:42:37.6473834Z cmake version 3.31.6
build	Verify installation	2026-07-29T00:42:37.6474503Z 
build	Verify installation	2026-07-29T00:42:37.6474999Z CMake suite maintained and supported by Kitware (kitware.com/cmake).
build	Verify installation	2026-07-29T00:42:37.6491926Z total 20K
build	Verify installation	2026-07-29T00:42:37.6492440Z drwxrwxrwx  5 root   root   4.0K Jul 29 00:42 .
build	Verify installation	2026-07-29T00:42:37.6493000Z drwxrwxrwx 13 root   root   4.0K Jul 29 00:42 ..
build	Verify installation	2026-07-29T00:42:37.6494060Z drwxrwxrwx  5 root   root   4.0K Jul 20 08:43 3.31.5
build	Verify installation	2026-07-29T00:42:37.6495095Z drwxr-xr-x  5 runner runner 4.0K Jul 29 00:42 3.31.6
build	Verify installation	2026-07-29T00:42:37.6495857Z drwxrwxrwx  5 root   root   4.0K Jul 20 08:43 4.1.2
build	Verify installation	2026-07-29T00:42:37.6506298Z total 20K
build	Verify installation	2026-07-29T00:42:37.6506737Z drwxrwxrwx  5 root root 4.0K Jul 20 08:43 .
build	Verify installation	2026-07-29T00:42:37.6507150Z drwxrwxrwx 13 root root 4.0K Jul 29 00:42 ..
build	Verify installation	2026-07-29T00:42:37.6507724Z drwxrwxrwx 11 root root 4.0K Jul 20 08:43 27.3.13750724
build	Verify installation	2026-07-29T00:42:37.6508473Z drwxrwxrwx 11 root root 4.0K Jul 20 08:42 28.2.13676358
build	Verify installation	2026-07-29T00:42:37.6509273Z drwxrwxrwx 11 root root 4.0K Jul 20 08:42 29.0.14206865
build	Make Gradle executable	﻿2026-07-29T00:42:37.6552317Z ##[group]Run chmod +x gradlew
build	Make Gradle executable	2026-07-29T00:42:37.6553063Z [36;1mchmod +x gradlew[0m
build	Make Gradle executable	2026-07-29T00:42:37.6617660Z shell: /usr/bin/bash -e {0}
build	Make Gradle executable	2026-07-29T00:42:37.6618070Z env:
build	Make Gradle executable	2026-07-29T00:42:37.6618405Z   JAVA_HOME: /opt/hostedtoolcache/Java_Temurin-Hotspot_jdk/21.0.11-10/x64
build	Make Gradle executable	2026-07-29T00:42:37.6618934Z   JAVA_HOME_21_X64: /opt/hostedtoolcache/Java_Temurin-Hotspot_jdk/21.0.11-10/x64
build	Make Gradle executable	2026-07-29T00:42:37.6619354Z   ANDROID_HOME: /usr/local/lib/android/sdk
build	Make Gradle executable	2026-07-29T00:42:37.6619666Z   ANDROID_SDK_ROOT: /usr/local/lib/android/sdk
build	Make Gradle executable	2026-07-29T00:42:37.6619944Z ##[endgroup]
build	Install required packages	﻿2026-07-29T00:42:37.6739861Z ##[group]Run sudo apt-get update
build	Install required packages	2026-07-29T00:42:37.6740370Z [36;1msudo apt-get update[0m
build	Install required packages	2026-07-29T00:42:37.6740913Z [36;1msudo apt-get install -y curl wget tar unzip xz-utils[0m
build	Install required packages	2026-07-29T00:42:37.6798401Z shell: /usr/bin/bash -e {0}
build	Install required packages	2026-07-29T00:42:37.6798834Z env:
build	Install required packages	2026-07-29T00:42:37.6799364Z   JAVA_HOME: /opt/hostedtoolcache/Java_Temurin-Hotspot_jdk/21.0.11-10/x64
build	Install required packages	2026-07-29T00:42:37.6800248Z   JAVA_HOME_21_X64: /opt/hostedtoolcache/Java_Temurin-Hotspot_jdk/21.0.11-10/x64
build	Install required packages	2026-07-29T00:42:37.6800995Z   ANDROID_HOME: /usr/local/lib/android/sdk
build	Install required packages	2026-07-29T00:42:37.6801520Z   ANDROID_SDK_ROOT: /usr/local/lib/android/sdk
build	Install required packages	2026-07-29T00:42:37.6802010Z ##[endgroup]
build	Install required packages	2026-07-29T00:42:37.7884757Z Get:1 file:/etc/apt/apt-mirrors.txt Mirrorlist [144 B]
build	Install required packages	2026-07-29T00:42:37.8231399Z Hit:2 http://azure.archive.ubuntu.com/ubuntu noble InRelease
build	Install required packages	2026-07-29T00:42:37.8238475Z Hit:6 https://packages.microsoft.com/repos/azure-cli noble InRelease
build	Install required packages	2026-07-29T00:42:37.8240508Z Get:7 https://packages.microsoft.com/ubuntu/24.04/prod noble InRelease [3600 B]
build	Install required packages	2026-07-29T00:42:37.8249902Z Get:3 http://azure.archive.ubuntu.com/ubuntu noble-updates InRelease [126 kB]
build	Install required packages	2026-07-29T00:42:37.8282326Z Get:4 http://azure.archive.ubuntu.com/ubuntu noble-backports InRelease [126 kB]
build	Install required packages	2026-07-29T00:42:37.8321343Z Get:5 http://azure.archive.ubuntu.com/ubuntu noble-security InRelease [126 kB]
build	Install required packages	2026-07-29T00:42:37.8936410Z Get:8 https://dl.google.com/linux/chrome-stable/deb stable InRelease [2548 B]
build	Install required packages	2026-07-29T00:42:37.9747234Z Get:9 https://packages.microsoft.com/ubuntu/24.04/prod noble/main amd64 Packages [252 kB]
build	Install required packages	2026-07-29T00:42:37.9844608Z Get:10 https://packages.microsoft.com/ubuntu/24.04/prod noble/main arm64 Packages [217 kB]
build	Install required packages	2026-07-29T00:42:38.0230668Z Get:11 http://azure.archive.ubuntu.com/ubuntu noble-updates/main amd64 Packages [1153 kB]
build	Install required packages	2026-07-29T00:42:38.0291112Z Get:12 http://azure.archive.ubuntu.com/ubuntu noble-updates/main Translation-en [278 kB]
build	Install required packages	2026-07-29T00:42:38.0315139Z Get:13 http://azure.archive.ubuntu.com/ubuntu noble-updates/main amd64 Components [180 kB]
build	Install required packages	2026-07-29T00:42:38.0355001Z Get:14 http://azure.archive.ubuntu.com/ubuntu noble-updates/universe amd64 Packages [1678 kB]
build	Install required packages	2026-07-29T00:42:38.0425424Z Get:15 http://azure.archive.ubuntu.com/ubuntu noble-updates/universe Translation-en [334 kB]
build	Install required packages	2026-07-29T00:42:38.0435788Z Get:16 http://azure.archive.ubuntu.com/ubuntu noble-updates/universe amd64 Components [389 kB]
build	Install required packages	2026-07-29T00:42:38.0490676Z Get:17 http://azure.archive.ubuntu.com/ubuntu noble-updates/restricted amd64 Packages [1367 kB]
build	Install required packages	2026-07-29T00:42:38.0539093Z Get:18 http://azure.archive.ubuntu.com/ubuntu noble-updates/restricted Translation-en [308 kB]
build	Install required packages	2026-07-29T00:42:38.0559722Z Get:19 http://azure.archive.ubuntu.com/ubuntu noble-updates/multiverse amd64 Packages [45.4 kB]
build	Install required packages	2026-07-29T00:42:38.0565578Z Get:20 http://azure.archive.ubuntu.com/ubuntu noble-updates/multiverse Translation-en [12.3 kB]
build	Install required packages	2026-07-29T00:42:38.0990790Z Get:21 http://azure.archive.ubuntu.com/ubuntu noble-updates/multiverse amd64 Components [940 B]
build	Install required packages	2026-07-29T00:42:38.1005679Z Get:22 http://azure.archive.ubuntu.com/ubuntu noble-backports/main amd64 Components [5760 B]
build	Install required packages	2026-07-29T00:42:38.1014123Z Get:23 http://azure.archive.ubuntu.com/ubuntu noble-backports/universe amd64 Packages [32.5 kB]
build	Install required packages	2026-07-29T00:42:38.1025242Z Get:24 http://azure.archive.ubuntu.com/ubuntu noble-backports/universe amd64 Components [12.6 kB]
build	Install required packages	2026-07-29T00:42:38.1342125Z Get:25 http://azure.archive.ubuntu.com/ubuntu noble-security/main amd64 Packages [898 kB]
build	Install required packages	2026-07-29T00:42:38.1394513Z Get:26 http://azure.archive.ubuntu.com/ubuntu noble-security/main Translation-en [198 kB]
build	Install required packages	2026-07-29T00:42:38.1415309Z Get:27 http://azure.archive.ubuntu.com/ubuntu noble-security/main amd64 Components [46.3 kB]
build	Install required packages	2026-07-29T00:42:38.1450230Z Get:28 http://azure.archive.ubuntu.com/ubuntu noble-security/universe amd64 Packages [1199 kB]
build	Install required packages	2026-07-29T00:42:38.1507799Z Get:29 http://azure.archive.ubuntu.com/ubuntu noble-security/universe Translation-en [239 kB]
build	Install required packages	2026-07-29T00:42:38.1536781Z Get:30 http://azure.archive.ubuntu.com/ubuntu noble-security/universe amd64 Components [76.2 kB]
build	Install required packages	2026-07-29T00:42:38.1565769Z Get:31 http://azure.archive.ubuntu.com/ubuntu noble-security/restricted amd64 Packages [1273 kB]
build	Install required packages	2026-07-29T00:42:38.1621774Z Get:32 http://azure.archive.ubuntu.com/ubuntu noble-security/restricted Translation-en [290 kB]
build	Install required packages	2026-07-29T00:42:38.1648011Z Get:33 http://azure.archive.ubuntu.com/ubuntu noble-security/multiverse amd64 Packages [40.3 kB]
build	Install required packages	2026-07-29T00:42:38.1658567Z Get:34 http://azure.archive.ubuntu.com/ubuntu noble-security/multiverse Translation-en [10.6 kB]
build	Install required packages	2026-07-29T00:42:38.2279356Z Get:35 https://dl.google.com/linux/chrome-stable/deb stable/main amd64 Packages [1421 B]
build	Install required packages	2026-07-29T00:42:41.9575795Z Fetched 10.9 MB in 1s (8496 kB/s)
build	Install required packages	2026-07-29T00:42:42.6337134Z Reading package lists...
build	Install required packages	2026-07-29T00:42:42.6641442Z Reading package lists...
build	Install required packages	2026-07-29T00:42:42.8014754Z Building dependency tree...
build	Install required packages	2026-07-29T00:42:42.8022222Z Reading state information...
build	Install required packages	2026-07-29T00:42:42.9288025Z curl is already the newest version (8.5.0-2ubuntu10.11).
build	Install required packages	2026-07-29T00:42:42.9288562Z unzip is already the newest version (6.0-28ubuntu4.1).
build	Install required packages	2026-07-29T00:42:42.9289050Z xz-utils is already the newest version (5.6.1+really5.4.5-1ubuntu0.3).
build	Install required packages	2026-07-29T00:42:42.9289473Z Suggested packages:
build	Install required packages	2026-07-29T00:42:42.9289913Z   ncompress tar-scripts tar-doc
build	Install required packages	2026-07-29T00:42:42.9460506Z The following packages will be upgraded:
build	Install required packages	2026-07-29T00:42:42.9461100Z   tar wget
build	Install required packages	2026-07-29T00:42:42.9614340Z 2 upgraded, 0 newly installed, 0 to remove and 71 not upgraded.
build	Install required packages	2026-07-29T00:42:42.9614845Z Need to get 590 kB of archives.
build	Install required packages	2026-07-29T00:42:42.9615538Z After this operation, 0 B of additional disk space will be used.
build	Install required packages	2026-07-29T00:42:42.9616349Z Get:1 file:/etc/apt/apt-mirrors.txt Mirrorlist [144 B]
build	Install required packages	2026-07-29T00:42:43.0685263Z Get:2 http://azure.archive.ubuntu.com/ubuntu noble-updates/main amd64 tar amd64 1.35+dfsg-3ubuntu0.4 [256 kB]
build	Install required packages	2026-07-29T00:42:43.1466520Z Get:3 http://azure.archive.ubuntu.com/ubuntu noble-updates/main amd64 wget amd64 1.21.4-1ubuntu4.4 [334 kB]
build	Install required packages	2026-07-29T00:42:43.4587192Z Fetched 590 kB in 0s (2182 kB/s)
build	Install required packages	2026-07-29T00:42:43.5087778Z (Reading database ... 
build	Install required packages	2026-07-29T00:42:43.5088424Z (Reading database ... 5%
build	Install required packages	2026-07-29T00:42:43.5089132Z (Reading database ... 10%
build	Install required packages	2026-07-29T00:42:43.5089867Z (Reading database ... 15%
build	Install required packages	2026-07-29T00:42:43.5090519Z (Reading database ... 20%
build	Install required packages	2026-07-29T00:42:43.5091254Z (Reading database ... 25%
build	Install required packages	2026-07-29T00:42:43.5091930Z (Reading database ... 30%
build	Install required packages	2026-07-29T00:42:43.5092340Z (Reading database ... 35%
build	Install required packages	2026-07-29T00:42:43.5092739Z (Reading database ... 40%
build	Install required packages	2026-07-29T00:42:43.5093140Z (Reading database ... 45%
build	Install required packages	2026-07-29T00:42:43.5093540Z (Reading database ... 50%
build	Install required packages	2026-07-29T00:42:43.5130879Z (Reading database ... 55%
build	Install required packages	2026-07-29T00:42:43.6132146Z (Reading database ... 60%
build	Install required packages	2026-07-29T00:42:43.7968315Z (Reading database ... 65%
build	Install required packages	2026-07-29T00:42:43.9981767Z (Reading database ... 70%
build	Install required packages	2026-07-29T00:42:44.0990516Z (Reading database ... 75%
build	Install required packages	2026-07-29T00:42:44.3008716Z (Reading database ... 80%
build	Install required packages	2026-07-29T00:42:44.5041597Z (Reading database ... 85%
build	Install required packages	2026-07-29T00:42:44.6523537Z (Reading database ... 90%
build	Install required packages	2026-07-29T00:42:44.8019410Z (Reading database ... 95%
build	Install required packages	2026-07-29T00:42:44.8019981Z (Reading database ... 100%
build	Install required packages	2026-07-29T00:42:44.8020810Z (Reading database ... 202954 files and directories currently installed.)
build	Install required packages	2026-07-29T00:42:44.8057475Z Preparing to unpack .../tar_1.35+dfsg-3ubuntu0.4_amd64.deb ...
build	Install required packages	2026-07-29T00:42:44.8206706Z Unpacking tar (1.35+dfsg-3ubuntu0.4) over (1.35+dfsg-3ubuntu0.3) ...
build	Install required packages	2026-07-29T00:42:44.8674353Z Setting up tar (1.35+dfsg-3ubuntu0.4) ...
build	Install required packages	2026-07-29T00:42:44.9055178Z (Reading database ... 
build	Install required packages	2026-07-29T00:42:44.9055824Z (Reading database ... 5%
build	Install required packages	2026-07-29T00:42:44.9056308Z (Reading database ... 10%
build	Install required packages	2026-07-29T00:42:44.9056774Z (Reading database ... 15%
build	Install required packages	2026-07-29T00:42:44.9057251Z (Reading database ... 20%
build	Install required packages	2026-07-29T00:42:44.9057724Z (Reading database ... 25%
build	Install required packages	2026-07-29T00:42:44.9058185Z (Reading database ... 30%
build	Install required packages	2026-07-29T00:42:44.9058633Z (Reading database ... 35%
build	Install required packages	2026-07-29T00:42:44.9059402Z (Reading database ... 40%
build	Install required packages	2026-07-29T00:42:44.9059858Z (Reading database ... 45%
build	Install required packages	2026-07-29T00:42:44.9060324Z (Reading database ... 50%
build	Install required packages	2026-07-29T00:42:44.9073915Z (Reading database ... 55%
build	Install required packages	2026-07-29T00:42:44.9177719Z (Reading database ... 60%
build	Install required packages	2026-07-29T00:42:44.9205453Z (Reading database ... 65%
build	Install required packages	2026-07-29T00:42:44.9230258Z (Reading database ... 70%
build	Install required packages	2026-07-29T00:42:44.9257719Z (Reading database ... 75%
build	Install required packages	2026-07-29T00:42:44.9291516Z (Reading database ... 80%
build	Install required packages	2026-07-29T00:42:44.9425122Z (Reading database ... 85%
build	Install required packages	2026-07-29T00:42:44.9492153Z (Reading database ... 90%
build	Install required packages	2026-07-29T00:42:44.9698250Z (Reading database ... 95%
build	Install required packages	2026-07-29T00:42:44.9698753Z (Reading database ... 100%
build	Install required packages	2026-07-29T00:42:44.9699440Z (Reading database ... 202954 files and directories currently installed.)
build	Install required packages	2026-07-29T00:42:44.9735577Z Preparing to unpack .../wget_1.21.4-1ubuntu4.4_amd64.deb ...
build	Install required packages	2026-07-29T00:42:44.9770456Z Unpacking wget (1.21.4-1ubuntu4.4) over (1.21.4-1ubuntu4.3) ...
build	Install required packages	2026-07-29T00:42:45.0330228Z Setting up wget (1.21.4-1ubuntu4.4) ...
build	Install required packages	2026-07-29T00:42:45.0377045Z Processing triggers for install-info (7.1-3build2) ...
build	Install required packages	2026-07-29T00:42:45.2964496Z Processing triggers for man-db (2.12.0-4build2) ...
build	Install required packages	2026-07-29T00:42:45.2986570Z Not building database; man-db/auto-update is not 'true'.
build	Install required packages	2026-07-29T00:42:45.9055967Z 
build	Install required packages	2026-07-29T00:42:45.9056732Z Running kernel seems to be up-to-date.
build	Install required packages	2026-07-29T00:42:45.9057091Z 
build	Install required packages	2026-07-29T00:42:45.9057293Z No services need to be restarted.
build	Install required packages	2026-07-29T00:42:45.9057526Z 
build	Install required packages	2026-07-29T00:42:45.9057723Z No containers need to be restarted.
build	Install required packages	2026-07-29T00:42:45.9057956Z 
build	Install required packages	2026-07-29T00:42:45.9058191Z No user sessions are running outdated binaries.
build	Install required packages	2026-07-29T00:42:45.9058471Z 
build	Install required packages	2026-07-29T00:42:45.9058845Z No VM guests are running outdated hypervisor (qemu) binaries on this host.
build	Download third-party sources	﻿2026-07-29T00:42:46.6555625Z ##[group]Run set -eux
build	Download third-party sources	2026-07-29T00:42:46.6555922Z [36;1mset -eux[0m
build	Download third-party sources	2026-07-29T00:42:46.6556114Z [36;1m[0m
build	Download third-party sources	2026-07-29T00:42:46.6556310Z [36;1mchmod +x bz2/downloadBz2.sh[0m
build	Download third-party sources	2026-07-29T00:42:46.6556570Z [36;1mchmod +x lz4/downloadLz4.sh[0m
build	Download third-party sources	2026-07-29T00:42:46.6556844Z [36;1mchmod +x snappy/downloadSnappy.sh[0m
build	Download third-party sources	2026-07-29T00:42:46.6557130Z [36;1mchmod +x zstd/downloadZstd.sh[0m
build	Download third-party sources	2026-07-29T00:42:46.6557377Z [36;1m[0m
build	Download third-party sources	2026-07-29T00:42:46.6557763Z [36;1m./bz2/downloadBz2.sh 1.0.8 ab5a03176ee106d3f0fa90e381da478ddae405918153cca248e682cd0c4a2269[0m
build	Download third-party sources	2026-07-29T00:42:46.6558269Z [36;1m./lz4/downloadLz4.sh 1.10.0[0m
build	Download third-party sources	2026-07-29T00:42:46.6558750Z [36;1m./snappy/downloadSnappy.sh 1.2.2 90f74bc1fbf78a6c56b3c4a082a05103b3a56bb17bca1a27e052ea11723292dc[0m
build	Download third-party sources	2026-07-29T00:42:46.6559425Z [36;1m./zstd/downloadZstd.sh 1.5.7 eb33e51f49a15e023950cd7825ca74a4a2b43db8354825ac24fc1b7ee09e6fa3[0m
build	Download third-party sources	2026-07-29T00:42:46.6559870Z [36;1m[0m
build	Download third-party sources	2026-07-29T00:42:46.6560062Z [36;1mecho "=== Verificando ==="[0m
build	Download third-party sources	2026-07-29T00:42:46.6560332Z [36;1m[0m
build	Download third-party sources	2026-07-29T00:42:46.6560505Z [36;1mls -lah bz2[0m
build	Download third-party sources	2026-07-29T00:42:46.6560709Z [36;1mls -lah lz4[0m
build	Download third-party sources	2026-07-29T00:42:46.6560915Z [36;1mls -lah snappy[0m
build	Download third-party sources	2026-07-29T00:42:46.6561128Z [36;1mls -lah zstd[0m
build	Download third-party sources	2026-07-29T00:42:46.6561327Z [36;1m[0m
build	Download third-party sources	2026-07-29T00:42:46.6561520Z [36;1mtest -d snappy/snappy-1.2.2[0m
build	Download third-party sources	2026-07-29T00:42:46.6608408Z shell: /usr/bin/bash --noprofile --norc -e -o pipefail {0}
build	Download third-party sources	2026-07-29T00:42:46.6608749Z env:
build	Download third-party sources	2026-07-29T00:42:46.6609045Z   JAVA_HOME: /opt/hostedtoolcache/Java_Temurin-Hotspot_jdk/21.0.11-10/x64
build	Download third-party sources	2026-07-29T00:42:46.6609701Z   JAVA_HOME_21_X64: /opt/hostedtoolcache/Java_Temurin-Hotspot_jdk/21.0.11-10/x64
build	Download third-party sources	2026-07-29T00:42:46.6610090Z   ANDROID_HOME: /usr/local/lib/android/sdk
build	Download third-party sources	2026-07-29T00:42:46.6610376Z   ANDROID_SDK_ROOT: /usr/local/lib/android/sdk
build	Download third-party sources	2026-07-29T00:42:46.6610636Z ##[endgroup]
build	Download third-party sources	2026-07-29T00:42:46.6672327Z + chmod +x bz2/downloadBz2.sh
build	Download third-party sources	2026-07-29T00:42:46.6682936Z + chmod +x lz4/downloadLz4.sh
build	Download third-party sources	2026-07-29T00:42:46.6692726Z + chmod +x snappy/downloadSnappy.sh
build	Download third-party sources	2026-07-29T00:42:46.6702512Z + chmod +x zstd/downloadZstd.sh
build	Download third-party sources	2026-07-29T00:42:46.6712638Z + ./bz2/downloadBz2.sh 1.0.8 ab5a03176ee106d3f0fa90e381da478ddae405918153cca248e682cd0c4a2269
build	Download third-party sources	2026-07-29T00:42:46.6733421Z Downloading bzip2 1.0.8 ...
build	Download third-party sources	2026-07-29T00:42:47.5744908Z Verifying bzip2-1.0.8...
build	Download third-party sources	2026-07-29T00:42:47.6213207Z bzip2 1.0.8 downloaded and extracted successfully!
build	Download third-party sources	2026-07-29T00:42:47.6215935Z + ./lz4/downloadLz4.sh 1.10.0
build	Download third-party sources	2026-07-29T00:42:47.6236500Z Downloading lz4 1.10.0 into lz4 ...
build	Download third-party sources	2026-07-29T00:42:48.1125484Z + ./snappy/downloadSnappy.sh 1.2.2 90f74bc1fbf78a6c56b3c4a082a05103b3a56bb17bca1a27e052ea11723292dc
build	Download third-party sources	2026-07-29T00:42:48.1146858Z Downloading snappy-1.2.2...
build	Download third-party sources	2026-07-29T00:42:48.7127435Z Verifying snappy-1.2.2...
build	Download third-party sources	2026-07-29T00:42:48.7576387Z snappy 1.2.2 downloaded and extracted successfully!
build	Download third-party sources	2026-07-29T00:42:48.7579104Z + ./zstd/downloadZstd.sh 1.5.7 eb33e51f49a15e023950cd7825ca74a4a2b43db8354825ac24fc1b7ee09e6fa3
build	Download third-party sources	2026-07-29T00:42:48.7600426Z Downloading zstd 1.5.7 ...
build	Download third-party sources	2026-07-29T00:42:48.8714156Z Verifying zstd-1.5.7...
build	Download third-party sources	2026-07-29T00:42:48.9529006Z zstd 1.5.7 downloaded and extracted successfully!
build	Download third-party sources	2026-07-29T00:42:48.9531500Z + echo '=== Verificando ==='
build	Download third-party sources	2026-07-29T00:42:48.9531810Z === Verificando ===
build	Download third-party sources	2026-07-29T00:42:48.9532120Z + ls -lah bz2
build	Download third-party sources	2026-07-29T00:42:48.9545138Z total 20K
build	Download third-party sources	2026-07-29T00:42:48.9545752Z drwxr-xr-x  2 runner runner 4.0K Jul 29 00:42 .
build	Download third-party sources	2026-07-29T00:42:48.9546423Z drwxr-xr-x 14 runner runner 4.0K Jul 29 00:42 ..
build	Download third-party sources	2026-07-29T00:42:48.9547066Z -rw-r--r--  1 runner runner 1.2K Jul 29 00:42 CMakeLists.txt
build	Download third-party sources	2026-07-29T00:42:48.9547920Z -rw-r--r--  1 runner runner 1.4K Jul 29 00:42 build.gradle.kts
build	Download third-party sources	2026-07-29T00:42:48.9548906Z -rwxr-xr-x  1 runner runner 1.1K Jul 29 00:42 downloadBz2.sh
build	Download third-party sources	2026-07-29T00:42:48.9549453Z + ls -lah lz4
build	Download third-party sources	2026-07-29T00:42:48.9560242Z total 24K
build	Download third-party sources	2026-07-29T00:42:48.9560889Z drwxr-xr-x  3 runner runner 4.0K Jul 29 00:42 .
build	Download third-party sources	2026-07-29T00:42:48.9561751Z drwxr-xr-x 14 runner runner 4.0K Jul 29 00:42 ..
build	Download third-party sources	2026-07-29T00:42:48.9563042Z -rw-r--r--  1 runner runner 1000 Jul 29 00:42 CMakeLists.txt
build	Download third-party sources	2026-07-29T00:42:48.9564294Z -rw-r--r--  1 runner runner 1.3K Jul 29 00:42 build.gradle.kts
build	Download third-party sources	2026-07-29T00:42:48.9565285Z -rwxr-xr-x  1 runner runner  426 Jul 29 00:42 downloadLz4.sh
build	Download third-party sources	2026-07-29T00:42:48.9566098Z drwxr-xr-x 12 runner runner 4.0K Jul 21  2024 lz4-1.10.0
build	Download third-party sources	2026-07-29T00:42:48.9585152Z + ls -lah snappy
build	Download third-party sources	2026-07-29T00:42:48.9597557Z total 20K
build	Download third-party sources	2026-07-29T00:42:48.9598183Z drwxr-xr-x  2 runner runner 4.0K Jul 29 00:42 .
build	Download third-party sources	2026-07-29T00:42:48.9598871Z drwxr-xr-x 14 runner runner 4.0K Jul 29 00:42 ..
build	Download third-party sources	2026-07-29T00:42:48.9599499Z + ls -lah zstd
build	Download third-party sources	2026-07-29T00:42:48.9601455Z -rw-r--r--  1 runner runner  436 Jul 29 00:42 CMakeLists.txt
build	Download third-party sources	2026-07-29T00:42:48.9602266Z -rw-r--r--  1 runner runner 1.4K Jul 29 00:42 build.gradle.kts
build	Download third-party sources	2026-07-29T00:42:48.9603095Z -rwxr-xr-x  1 runner runner 1.3K Jul 29 00:42 downloadSnappy.sh
build	Download third-party sources	2026-07-29T00:42:48.9614073Z total 16K
build	Download third-party sources	2026-07-29T00:42:48.9614905Z drwxr-xr-x  2 runner runner 4.0K Jul 29 00:42 .
build	Download third-party sources	2026-07-29T00:42:48.9615439Z drwxr-xr-x 14 runner runner 4.0K Jul 29 00:42 ..
build	Download third-party sources	2026-07-29T00:42:48.9616152Z -rw-r--r--  1 runner runner 1.4K Jul 29 00:42 build.gradle.kts
build	Download third-party sources	2026-07-29T00:42:48.9616633Z -rwxr-xr-x  1 runner runner 1.1K Jul 29 00:42 downloadZstd.sh
build	Download third-party sources	2026-07-29T00:42:48.9617408Z + test -d snappy/snappy-1.2.2
build	Download third-party sources	2026-07-29T00:42:48.9632559Z ##[error]Process completed with exit code 1.
build	List outputs	﻿2026-07-29T00:42:48.9735647Z ##[group]Run find . -type f | grep -Ei "\.(aar|so|jar)$" || true
build	List outputs	2026-07-29T00:42:48.9736362Z [36;1mfind . -type f | grep -Ei "\.(aar|so|jar)$" || true[0m
build	List outputs	2026-07-29T00:42:48.9788241Z shell: /usr/bin/bash -e {0}
build	List outputs	2026-07-29T00:42:48.9788493Z env:
build	List outputs	2026-07-29T00:42:48.9788797Z   JAVA_HOME: /opt/hostedtoolcache/Java_Temurin-Hotspot_jdk/21.0.11-10/x64
build	List outputs	2026-07-29T00:42:48.9789297Z   JAVA_HOME_21_X64: /opt/hostedtoolcache/Java_Temurin-Hotspot_jdk/21.0.11-10/x64
build	List outputs	2026-07-29T00:42:48.9789689Z   ANDROID_HOME: /usr/local/lib/android/sdk
build	List outputs	2026-07-29T00:42:48.9789976Z   ANDROID_SDK_ROOT: /usr/local/lib/android/sdk
build	List outputs	2026-07-29T00:42:48.9790249Z ##[endgroup]
build	List outputs	2026-07-29T00:42:48.9950629Z ./gradle/wrapper/gradle-wrapper.jar
build	Upload Native Libraries	﻿2026-07-29T00:42:49.0001763Z Node 20 is being deprecated. This workflow is running with Node 24 by default. If you need to temporarily use Node 20, you can set the ACTIONS_ALLOW_USE_UNSECURE_NODE_VERSION=true environment variable. For more information see: https://github.blog/changelog/2025-09-19-deprecation-of-node-20-on-github-actions-runners/
build	Upload Native Libraries	2026-07-29T00:42:49.0003014Z ##[group]Run actions/upload-artifact@v4
build	Upload Native Libraries	2026-07-29T00:42:49.0003296Z with:
build	Upload Native Libraries	2026-07-29T00:42:49.0003491Z   name: rocksdb-native-libs
build	Upload Native Libraries	2026-07-29T00:42:49.0003732Z   path: **/*.so
build	Upload Native Libraries	
build	Upload Native Libraries	2026-07-29T00:42:49.0004254Z   if-no-files-found: warn
build	Upload Native Libraries	2026-07-29T00:42:49.0004483Z   compression-level: 6
build	Upload Native Libraries	2026-07-29T00:42:49.0004692Z   overwrite: false
build	Upload Native Libraries	2026-07-29T00:42:49.0004898Z   include-hidden-files: false
build	Upload Native Libraries	2026-07-29T00:42:49.0005125Z env:
build	Upload Native Libraries	2026-07-29T00:42:49.0005409Z   JAVA_HOME: /opt/hostedtoolcache/Java_Temurin-Hotspot_jdk/21.0.11-10/x64
build	Upload Native Libraries	2026-07-29T00:42:49.0005895Z   JAVA_HOME_21_X64: /opt/hostedtoolcache/Java_Temurin-Hotspot_jdk/21.0.11-10/x64
build	Upload Native Libraries	2026-07-29T00:42:49.0006288Z   ANDROID_HOME: /usr/local/lib/android/sdk
build	Upload Native Libraries	2026-07-29T00:42:49.0006608Z   ANDROID_SDK_ROOT: /usr/local/lib/android/sdk
build	Upload Native Libraries	2026-07-29T00:42:49.0006875Z ##[endgroup]
build	Upload Native Libraries	2026-07-29T00:42:49.1630229Z (node:3353) [DEP0040] DeprecationWarning: The `punycode` module is deprecated. Please use a userland alternative instead.
build	Upload Native Libraries	2026-07-29T00:42:49.1631834Z (Use `node --trace-deprecation ...` to show where the warning was created)
build	Upload Native Libraries	2026-07-29T00:42:49.4743608Z ##[warning]No files were found with the provided path: **/*.so. No artifacts will be uploaded.
build	Upload Build Logs	﻿2026-07-29T00:42:49.4867368Z Node 20 is being deprecated. This workflow is running with Node 24 by default. If you need to temporarily use Node 20, you can set the ACTIONS_ALLOW_USE_UNSECURE_NODE_VERSION=true environment variable. For more information see: https://github.blog/changelog/2025-09-19-deprecation-of-node-20-on-github-actions-runners/
build	Upload Build Logs	2026-07-29T00:42:49.4868649Z ##[group]Run actions/upload-artifact@v4
build	Upload Build Logs	2026-07-29T00:42:49.4868915Z with:
build	Upload Build Logs	2026-07-29T00:42:49.4869104Z   name: gradle-logs
build	Upload Build Logs	2026-07-29T00:42:49.4869377Z   path: **/build/reports/**
build	Upload Build Logs	**/build/outputs/logs/**
build	Upload Build Logs	**/*.log
build	Upload Build Logs	
build	Upload Build Logs	2026-07-29T00:42:49.4869708Z   if-no-files-found: warn
build	Upload Build Logs	2026-07-29T00:42:49.4869936Z   compression-level: 6
build	Upload Build Logs	2026-07-29T00:42:49.4870151Z   overwrite: false
build	Upload Build Logs	2026-07-29T00:42:49.4870360Z   include-hidden-files: false
build	Upload Build Logs	2026-07-29T00:42:49.4870583Z env:
build	Upload Build Logs	2026-07-29T00:42:49.4870870Z   JAVA_HOME: /opt/hostedtoolcache/Java_Temurin-Hotspot_jdk/21.0.11-10/x64
build	Upload Build Logs	2026-07-29T00:42:49.4871358Z   JAVA_HOME_21_X64: /opt/hostedtoolcache/Java_Temurin-Hotspot_jdk/21.0.11-10/x64
build	Upload Build Logs	2026-07-29T00:42:49.4871794Z   ANDROID_HOME: /usr/local/lib/android/sdk
build	Upload Build Logs	2026-07-29T00:42:49.4872081Z   ANDROID_SDK_ROOT: /usr/local/lib/android/sdk
build	Upload Build Logs	2026-07-29T00:42:49.4872346Z ##[endgroup]
build	Upload Build Logs	2026-07-29T00:42:49.6510328Z (node:3365) [DEP0040] DeprecationWarning: The `punycode` module is deprecated. Please use a userland alternative instead.
build	Upload Build Logs	2026-07-29T00:42:49.6511157Z (Use `node --trace-deprecation ...` to show where the warning was created)
build	Upload Build Logs	2026-07-29T00:42:49.9937598Z With the provided path, there will be 3 files uploaded
build	Upload Build Logs	2026-07-29T00:42:49.9945504Z Artifact name is valid!
build	Upload Build Logs	2026-07-29T00:42:49.9946246Z Root directory input is valid!
build	Upload Build Logs	2026-07-29T00:42:50.3274331Z Beginning upload of artifact content to blob storage
build	Upload Build Logs	2026-07-29T00:42:50.3709085Z (node:3365) [DEP0169] DeprecationWarning: `url.parse()` behavior is not standardized and prone to errors that have security implications. Use the WHATWG URL API instead. CVEs are not issued for `url.parse()` vulnerabilities.
build	Upload Build Logs	2026-07-29T00:42:50.8612213Z Uploaded bytes 188157
build	Upload Build Logs	2026-07-29T00:42:50.9409498Z Finished uploading artifact content to blob storage!
build	Upload Build Logs	2026-07-29T00:42:50.9410763Z SHA256 digest of uploaded artifact zip is 2010e5818540d97a64f8e321ca262349a9825c942e07d658aa205a36a692e73b
build	Upload Build Logs	2026-07-29T00:42:50.9411907Z Finalizing artifact upload
build	Upload Build Logs	2026-07-29T00:42:51.1750767Z Artifact gradle-logs.zip successfully finalized. Artifact ID 8708720981
build	Upload Build Logs	2026-07-29T00:42:51.1752520Z Artifact gradle-logs has been successfully uploaded! Final size is 188157 bytes. Artifact ID is 8708720981
build	Upload Build Logs	2026-07-29T00:42:51.1758250Z Artifact download URL: https://github.com/NKellerMC/rocksdb-android/actions/runs/30411904525/artifacts/8708720981
build	Post Setup Java	﻿2026-07-29T00:42:51.1945688Z Node 20 is being deprecated. This workflow is running with Node 24 by default. If you need to temporarily use Node 20, you can set the ACTIONS_ALLOW_USE_UNSECURE_NODE_VERSION=true environment variable. For more information see: https://github.blog/changelog/2025-09-19-deprecation-of-node-20-on-github-actions-runners/
build	Post Setup Java	2026-07-29T00:42:51.1946962Z Post job cleanup.
build	Post Setup Java	2026-07-29T00:42:51.3248641Z (node:3377) [DEP0040] DeprecationWarning: The `punycode` module is deprecated. Please use a userland alternative instead.
build	Post Setup Java	2026-07-29T00:42:51.3249696Z (Use `node --trace-deprecation ...` to show where the warning was created)
build	Post Checkout repository	﻿2026-07-29T00:42:51.3382396Z Node 20 is being deprecated. This workflow is running with Node 24 by default. If you need to temporarily use Node 20, you can set the ACTIONS_ALLOW_USE_UNSECURE_NODE_VERSION=true environment variable. For more information see: https://github.blog/changelog/2025-09-19-deprecation-of-node-20-on-github-actions-runners/
build	Post Checkout repository	2026-07-29T00:42:51.3383654Z Post job cleanup.
build	Post Checkout repository	2026-07-29T00:42:51.4334676Z [command]/usr/bin/git version
build	Post Checkout repository	2026-07-29T00:42:51.4385731Z git version 2.54.0
build	Post Checkout repository	2026-07-29T00:42:51.4445312Z Temporarily overriding HOME='/home/runner/work/_temp/2a1675fe-a585-4c4e-a9af-14a6c49f001d' before making global git config changes
build	Post Checkout repository	2026-07-29T00:42:51.4446998Z Adding repository directory to the temporary git global config as a safe directory
build	Post Checkout repository	2026-07-29T00:42:51.4448477Z [command]/usr/bin/git config --global --add safe.directory /home/runner/work/rocksdb-android/rocksdb-android
build	Post Checkout repository	2026-07-29T00:42:51.4493174Z [command]/usr/bin/git config --local --name-only --get-regexp core\.sshCommand
build	Post Checkout repository	2026-07-29T00:42:51.4555666Z [command]/usr/bin/git submodule foreach --recursive sh -c "git config --local --name-only --get-regexp 'core\.sshCommand' && git config --local --unset-all 'core.sshCommand' || :"
build	Post Checkout repository	2026-07-29T00:42:51.4810537Z [command]/usr/bin/git config --local --name-only --get-regexp http\.https\:\/\/github\.com\/\.extraheader
build	Post Checkout repository	2026-07-29T00:42:51.4845556Z http.https://github.com/.extraheader
build	Post Checkout repository	2026-07-29T00:42:51.4863235Z [command]/usr/bin/git config --local --unset-all http.https://github.com/.extraheader
build	Post Checkout repository	2026-07-29T00:42:51.4895426Z [command]/usr/bin/git submodule foreach --recursive sh -c "git config --local --name-only --get-regexp 'http\.https\:\/\/github\.com\/\.extraheader' && git config --local --unset-all 'http.https://github.com/.extraheader' || :"
build	Post Checkout repository	2026-07-29T00:42:51.5168515Z [command]/usr/bin/git config --local --name-only --get-regexp ^includeIf\.gitdir:
build	Post Checkout repository	2026-07-29T00:42:51.5206922Z [command]/usr/bin/git submodule foreach --recursive git config --local --show-origin --name-only --get-regexp remote.origin.url
build	Complete job	﻿2026-07-29T00:42:51.5588671Z Cleaning up orphan processes
build	Complete job	2026-07-29T00:42:51.5925544Z ##[warning]Node.js 20 is deprecated. The following actions target Node.js 20 but are being forced to run on Node.js 24: actions/checkout@v4, actions/setup-java@v4, actions/upload-artifact@v4, android-actions/setup-android@v3. For more information see: https://github.blog/changelog/2025-09-19-deprecation-of-node-20-on-github-actions-runners/
