build	Set up job	﻿2026-07-29T15:56:00.4418978Z Current runner version: '2.336.0'
build	Set up job	2026-07-29T15:56:00.4457334Z ##[group]Runner Image Provisioner
build	Set up job	2026-07-29T15:56:00.4458312Z Hosted Compute Agent
build	Set up job	2026-07-29T15:56:00.4458892Z Version: 20260707.563
build	Set up job	2026-07-29T15:56:00.4459526Z Commit: 02667638d2b423fbc733a8e32a88b44996a3ba6e
build	Set up job	2026-07-29T15:56:00.4460355Z Build Date: 2026-07-07T19:33:50Z
build	Set up job	2026-07-29T15:56:00.4461025Z Worker ID: {25647c83-50fc-4d9e-bf01-ee99ed4785c3}
build	Set up job	2026-07-29T15:56:00.4461867Z Azure Region: eastus
build	Set up job	2026-07-29T15:56:00.4462421Z ##[endgroup]
build	Set up job	2026-07-29T15:56:00.4464908Z ##[group]Operating System
build	Set up job	2026-07-29T15:56:00.4465739Z Ubuntu
build	Set up job	2026-07-29T15:56:00.4466249Z 24.04.4
build	Set up job	2026-07-29T15:56:00.4466802Z LTS
build	Set up job	2026-07-29T15:56:00.4467321Z ##[endgroup]
build	Set up job	2026-07-29T15:56:00.4467905Z ##[group]Runner Image
build	Set up job	2026-07-29T15:56:00.4468565Z Image: ubuntu-24.04
build	Set up job	2026-07-29T15:56:00.4469120Z Version: 20260720.247.2
build	Set up job	2026-07-29T15:56:00.4470130Z Included Software: https://github.com/actions/runner-images/blob/ubuntu24/20260720.247/images/ubuntu/Ubuntu2404-Readme.md
build	Set up job	2026-07-29T15:56:00.4472503Z Image Release: https://github.com/actions/runner-images/releases/tag/ubuntu24%2F20260720.247
build	Set up job	2026-07-29T15:56:00.4473520Z ##[endgroup]
build	Set up job	2026-07-29T15:56:00.4475105Z ##[group]GITHUB_TOKEN Permissions
build	Set up job	2026-07-29T15:56:00.4477546Z Contents: read
build	Set up job	2026-07-29T15:56:00.4478181Z Metadata: read
build	Set up job	2026-07-29T15:56:00.4478886Z Packages: read
build	Set up job	2026-07-29T15:56:00.4479416Z ##[endgroup]
build	Set up job	2026-07-29T15:56:00.4482019Z Secret source: Actions
build	Set up job	2026-07-29T15:56:00.4483602Z Prepare workflow directory
build	Set up job	2026-07-29T15:56:00.4825799Z Prepare all required actions
build	Set up job	2026-07-29T15:56:00.4874720Z Getting action download info
build	Set up job	2026-07-29T15:56:00.7943528Z Download action repository 'actions/checkout@v4' (SHA:11d5960a326750d5838078e36cf38b85af677262)
build	Set up job	2026-07-29T15:56:01.0609076Z Download action repository 'actions/setup-java@v4' (SHA:c1e323688fd81a25caa38c78aa6df2d33d3e20d9)
build	Set up job	2026-07-29T15:56:01.2814297Z Download action repository 'android-actions/setup-android@v3' (SHA:9fc6c4e9069bf8d3d10b2204b1fb8f6ef7065407)
build	Set up job	2026-07-29T15:56:01.3888163Z Download action repository 'actions/upload-artifact@v4' (SHA:ea165f8d65b6e75b540449e92b4886f43607fa02)
build	Set up job	2026-07-29T15:56:01.6516308Z Complete job name: build
build	Checkout repository	﻿2026-07-29T15:56:01.7664971Z Node 20 is being deprecated. This workflow is running with Node 24 by default. If you need to temporarily use Node 20, you can set the ACTIONS_ALLOW_USE_UNSECURE_NODE_VERSION=true environment variable. For more information see: https://github.blog/changelog/2025-09-19-deprecation-of-node-20-on-github-actions-runners/
build	Checkout repository	2026-07-29T15:56:01.7676663Z ##[group]Run actions/checkout@v4
build	Checkout repository	2026-07-29T15:56:01.7677976Z with:
build	Checkout repository	2026-07-29T15:56:01.7678989Z   repository: NKellerMC/rocksdb-android
build	Checkout repository	2026-07-29T15:56:01.7687629Z   token: ***
build	Checkout repository	2026-07-29T15:56:01.7688556Z   ssh-strict: true
build	Checkout repository	2026-07-29T15:56:01.7689473Z   ssh-user: git
build	Checkout repository	2026-07-29T15:56:01.7690369Z   persist-credentials: true
build	Checkout repository	2026-07-29T15:56:01.7691390Z   clean: true
build	Checkout repository	2026-07-29T15:56:01.7692293Z   sparse-checkout-cone-mode: true
build	Checkout repository	2026-07-29T15:56:01.7693328Z   fetch-depth: 1
build	Checkout repository	2026-07-29T15:56:01.7694482Z   fetch-tags: false
build	Checkout repository	2026-07-29T15:56:01.7695402Z   show-progress: true
build	Checkout repository	2026-07-29T15:56:01.7696620Z   lfs: false
build	Checkout repository	2026-07-29T15:56:01.7697466Z   submodules: false
build	Checkout repository	2026-07-29T15:56:01.7698528Z   set-safe-directory: true
build	Checkout repository	2026-07-29T15:56:01.7699592Z   allow-unsafe-pr-checkout: false
build	Checkout repository	2026-07-29T15:56:01.7700980Z ##[endgroup]
build	Checkout repository	2026-07-29T15:56:01.8846821Z Syncing repository: NKellerMC/rocksdb-android
build	Checkout repository	2026-07-29T15:56:01.8851112Z ##[group]Getting Git version info
build	Checkout repository	2026-07-29T15:56:01.8853461Z Working directory is '/home/runner/work/rocksdb-android/rocksdb-android'
build	Checkout repository	2026-07-29T15:56:01.8857324Z [command]/usr/bin/git version
build	Checkout repository	2026-07-29T15:56:01.8921378Z git version 2.54.0
build	Checkout repository	2026-07-29T15:56:01.8979345Z ##[endgroup]
build	Checkout repository	2026-07-29T15:56:01.8996964Z Temporarily overriding HOME='/home/runner/work/_temp/87e60ccb-6034-412b-8afc-e1d2bd8a8f6f' before making global git config changes
build	Checkout repository	2026-07-29T15:56:01.9001062Z Adding repository directory to the temporary git global config as a safe directory
build	Checkout repository	2026-07-29T15:56:01.9005458Z [command]/usr/bin/git config --global --add safe.directory /home/runner/work/rocksdb-android/rocksdb-android
build	Checkout repository	2026-07-29T15:56:01.9064528Z Deleting the contents of '/home/runner/work/rocksdb-android/rocksdb-android'
build	Checkout repository	2026-07-29T15:56:01.9068474Z ##[group]Initializing the repository
build	Checkout repository	2026-07-29T15:56:01.9074101Z [command]/usr/bin/git init /home/runner/work/rocksdb-android/rocksdb-android
build	Checkout repository	2026-07-29T15:56:01.9210065Z hint: Using 'master' as the name for the initial branch. This default branch name
build	Checkout repository	2026-07-29T15:56:01.9213497Z hint: will change to "main" in Git 3.0. To configure the initial branch name
build	Checkout repository	2026-07-29T15:56:01.9216829Z hint: to use in all of your new repositories, which will suppress this warning,
build	Checkout repository	2026-07-29T15:56:01.9219534Z hint: call:
build	Checkout repository	2026-07-29T15:56:01.9220770Z hint:
build	Checkout repository	2026-07-29T15:56:01.9222323Z hint: 	git config --global init.defaultBranch <name>
build	Checkout repository	2026-07-29T15:56:01.9224444Z hint:
build	Checkout repository	2026-07-29T15:56:01.9226228Z hint: Names commonly chosen instead of 'master' are 'main', 'trunk' and
build	Checkout repository	2026-07-29T15:56:01.9229390Z hint: 'development'. The just-created branch can be renamed via this command:
build	Checkout repository	2026-07-29T15:56:01.9232815Z hint:
build	Checkout repository	2026-07-29T15:56:01.9234955Z hint: 	git branch -m <name>
build	Checkout repository	2026-07-29T15:56:01.9237213Z hint:
build	Checkout repository	2026-07-29T15:56:01.9240264Z hint: Disable this message with "git config set advice.defaultBranchName false"
build	Checkout repository	2026-07-29T15:56:01.9243731Z Initialized empty Git repository in /home/runner/work/rocksdb-android/rocksdb-android/.git/
build	Checkout repository	2026-07-29T15:56:01.9248947Z [command]/usr/bin/git remote add origin https://github.com/NKellerMC/rocksdb-android
build	Checkout repository	2026-07-29T15:56:01.9298365Z ##[endgroup]
build	Checkout repository	2026-07-29T15:56:01.9300787Z ##[group]Disabling automatic garbage collection
build	Checkout repository	2026-07-29T15:56:01.9303131Z [command]/usr/bin/git config --local gc.auto 0
build	Checkout repository	2026-07-29T15:56:01.9340197Z ##[endgroup]
build	Checkout repository	2026-07-29T15:56:01.9342533Z ##[group]Setting up auth
build	Checkout repository	2026-07-29T15:56:01.9349217Z [command]/usr/bin/git config --local --name-only --get-regexp core\.sshCommand
build	Checkout repository	2026-07-29T15:56:01.9397425Z [command]/usr/bin/git submodule foreach --recursive sh -c "git config --local --name-only --get-regexp 'core\.sshCommand' && git config --local --unset-all 'core.sshCommand' || :"
build	Checkout repository	2026-07-29T15:56:01.9865705Z [command]/usr/bin/git config --local --name-only --get-regexp http\.https\:\/\/github\.com\/\.extraheader
build	Checkout repository	2026-07-29T15:56:01.9914111Z [command]/usr/bin/git submodule foreach --recursive sh -c "git config --local --name-only --get-regexp 'http\.https\:\/\/github\.com\/\.extraheader' && git config --local --unset-all 'http.https://github.com/.extraheader' || :"
build	Checkout repository	2026-07-29T15:56:02.0152644Z [command]/usr/bin/git config --local --name-only --get-regexp ^includeIf\.gitdir:
build	Checkout repository	2026-07-29T15:56:02.0191857Z [command]/usr/bin/git submodule foreach --recursive git config --local --show-origin --name-only --get-regexp remote.origin.url
build	Checkout repository	2026-07-29T15:56:02.0429047Z [command]/usr/bin/git config --local http.https://github.com/.extraheader AUTHORIZATION: basic ***
build	Checkout repository	2026-07-29T15:56:02.0472152Z ##[endgroup]
build	Checkout repository	2026-07-29T15:56:02.0473712Z ##[group]Fetching the repository
build	Checkout repository	2026-07-29T15:56:02.0482268Z [command]/usr/bin/git -c protocol.version=2 fetch --no-tags --prune --no-recurse-submodules --depth=1 origin +330823ecf48e3f7270ce977f05085fdf9b7b37d0:refs/remotes/origin/main
build	Checkout repository	2026-07-29T15:56:02.4954992Z From https://github.com/NKellerMC/rocksdb-android
build	Checkout repository	2026-07-29T15:56:02.4956624Z  * [new ref]         330823ecf48e3f7270ce977f05085fdf9b7b37d0 -> origin/main
build	Checkout repository	2026-07-29T15:56:02.5026608Z ##[endgroup]
build	Checkout repository	2026-07-29T15:56:02.5027890Z ##[group]Determining the checkout info
build	Checkout repository	2026-07-29T15:56:02.5029019Z ##[endgroup]
build	Checkout repository	2026-07-29T15:56:02.5029725Z [command]/usr/bin/git sparse-checkout disable
build	Checkout repository	2026-07-29T15:56:02.5078968Z [command]/usr/bin/git config --local --unset-all extensions.worktreeConfig
build	Checkout repository	2026-07-29T15:56:02.5116860Z ##[group]Checking out the ref
build	Checkout repository	2026-07-29T15:56:02.5117988Z [command]/usr/bin/git checkout --progress --force -B main refs/remotes/origin/main
build	Checkout repository	2026-07-29T15:56:02.5264367Z Switched to a new branch 'main'
build	Checkout repository	2026-07-29T15:56:02.5266153Z branch 'main' set up to track 'origin/main'.
build	Checkout repository	2026-07-29T15:56:02.5272851Z ##[endgroup]
build	Checkout repository	2026-07-29T15:56:02.5322295Z [command]/usr/bin/git log -1 --format=%H
build	Checkout repository	2026-07-29T15:56:02.5350138Z 330823ecf48e3f7270ce977f05085fdf9b7b37d0
build	Clone RocksDB	﻿2026-07-29T15:56:02.5586790Z ##[group]Run rm -rf rocksdb
build	Clone RocksDB	2026-07-29T15:56:02.5587387Z [36;1mrm -rf rocksdb[0m
build	Clone RocksDB	2026-07-29T15:56:02.5587962Z [36;1mgit clone --depth 1 https://github.com/marykdb/rocksdb.git rocksdb[0m
build	Clone RocksDB	2026-07-29T15:56:02.5588531Z [36;1mcd rocksdb[0m
build	Clone RocksDB	2026-07-29T15:56:02.5588983Z [36;1mgit submodule update --init --recursive || true[0m
build	Clone RocksDB	2026-07-29T15:56:02.5641416Z shell: /usr/bin/bash -e {0}
build	Clone RocksDB	2026-07-29T15:56:02.5641920Z ##[endgroup]
build	Clone RocksDB	2026-07-29T15:56:02.5757328Z Cloning into 'rocksdb'...
build	Setup Java	﻿2026-07-29T15:56:04.2199951Z Node 20 is being deprecated. This workflow is running with Node 24 by default. If you need to temporarily use Node 20, you can set the ACTIONS_ALLOW_USE_UNSECURE_NODE_VERSION=true environment variable. For more information see: https://github.blog/changelog/2025-09-19-deprecation-of-node-20-on-github-actions-runners/
build	Setup Java	2026-07-29T15:56:04.2201747Z ##[group]Run actions/setup-java@v4
build	Setup Java	2026-07-29T15:56:04.2202065Z with:
build	Setup Java	2026-07-29T15:56:04.2202306Z   distribution: temurin
build	Setup Java	2026-07-29T15:56:04.2202570Z   java-version: 21
build	Setup Java	2026-07-29T15:56:04.2202818Z   cache: gradle
build	Setup Java	2026-07-29T15:56:04.2203068Z   java-package: jdk
build	Setup Java	2026-07-29T15:56:04.2203323Z   check-latest: false
build	Setup Java	2026-07-29T15:56:04.2203578Z   server-id: github
build	Setup Java	2026-07-29T15:56:04.2204190Z   server-username: GITHUB_ACTOR
build	Setup Java	2026-07-29T15:56:04.2204515Z   server-password: GITHUB_TOKEN
build	Setup Java	2026-07-29T15:56:04.2204820Z   overwrite-settings: true
build	Setup Java	2026-07-29T15:56:04.2205095Z   job-status: success
build	Setup Java	2026-07-29T15:56:04.2207503Z   token: ***
build	Setup Java	2026-07-29T15:56:04.2207757Z ##[endgroup]
build	Setup Java	2026-07-29T15:56:04.3871937Z ##[group]Installed distributions
build	Setup Java	2026-07-29T15:56:04.3938441Z Resolved Java 21.0.11+10 from tool-cache
build	Setup Java	2026-07-29T15:56:04.3939153Z Setting Java 21.0.11+10 as the default
build	Setup Java	2026-07-29T15:56:04.3949862Z (node:2296) [DEP0040] DeprecationWarning: The `punycode` module is deprecated. Please use a userland alternative instead.
build	Setup Java	2026-07-29T15:56:04.3951353Z (Use `node --trace-deprecation ...` to show where the warning was created)
build	Setup Java	2026-07-29T15:56:04.3954521Z Creating toolchains.xml for JDK version 21 from temurin
build	Setup Java	2026-07-29T15:56:04.4033983Z Writing to /home/runner/.m2/toolchains.xml
build	Setup Java	2026-07-29T15:56:04.4034738Z 
build	Setup Java	2026-07-29T15:56:04.4035021Z Java configuration:
build	Setup Java	2026-07-29T15:56:04.4035630Z   Distribution: temurin
build	Setup Java	2026-07-29T15:56:04.4036221Z   Version: 21.0.11+10
build	Setup Java	2026-07-29T15:56:04.4037066Z   Path: /opt/hostedtoolcache/Java_Temurin-Hotspot_jdk/21.0.11-10/x64
build	Setup Java	2026-07-29T15:56:04.4037777Z 
build	Setup Java	2026-07-29T15:56:04.4038645Z ##[endgroup]
build	Setup Java	2026-07-29T15:56:04.4062161Z Creating settings.xml with server-id: github
build	Setup Java	2026-07-29T15:56:04.4072448Z Writing to /home/runner/.m2/settings.xml
build	Setup Java	2026-07-29T15:56:04.7670913Z gradle cache is not found
build	Setup Android SDK	﻿2026-07-29T15:56:04.7846247Z Node 20 is being deprecated. This workflow is running with Node 24 by default. If you need to temporarily use Node 20, you can set the ACTIONS_ALLOW_USE_UNSECURE_NODE_VERSION=true environment variable. For more information see: https://github.blog/changelog/2025-09-19-deprecation-of-node-20-on-github-actions-runners/
build	Setup Android SDK	2026-07-29T15:56:04.7847628Z ##[group]Run android-actions/setup-android@v3
build	Setup Android SDK	2026-07-29T15:56:04.7847909Z with:
build	Setup Android SDK	2026-07-29T15:56:04.7848114Z   cmdline-tools-version: 12266719
build	Setup Android SDK	2026-07-29T15:56:04.7848403Z   accept-android-sdk-licenses: true
build	Setup Android SDK	2026-07-29T15:56:04.7848696Z   log-accepted-android-sdk-licenses: true
build	Setup Android SDK	2026-07-29T15:56:04.7848989Z   packages: tools platform-tools
build	Setup Android SDK	2026-07-29T15:56:04.7849225Z env:
build	Setup Android SDK	2026-07-29T15:56:04.7849515Z   JAVA_HOME: /opt/hostedtoolcache/Java_Temurin-Hotspot_jdk/21.0.11-10/x64
build	Setup Android SDK	2026-07-29T15:56:04.7850002Z   JAVA_HOME_21_X64: /opt/hostedtoolcache/Java_Temurin-Hotspot_jdk/21.0.11-10/x64
build	Setup Android SDK	2026-07-29T15:56:04.7850400Z ##[endgroup]
build	Setup Android SDK	2026-07-29T15:56:04.8631541Z Found preinstalled sdkmanager in /usr/local/lib/android/sdk/cmdline-tools/latest with following source.properties:
build	Setup Android SDK	2026-07-29T15:56:04.8633453Z Pkg.Revision=12.0
build	Setup Android SDK	2026-07-29T15:56:04.8634128Z Pkg.Path=cmdline-tools;12.0
build	Setup Android SDK	2026-07-29T15:56:04.8634540Z Pkg.Desc=Android SDK Command-line Tools
build	Setup Android SDK	2026-07-29T15:56:04.8634821Z 
build	Setup Android SDK	2026-07-29T15:56:04.8635052Z Wrong version in preinstalled sdkmanager
build	Setup Android SDK	2026-07-29T15:56:04.8636155Z Downloading commandline tools from https://dl.google.com/android/repository/commandlinetools-linux-12266719_latest.zip
build	Setup Android SDK	2026-07-29T15:56:05.9219879Z [command]/usr/bin/unzip -o -q /home/runner/work/_temp/9238edd9-3fe1-4678-949d-16c1bfdde877
build	Setup Android SDK	2026-07-29T15:56:06.7116842Z Accepting Android SDK licenses
build	Setup Android SDK	2026-07-29T15:56:06.7122755Z [command]/usr/local/lib/android/sdk/cmdline-tools/16.0/bin/sdkmanager --licenses
build	Setup Android SDK	2026-07-29T15:56:10.8622309Z Loading local repository...                                                     
build	Setup Android SDK	2026-07-29T15:56:10.8623522Z [=========                              ] 25% Loading local repository...       
build	Setup Android SDK	2026-07-29T15:56:13.8874169Z [=========                              ] 25% Fetch remote repository...        
build	Setup Android SDK	2026-07-29T15:56:14.2938973Z [==========                             ] 26% Fetch remote repository...        
build	Setup Android SDK	2026-07-29T15:56:14.2945079Z [============                           ] 31% Fetch remote repository...        
build	Setup Android SDK	2026-07-29T15:56:14.3263291Z [============                           ] 32% Fetch remote repository...        
build	Setup Android SDK	2026-07-29T15:56:14.3266678Z [=============                          ] 33% Fetch remote repository...        
build	Setup Android SDK	2026-07-29T15:56:14.3561581Z [=============                          ] 35% Fetch remote repository...        
build	Setup Android SDK	2026-07-29T15:56:14.3562677Z [==============                         ] 36% Fetch remote repository...        
build	Setup Android SDK	2026-07-29T15:56:14.3960304Z [==============                         ] 37% Fetch remote repository...        
build	Setup Android SDK	2026-07-29T15:56:14.3974877Z [===============                        ] 38% Fetch remote repository...        
build	Setup Android SDK	2026-07-29T15:56:14.4172253Z [===============                        ] 39% Fetch remote repository...        
build	Setup Android SDK	2026-07-29T15:56:14.4185661Z [================                       ] 40% Fetch remote repository...        
build	Setup Android SDK	2026-07-29T15:56:14.4431692Z [================                       ] 41% Fetch remote repository...        
build	Setup Android SDK	2026-07-29T15:56:14.4435207Z [================                       ] 42% Fetch remote repository...        
build	Setup Android SDK	2026-07-29T15:56:14.4959166Z [=================                      ] 44% Fetch remote repository...        
build	Setup Android SDK	2026-07-29T15:56:14.4961907Z [=================                      ] 45% Fetch remote repository...        
build	Setup Android SDK	2026-07-29T15:56:14.5142058Z [==================                     ] 46% Fetch remote repository...        
build	Setup Android SDK	2026-07-29T15:56:14.5144983Z [==================                     ] 47% Fetch remote repository...        
build	Setup Android SDK	2026-07-29T15:56:14.5323473Z [===================                    ] 48% Fetch remote repository...        
build	Setup Android SDK	2026-07-29T15:56:14.5327260Z [===================                    ] 49% Fetch remote repository...        
build	Setup Android SDK	2026-07-29T15:56:14.5564198Z [====================                   ] 50% Fetch remote repository...        
build	Setup Android SDK	2026-07-29T15:56:14.5569065Z [====================                   ] 51% Fetch remote repository...        
build	Setup Android SDK	2026-07-29T15:56:14.5779000Z [====================                   ] 53% Fetch remote repository...        
build	Setup Android SDK	2026-07-29T15:56:14.5780354Z [=====================                  ] 54% Fetch remote repository...        
build	Setup Android SDK	2026-07-29T15:56:14.5995883Z [=====================                  ] 55% Fetch remote repository...        
build	Setup Android SDK	2026-07-29T15:56:14.5997348Z [======================                 ] 56% Fetch remote repository...        
build	Setup Android SDK	2026-07-29T15:56:14.6326854Z [======================                 ] 57% Fetch remote repository...        
build	Setup Android SDK	2026-07-29T15:56:14.6340700Z [=======================                ] 58% Fetch remote repository...        
build	Setup Android SDK	2026-07-29T15:56:14.6521702Z [=======================                ] 59% Fetch remote repository...        
build	Setup Android SDK	2026-07-29T15:56:14.6522911Z [========================               ] 60% Fetch remote repository...        
build	Setup Android SDK	2026-07-29T15:56:14.6700575Z [========================               ] 61% Fetch remote repository...        
build	Setup Android SDK	2026-07-29T15:56:14.6701629Z [=========================              ] 63% Fetch remote repository...        
build	Setup Android SDK	2026-07-29T15:56:14.6877053Z [=========================              ] 64% Fetch remote repository...        
build	Setup Android SDK	2026-07-29T15:56:14.6906394Z [=========================              ] 65% Fetch remote repository...        
build	Setup Android SDK	2026-07-29T15:56:14.7073489Z [==========================             ] 66% Fetch remote repository...        
build	Setup Android SDK	2026-07-29T15:56:14.7074817Z [==========================             ] 67% Fetch remote repository...        
build	Setup Android SDK	2026-07-29T15:56:14.7413371Z [===========================            ] 68% Fetch remote repository...        
build	Setup Android SDK	2026-07-29T15:56:14.7415058Z [===========================            ] 69% Fetch remote repository...        
build	Setup Android SDK	2026-07-29T15:56:14.8236596Z [============================           ] 70% Fetch remote repository...        
build	Setup Android SDK	2026-07-29T15:56:14.8238152Z [============================           ] 72% Fetch remote repository...        
build	Setup Android SDK	2026-07-29T15:56:14.8816197Z [=============================          ] 73% Fetch remote repository...        
build	Setup Android SDK	2026-07-29T15:56:14.8820171Z [=============================          ] 74% Fetch remote repository...        
build	Setup Android SDK	2026-07-29T15:56:14.8925154Z [=============================          ] 75% Fetch remote repository...        
build	Setup Android SDK	2026-07-29T15:56:14.9065534Z [=============================          ] 75% Computing updates...              
build	Setup Android SDK	2026-07-29T15:56:14.9075144Z [=======================================] 100% Computing updates...             
build	Setup Android SDK	2026-07-29T15:56:14.9541627Z 6 of 7 SDK package licenses not accepted.
build	Setup Android SDK	2026-07-29T15:56:14.9560222Z Review licenses that have not been accepted (y/N)? 
build	Setup Android SDK	2026-07-29T15:56:14.9582875Z 1/6: License android-googletv-license:
build	Setup Android SDK	2026-07-29T15:56:14.9595014Z ---------------------------------------
build	Setup Android SDK	2026-07-29T15:56:14.9595881Z Terms and Conditions
build	Setup Android SDK	2026-07-29T15:56:14.9596401Z 
build	Setup Android SDK	2026-07-29T15:56:14.9597012Z This is the Google TV Add-on for the Android Software Development Kit License Agreement.
build	Setup Android SDK	2026-07-29T15:56:14.9597790Z 
build	Setup Android SDK	2026-07-29T15:56:14.9598095Z 1. Introduction
build	Setup Android SDK	2026-07-29T15:56:14.9598477Z 
build	Setup Android SDK	2026-07-29T15:56:14.9600947Z 1.1 The Google TV Add-on for the Android Software Development Kit (referred to in this License Agreement as the "Google TV Add-on" and specifically including the Android system files, packaged APIs, and Google APIs add-ons) is licensed to you subject to the terms of this License Agreement. This License Agreement forms a legally binding contract between you and Google in relation to your use of the Google TV Add-on.
build	Setup Android SDK	2026-07-29T15:56:14.9603644Z 
build	Setup Android SDK	2026-07-29T15:56:14.9604881Z 1.2 "Google" means Google Inc., a Delaware corporation with principal place of business at 1600 Amphitheatre Parkway, Mountain View, CA 94043, United States.
build	Setup Android SDK	2026-07-29T15:56:14.9606057Z 
build	Setup Android SDK	2026-07-29T15:56:14.9606820Z 2. Accepting this License Agreement
build	Setup Android SDK	2026-07-29T15:56:14.9607288Z 
build	Setup Android SDK	2026-07-29T15:56:14.9608316Z 2.1 In order to use the Google TV Add-on, you must first agree to this License Agreement. You may not use the Google TV Add-on if you do not accept this License Agreement.
build	Setup Android SDK	2026-07-29T15:56:14.9609465Z 
build	Setup Android SDK	2026-07-29T15:56:14.9609808Z 2.2 You can accept this License Agreement by:
build	Setup Android SDK	2026-07-29T15:56:14.9610316Z 
build	Setup Android SDK	2026-07-29T15:56:14.9610999Z (A) clicking to accept or agree to this License Agreement, where this option is made available to you; or
build	Setup Android SDK	2026-07-29T15:56:14.9611854Z 
build	Setup Android SDK	2026-07-29T15:56:14.9612875Z (B) by actually using the Google TV Add-on. In this case, you agree that use of the Google TV Add-on constitutes acceptance of the License Agreement from that point onwards.
build	Setup Android SDK	2026-07-29T15:56:14.9614349Z 
build	Setup Android SDK	2026-07-29T15:56:14.9616097Z 2.3 You may not use the Google TV Add-on and may not accept the Licensing Agreement if you are a person barred from receiving the Google TV Add-on under the laws of the United States or other countries including the country in which you are resident or from which you use the Google TV Add-on.
build	Setup Android SDK	2026-07-29T15:56:14.9626409Z 
build	Setup Android SDK	2026-07-29T15:56:14.9628779Z 2.4 If you are agreeing to be bound by this License Agreement on behalf of your employer or other entity, you represent and warrant that you have full legal authority to bind your employer or such entity to this License Agreement. If you do not have the requisite authority, you may not accept the Licensing Agreement or use the Google TV Add-on on behalf of your employer or other entity.
build	Setup Android SDK	2026-07-29T15:56:14.9636893Z 
build	Setup Android SDK	2026-07-29T15:56:14.9637320Z 3. Google TV Add-on License from Google
build	Setup Android SDK	2026-07-29T15:56:14.9637850Z 
build	Setup Android SDK	2026-07-29T15:56:14.9639344Z 3.1 Subject to the terms of this License Agreement, Google grants you a limited, worldwide, royalty-free, non- assignable and non-exclusive license to use the Google TV Add-on solely to develop applications to run on the Google TV platform.
build	Setup Android SDK	2026-07-29T15:56:14.9641058Z 
build	Setup Android SDK	2026-07-29T15:56:14.9643522Z 3.2 You agree that Google or third parties own all legal right, title and interest in and to the Google TV Add-on, including any Intellectual Property Rights that subsist in the Google TV Add-on. "Intellectual Property Rights" means any and all rights under patent law, copyright law, trade secret law, trademark law, and any and all other proprietary rights. Google reserves all rights not expressly granted to you.
build	Setup Android SDK	2026-07-29T15:56:14.9646501Z 
build	Setup Android SDK	2026-07-29T15:56:14.9650094Z 3.3 Except to the extent required by applicable third party licenses, you may not copy (except for backup purposes), modify, adapt, redistribute, decompile, reverse engineer, disassemble, or create derivative works of the Google TV Add-on or any part of the Google TV Add-on. Except to the extent required by applicable third party licenses, you may not load any part of the Google TV Add-on onto a mobile handset, television, or any other hardware device except a personal computer, combine any part of the Google TV Add-on with other software, or distribute any software or device incorporating a part of the Google TV Add-on.
build	Setup Android SDK	2026-07-29T15:56:14.9657710Z 
build	Setup Android SDK	2026-07-29T15:56:14.9659224Z 3.4 Use, reproduction and distribution of components of the Google TV Add-on licensed under an open source software license are governed solely by the terms of that open source software license and not this License Agreement.
build	Setup Android SDK	2026-07-29T15:56:14.9661111Z 
build	Setup Android SDK	2026-07-29T15:56:14.9664396Z 3.5 You agree that the form and nature of the Google TV Add-on that Google provides may change without prior notice to you and that future versions of the Google TV Add-on may be incompatible with applications developed on previous versions of the Google TV Add-on. You agree that Google may stop (permanently or temporarily) providing the Google TV Add-on (or any features within the Google TV Add-on) to you or to users generally at Google's sole discretion, without prior notice to you.
build	Setup Android SDK	2026-07-29T15:56:14.9677263Z 
build	Setup Android SDK	2026-07-29T15:56:14.9680783Z 3.6 Nothing in this License Agreement gives you a right to use any of Google's or it’s licensors’ trade names, trademarks, service marks, logos, domain names, or other distinctive brand features.
build	Setup Android SDK	2026-07-29T15:56:14.9696376Z 
build	Setup Android SDK	2026-07-29T15:56:14.9697719Z 3.7 You agree that you will not remove, obscure, or alter any proprietary rights notices (including copyright and trademark notices) that may be affixed to or contained within the Google TV Add-on.
build	Setup Android SDK	2026-07-29T15:56:14.9711024Z 
build	Setup Android SDK	2026-07-29T15:56:14.9711428Z 4. Use of the Google TV Add-on by You
build	Setup Android SDK	2026-07-29T15:56:14.9711934Z 
build	Setup Android SDK	2026-07-29T15:56:14.9719778Z 4.1 Google agrees that it obtains no right, title or interest from you (or your licensors) under this License Agreement in or to any software applications that you develop using the Google TV Add-on, including any intellectual property rights that subsist in those applications.
build	Setup Android SDK	2026-07-29T15:56:14.9722716Z 
build	Setup Android SDK	2026-07-29T15:56:14.9725713Z 4.2 You agree to use the Google TV Add-on and write applications only for purposes that are permitted by (a) this License Agreement and (b) any applicable law, regulation or generally accepted practices or guidelines in the relevant jurisdictions (including any laws regarding the export of data or software to and from the United States or other relevant countries).
build	Setup Android SDK	2026-07-29T15:56:14.9728400Z 
build	Setup Android SDK	2026-07-29T15:56:14.9732997Z 4.3 You agree that if you use the Google TV Add-on to develop applications for general public users, you will protect the privacy and legal rights of those users. If the users provide you with user names, passwords, or other login information or personal information, your must make the users aware that the information will be available to your application, and you must provide legally adequate privacy notice and protection for those users. If your application stores personal or sensitive information provided by users, it must do so securely. If the user provides your application with Google Account information, your application may only use that information to access the user's Google Account when, and for the limited purposes for which, the user has given you explicit permission to do so.
build	Setup Android SDK	2026-07-29T15:56:14.9738053Z 
build	Setup Android SDK	2026-07-29T15:56:14.9740361Z 4.4 You agree that you will not engage in any activity with the Google TV Add-on, including the development or distribution of an application, that interferes with, disrupts, damages, or accesses in an unauthorized manner the servers, networks, or other properties or services of any third party including, but not limited to, Google, Multichannel Video Program Distributors or any mobile communications carrier.
build	Setup Android SDK	2026-07-29T15:56:14.9742800Z 
build	Setup Android SDK	2026-07-29T15:56:14.9744943Z 4.5 You agree that you are solely responsible for (and that Google has no responsibility to you or to any third party for) any data, content, or resources that you create, transmit or display through the Google TV platform and/or applications for the Google TV platform, and for the consequences of your actions (including any loss or damage which Google may suffer) by doing so.
build	Setup Android SDK	2026-07-29T15:56:14.9747235Z 
build	Setup Android SDK	2026-07-29T15:56:14.9749495Z 4.6 You agree that you are solely responsible for (and that Google has no responsibility to you or to any third party for) any breach of your obligations under this License Agreement, any applicable third party contract or Terms of Service, or any applicable law or regulation, and for the consequences (including any loss or damage which Google or any third party may suffer) of any such breach.
build	Setup Android SDK	2026-07-29T15:56:14.9751900Z 
build	Setup Android SDK	2026-07-29T15:56:14.9780314Z 5. Your Developer Credentials
build	Setup Android SDK	2026-07-29T15:56:14.9780595Z 
build	Setup Android SDK	2026-07-29T15:56:14.9781519Z 5.1 You agree that you are responsible for maintaining the confidentiality of any developer credentials that may be issued to you by Google or which you may choose yourself and that you will be solely responsible for all applications that are developed under your developer credentials.
build	Setup Android SDK	2026-07-29T15:56:14.9782528Z 
build	Setup Android SDK	2026-07-29T15:56:14.9782623Z 6. Privacy and Information
build	Setup Android SDK	2026-07-29T15:56:14.9782786Z 
build	Setup Android SDK	2026-07-29T15:56:14.9784739Z 6.1 In order to continually innovate and improve the Google TV Add-on, Google may collect certain usage statistics from the software including but not limited to a unique identifier, associated IP address, version number of the software, and information on which tools and/or services in the Google TV Add-on are being used and how they are being used. Before any of this information is collected, the Google TV Add-on will notify you and seek your consent. If you withhold consent, the information will not be collected.
build	Setup Android SDK	2026-07-29T15:56:14.9786865Z 
build	Setup Android SDK	2026-07-29T15:56:14.9787303Z 6.2 The data collected is examined in the aggregate to improve the Google TV Add-on and is maintained in accordance with Google's Privacy Policy.
build	Setup Android SDK	2026-07-29T15:56:14.9787817Z 
build	Setup Android SDK	2026-07-29T15:56:14.9787964Z 7. Third Party Applications for the Google TV Platform
build	Setup Android SDK	2026-07-29T15:56:14.9788189Z 
build	Setup Android SDK	2026-07-29T15:56:14.9790066Z 7.1 If you use the Google TV Add-on to run applications developed by a third party or that access data, content or resources provided by a third party, you agree that Google is not responsible for those applications, data, content, or resources. You understand that all data, content or resources which you may access through such third party applications are the sole responsibility of the person from which they originated and that Google is not liable for any loss or damage that you may experience as a result of the use or access of any of those third party applications, data, content, or resources.
build	Setup Android SDK	2026-07-29T15:56:14.9792205Z 
build	Setup Android SDK	2026-07-29T15:56:14.9793966Z 7.2 You should be aware the data, content, and resources presented to you through such a third party application may be protected by intellectual property rights which are owned by the providers (or by other persons or companies on their behalf). You may not modify, rent, lease, loan, sell, distribute or create derivative works based on these data, content, or resources (either in whole or in part) unless you have been specifically given permission to do so by the relevant owners.
build	Setup Android SDK	2026-07-29T15:56:14.9795687Z 
build	Setup Android SDK	2026-07-29T15:56:14.9796514Z 7.3 You acknowledge that your use of such third party applications, data, content, or resources may be subject to separate terms between you and the relevant third party. In that case, this License Agreement does not affect your legal relationship with these third parties.
build	Setup Android SDK	2026-07-29T15:56:14.9797424Z 
build	Setup Android SDK	2026-07-29T15:56:14.9797521Z 8. Using Google TV APIs
build	Setup Android SDK	2026-07-29T15:56:14.9797662Z 
build	Setup Android SDK	2026-07-29T15:56:14.9800401Z 8.1 If you use any Google TV API to retrieve data from Google, you acknowledge that the data (“Google TV API Content”) may be protected by intellectual property rights which are owned by Google or those parties that provide the data (or by other persons or companies on their behalf). Your use of any such API may be subject to additional Terms of Service. You may not modify, rent, lease, loan, sell, distribute or create derivative works based on this data (either in whole or in part) unless allowed by the relevant Terms of Service. Some portions of the Google TV API Content are licensed to Google by third parties, including but not limited to Tribune Media Services
build	Setup Android SDK	2026-07-29T15:56:14.9802620Z 
build	Setup Android SDK	2026-07-29T15:56:14.9803363Z 8.2 If you use any API to retrieve a user's data from Google, you acknowledge and agree that you shall retrieve data only with the user's explicit consent and only when, and for the limited purposes for which, the user has given you permission to do so.
build	Setup Android SDK	2026-07-29T15:56:14.9804451Z 
build	Setup Android SDK	2026-07-29T15:56:14.9804736Z 8.3 Except as explicitly permitted in Section 3 (Google TV Add-on License from Google), you must:
build	Setup Android SDK	2026-07-29T15:56:14.9805096Z 
build	Setup Android SDK	2026-07-29T15:56:14.9805640Z (a) not modify nor format the Google TV API Content except to the extent reasonably and technically necessary to optimize the display such Google TV API Content in your application;
build	Setup Android SDK	2026-07-29T15:56:14.9806272Z 
build	Setup Android SDK	2026-07-29T15:56:14.9806882Z (b) not edit the Google TV API Content in a manner that renders the Google TV API Content inaccurate of alters its inherent meaning (provided that displaying excerpts will not violate the foregoing); or
build	Setup Android SDK	2026-07-29T15:56:14.9807770Z 
build	Setup Android SDK	2026-07-29T15:56:14.9808054Z (c) not create any commercial audience measurement tool or service using the Google TV API Content
build	Setup Android SDK	2026-07-29T15:56:14.9808422Z 
build	Setup Android SDK	2026-07-29T15:56:14.9808525Z 9. Terminating this License Agreement
build	Setup Android SDK	2026-07-29T15:56:14.9808707Z 
build	Setup Android SDK	2026-07-29T15:56:14.9809006Z 9.1 This License Agreement will continue to apply until terminated by either you or Google as set out below.
build	Setup Android SDK	2026-07-29T15:56:14.9809405Z 
build	Setup Android SDK	2026-07-29T15:56:14.9809820Z 9.2 If you want to terminate this License Agreement, you may do so by ceasing your use of the Google TV Add-on and any relevant developer credentials.
build	Setup Android SDK	2026-07-29T15:56:14.9810330Z 
build	Setup Android SDK	2026-07-29T15:56:14.9810506Z 9.3 Google may at any time, terminate this License Agreement with you if:
build	Setup Android SDK	2026-07-29T15:56:14.9810788Z 
build	Setup Android SDK	2026-07-29T15:56:14.9810945Z (A) you have breached any provision of this License Agreement; or
build	Setup Android SDK	2026-07-29T15:56:14.9811200Z 
build	Setup Android SDK	2026-07-29T15:56:14.9811307Z (B) Google is required to do so by law; or
build	Setup Android SDK	2026-07-29T15:56:14.9811494Z 
build	Setup Android SDK	2026-07-29T15:56:14.9812104Z (C) the partner with whom Google offered certain parts of Google TV Add-on (such as APIs) to you has terminated its relationship with Google or ceased to offer certain parts of the Google TV Add-on to you; or
build	Setup Android SDK	2026-07-29T15:56:14.9812931Z 
build	Setup Android SDK	2026-07-29T15:56:14.9814186Z (D) Google decides to no longer providing the Google TV Add-on or certain parts of the Google TV Add-on to users in the country in which you are resident or from which you use the service, or the provision of the Google TV Add-on or certain Google TV Add-on services to you by Google is, in Google's sole discretion, no longer commercially viable.
build	Setup Android SDK	2026-07-29T15:56:14.9815333Z 
build	Setup Android SDK	2026-07-29T15:56:14.9816717Z 9.4 When this License Agreement comes to an end, all of the legal rights, obligations and liabilities that you and Google have benefited from, been subject to (or which have accrued over time whilst this License Agreement has been in force) or which are expressed to continue indefinitely, shall be unaffected by this cessation, and the provisions of paragraph 14.7 shall continue to apply to such rights, obligations and liabilities indefinitely.
build	Setup Android SDK	2026-07-29T15:56:14.9818196Z 
build	Setup Android SDK	2026-07-29T15:56:14.9818299Z 10. DISCLAIMER OF WARRANTIES
build	Setup Android SDK	2026-07-29T15:56:14.9818451Z 
build	Setup Android SDK	2026-07-29T15:56:14.9819033Z 10.1 YOU EXPRESSLY UNDERSTAND AND AGREE THAT YOUR USE OF THE GOOGLE TV ADD-ON IS AT YOUR SOLE RISK AND THAT THE GOOGLE TV ADD-ON IS PROVIDED "AS IS" AND "AS AVAILABLE" WITHOUT WARRANTY OF ANY KIND FROM GOOGLE.
build	Setup Android SDK	2026-07-29T15:56:14.9819703Z 
build	Setup Android SDK	2026-07-29T15:56:14.9820565Z 10.2 YOUR USE OF THE GOOGLE TV ADD-ON AND ANY MATERIAL DOWNLOADED OR OTHERWISE OBTAINED THROUGH THE USE OF THE GOOGLE TV ADD-ON IS AT YOUR OWN DISCRETION AND RISK AND YOU ARE SOLELY RESPONSIBLE FOR ANY DAMAGE TO YOUR COMPUTER SYSTEM OR OTHER DEVICE OR LOSS OF DATA THAT RESULTS FROM SUCH USE.
build	Setup Android SDK	2026-07-29T15:56:14.9821520Z 
build	Setup Android SDK	2026-07-29T15:56:14.9822313Z 10.3 GOOGLE FURTHER EXPRESSLY DISCLAIMS ALL WARRANTIES AND CONDITIONS OF ANY KIND, WHETHER EXPRESS OR IMPLIED, INCLUDING, BUT NOT LIMITED TO THE IMPLIED WARRANTIES AND CONDITIONS OF MERCHANTABILITY, FITNESS FOR A PARTICULAR PURPOSE AND NON-INFRINGEMENT.
build	Setup Android SDK	2026-07-29T15:56:14.9823197Z 
build	Setup Android SDK	2026-07-29T15:56:14.9823282Z 11. LIMITATION OF LIABILITY
build	Setup Android SDK	2026-07-29T15:56:14.9823431Z 
build	Setup Android SDK	2026-07-29T15:56:14.9824991Z 11.1 YOU EXPRESSLY UNDERSTAND AND AGREE THAT GOOGLE, ITS SUBSIDIARIES AND AFFILIATES, AND ITS LICENSORS SHALL NOT BE LIABLE TO YOU UNDER ANY THEORY OF LIABILITY FOR ANY DIRECT, INDIRECT, INCIDENTAL, SPECIAL CONSEQUENTIAL OR EXEMPLARY DAMAGES THAT MAY BE INCURRED BY YOU, INCLUDING ANY LOSS OF DATA, WHETHER OR NOT GOOGLE OR ITS REPRESENTATIVES HAVE BEEN ADVISED OF OR SHOULD HAVE BEEN AWARE OF THE POSSIBILITY OF ANY SUCH LOSSES ARISING.
build	Setup Android SDK	2026-07-29T15:56:14.9826437Z 
build	Setup Android SDK	2026-07-29T15:56:14.9826522Z 12. Indemnification
build	Setup Android SDK	2026-07-29T15:56:14.9826640Z 
build	Setup Android SDK	2026-07-29T15:56:14.9828965Z 12.1 To the maximum extent permitted by law, you agree to defend, indemnify and hold harmless Google, its affiliates and their respective directors, officers, employees and agents from and against any and all claims, actions, suits or proceedings, as well as any and all losses, liabilities, damages, costs and expenses (including reasonable attorneys fees) arising out of or accruing from (a) your use of the Google TV Add-on, (b) any application you develop on the Google TV Add-on that infringes any copyright, trademark, trade secret, trade dress, patent or other intellectual property right of any person or defames any person or violates their rights of publicity or privacy, and (c) any non-compliance by you with this License Agreement.
build	Setup Android SDK	2026-07-29T15:56:14.9831530Z 
build	Setup Android SDK	2026-07-29T15:56:14.9831625Z 13. Changes to the License Agreement
build	Setup Android SDK	2026-07-29T15:56:14.9831905Z 
build	Setup Android SDK	2026-07-29T15:56:14.9832207Z 13.1 Google may make changes to the License Agreement as it distributes new versions of the Google TV Add-on.
build	Setup Android SDK	2026-07-29T15:56:14.9832626Z 
build	Setup Android SDK	2026-07-29T15:56:14.9832713Z 14. General Legal Terms
build	Setup Android SDK	2026-07-29T15:56:14.9832842Z 
build	Setup Android SDK	2026-07-29T15:56:14.9835109Z 14.1 This License Agreement constitute the whole legal agreement between you and Google and govern your use of the Google TV Add-on (excluding any services which Google may provide to you under a separate written agreement), and completely replace any prior agreements between you and Google in relation to the Google TV Add-on.
build	Setup Android SDK	2026-07-29T15:56:14.9836507Z 
build	Setup Android SDK	2026-07-29T15:56:14.9837500Z 14.2 You agree that if Google does not exercise or enforce any legal right or remedy which is contained in this License Agreement (or which Google has the benefit of under any applicable law), this will not be taken to be a formal waiver of Google's rights and that those rights or remedies will still be available to Google.
build	Setup Android SDK	2026-07-29T15:56:14.9838563Z 
build	Setup Android SDK	2026-07-29T15:56:14.9839640Z 14.3 If any court of law, having the jurisdiction to decide on this matter, rules that any provision of this License Agreement is invalid, then that provision will be removed from this License Agreement without affecting the rest of this License Agreement. The remaining provisions of this License Agreement will continue to be valid and enforceable.
build	Setup Android SDK	2026-07-29T15:56:14.9840812Z 
build	Setup Android SDK	2026-07-29T15:56:14.9842714Z 14.4 You acknowledge and agree that Google’s API data licensors and each member of the group of companies of which Google is the parent shall be third party beneficiaries to this License Agreement and that such other companies shall be entitled to directly enforce, and rely upon, any provision of this License Agreement that confers a benefit on (or rights in favor of) them. Other than this, no other person or company shall be third party beneficiaries to this License Agreement.
build	Setup Android SDK	2026-07-29T15:56:14.9844529Z 
build	Setup Android SDK	2026-07-29T15:56:14.9845548Z 14.5 EXPORT RESTRICTIONS. THE GOOGLE TV ADD-ON IS SUBJECT TO UNITED STATES EXPORT LAWS AND REGULATIONS. YOU MUST COMPLY WITH ALL DOMESTIC AND INTERNATIONAL EXPORT LAWS AND REGULATIONS THAT APPLY TO THE GOOGLE TV ADD-ON. THESE LAWS INCLUDE RESTRICTIONS ON DESTINATIONS, END USERS AND END USE.
build	Setup Android SDK	2026-07-29T15:56:14.9848964Z 
build	Setup Android SDK	2026-07-29T15:56:14.9850187Z 14.6 The rights granted in this License Agreement may not be assigned or transferred by either you or Google without the prior written approval of the other party. Neither you nor Google shall be permitted to delegate their responsibilities or obligations under this License Agreement without the prior written approval of the other party.
build	Setup Android SDK	2026-07-29T15:56:14.9851374Z 
build	Setup Android SDK	2026-07-29T15:56:14.9853141Z 14.7 This License Agreement, and your relationship with Google under this License Agreement, shall be governed by the laws of the State of California without regard to its conflict of laws provisions. You and Google agree to submit to the exclusive jurisdiction of the courts located within the county of Santa Clara, California to resolve any legal matter arising from this License Agreement. Notwithstanding this, you agree that Google shall still be allowed to apply for injunctive remedies (or an equivalent type of urgent legal relief) in any jurisdiction.
build	Setup Android SDK	2026-07-29T15:56:14.9855350Z 
build	Setup Android SDK	2026-07-29T15:56:14.9855585Z 
build	Setup Android SDK	2026-07-29T15:56:14.9855689Z August 15, 2011
build	Setup Android SDK	2026-07-29T15:56:14.9855908Z ---------------------------------------
build	Setup Android SDK	2026-07-29T15:56:14.9856187Z Accept? (y/N): 
build	Setup Android SDK	2026-07-29T15:56:14.9856404Z 2/6: License android-googlexr-license:
build	Setup Android SDK	2026-07-29T15:56:14.9856669Z ---------------------------------------
build	Setup Android SDK	2026-07-29T15:56:14.9857612Z To get started with the Android XR Emulator System Image SDK, you must agree to the following terms and conditions. As described below, please note that this is a preview, emulated version of the Android XR OS, subject to change, that you use at your own risk.
build	Setup Android SDK	2026-07-29T15:56:14.9858507Z 
build	Setup Android SDK	2026-07-29T15:56:14.9858673Z This is the Android XR Emulator System Image SDK License Agreement
build	Setup Android SDK	2026-07-29T15:56:14.9858935Z 
build	Setup Android SDK	2026-07-29T15:56:14.9859011Z 1. Introduction
build	Setup Android SDK	2026-07-29T15:56:14.9859124Z 
build	Setup Android SDK	2026-07-29T15:56:14.9860499Z 1.1 The Android Android XR Emulator System Image SDK (referred to in the License Agreement as the "SDK" and specifically including the Android system files,, packaged APIs, library files (if and when they are made available), and Google applications and APIs add-ons) is licensed to you subject to the terms of the License Agreement. The License Agreement forms a legally binding contract between you and Google in relation to your use of the SDK.
build	Setup Android SDK	2026-07-29T15:56:14.9862115Z 
build	Setup Android SDK	2026-07-29T15:56:14.9862823Z 1.2 "Android" means the Android software stack for devices, as made available under the Android Open Source Project, which is located at the following URL: https://source.android.com/, as updated from time to time.
build	Setup Android SDK	2026-07-29T15:56:14.9863568Z 
build	Setup Android SDK	2026-07-29T15:56:14.9864519Z 1.3 "Google" means Google LLC, organized under the laws of the State of Delaware, USA, and operating under the laws of the USA with principal place of business at 1600 Amphitheatre Parkway, Mountain View, CA 94043, USA.
build	Setup Android SDK	2026-07-29T15:56:14.9865258Z 
build	Setup Android SDK	2026-07-29T15:56:14.9865361Z 2. Accepting this License Agreement
build	Setup Android SDK	2026-07-29T15:56:14.9865529Z 
build	Setup Android SDK	2026-07-29T15:56:14.9865918Z 2.1 In order to use the SDK, you must first agree to the License Agreement. You may not use the SDK if you do not accept the License Agreement.
build	Setup Android SDK	2026-07-29T15:56:14.9866414Z 
build	Setup Android SDK	2026-07-29T15:56:14.9866683Z 2.2 By clicking to accept and/or using this SDK, you hereby agree to the terms of the License Agreement.
build	Setup Android SDK	2026-07-29T15:56:14.9867052Z 
build	Setup Android SDK	2026-07-29T15:56:14.9867790Z 2.3 You may not use the SDK and may not accept the License Agreement if you are a person barred from receiving the SDK under the laws of the United States or other countries, including the country in which you are resident or from which you use the SDK.
build	Setup Android SDK	2026-07-29T15:56:14.9868622Z 
build	Setup Android SDK	2026-07-29T15:56:14.9869729Z 2.4 If you are agreeing to be bound by the License Agreement on behalf of your employer or other entity, you represent and warrant that you have full legal authority to bind your employer or such entity to the License Agreement. If you do not have the requisite authority, you may not accept the License Agreement or use the SDK on behalf of your employer or other entity.
build	Setup Android SDK	2026-07-29T15:56:14.9870941Z 
build	Setup Android SDK	2026-07-29T15:56:14.9871032Z 3. SDK License from Google
build	Setup Android SDK	2026-07-29T15:56:14.9871179Z 
build	Setup Android SDK	2026-07-29T15:56:14.9871887Z 3.1 Subject to the terms of the License Agreement, Google grants you a limited, worldwide, royalty-free, non-assignable, non-exclusive, and non-sublicensable license to use the SDK solely to develop applications for Android XR.
build	Setup Android SDK	2026-07-29T15:56:14.9872671Z 
build	Setup Android SDK	2026-07-29T15:56:14.9873324Z 3.2 You may not use this SDK to develop applications for other platforms or to develop another SDK. You are of course free to develop applications for other platforms provided that this SDK is not used for that purpose.
build	Setup Android SDK	2026-07-29T15:56:14.9874358Z 
build	Setup Android SDK	2026-07-29T15:56:14.9875565Z 3.3 You agree that Google or third parties own all legal right, title and interest in and to the SDK, including any Intellectual Property Rights that subsist in the SDK. "Intellectual Property Rights" means any and all rights under patent law, copyright law, trade secret law, trademark law, and any and all other proprietary rights. Google reserves all rights not expressly granted to you.
build	Setup Android SDK	2026-07-29T15:56:14.9877041Z 
build	Setup Android SDK	2026-07-29T15:56:14.9878816Z 3.4 You may not use the SDK for any purpose not expressly permitted by the License Agreement. Except to the extent required by applicable third party licenses, you may not (a) copy (except for backup purposes), modify, adapt, redistribute, decompile, reverse engineer, disassemble, or create derivative works of the SDK or any part of the SDK; or (b) load any part of the SDK onto a mobile handset or any other hardware device except a personal computer, combine any part of the SDK with other software, or distribute any software or device incorporating a part of the SDK.
build	Setup Android SDK	2026-07-29T15:56:14.9880660Z 
build	Setup Android SDK	2026-07-29T15:56:14.9881958Z 3.5 Use, reproduction and distribution of components of the SDK licensed under an open source software license are governed solely by the terms of that open source software license and not the License Agreement. You agree to remain a licensee in good standing in regard to such open source software licenses under all the rights granted and to refrain from any actions that may terminate, suspend, or breach such rights.
build	Setup Android SDK	2026-07-29T15:56:14.9883455Z 
build	Setup Android SDK	2026-07-29T15:56:14.9884960Z 3.6 You agree that the form and nature of the SDK that Google provides may change without prior notice to you and that future versions of the SDK may be incompatible with applications developed on previous versions of the SDK. You agree that Google may stop (permanently or temporarily) providing the SDK (or any features within the SDK) to you or to users generally at Google's sole discretion, without prior notice to you.
build	Setup Android SDK	2026-07-29T15:56:14.9886350Z 
build	Setup Android SDK	2026-07-29T15:56:14.9886854Z 3.7 Nothing in the License Agreement gives you a right to use any of Google's trade names, trademarks, service marks, logos, domain names, or other distinctive brand features.
build	Setup Android SDK	2026-07-29T15:56:14.9887448Z 
build	Setup Android SDK	2026-07-29T15:56:14.9887988Z 3.8 You agree that you will not remove, obscure, or alter any proprietary rights notices (including copyright and trademark notices) that may be affixed to or contained within the SDK.
build	Setup Android SDK	2026-07-29T15:56:14.9888631Z 
build	Setup Android SDK	2026-07-29T15:56:14.9888717Z 4. Use of the SDK by You
build	Setup Android SDK	2026-07-29T15:56:14.9888855Z 
build	Setup Android SDK	2026-07-29T15:56:14.9889662Z 4.1 Google agrees that it obtains no right, title or interest from you (or your licensors) under the License Agreement in or to any software applications that you develop using the SDK, including any intellectual property rights that subsist in those applications.
build	Setup Android SDK	2026-07-29T15:56:14.9890550Z 
build	Setup Android SDK	2026-07-29T15:56:14.9891628Z 4.2 You agree to use the SDK and write applications only for purposes that are permitted by (a) the License Agreement and (b) any applicable law, regulation or generally accepted practices or guidelines in the relevant jurisdictions (including any laws regarding the export of data or software to and from the United States or other relevant countries).
build	Setup Android SDK	2026-07-29T15:56:14.9892798Z 
build	Setup Android SDK	2026-07-29T15:56:14.9895497Z 4.3 You agree that if you use the SDK to develop applications for general public users, you will protect the privacy and legal rights of those users. If the users provide you with user names, passwords, or other login information or personal information, you must make the users aware that the information will be available to your application, and you must provide legally adequate privacy notice and protection for those users. If your application stores personal or sensitive information provided by users, it must do so securely. If the user provides your application with Google Account information, your application may only use that information to access the user's Google Account when, and for the limited purposes for which, the user has given you permission to do so.
build	Setup Android SDK	2026-07-29T15:56:14.9898143Z 
build	Setup Android SDK	2026-07-29T15:56:14.9899258Z 4.4 You agree that you will not engage in any activity with the SDK, including the development or distribution of an application, that interferes with, disrupts, damages, or accesses in an unauthorized manner the servers, networks, or other properties or services of any third party including, but not limited to, Google or any mobile communications carrier.
build	Setup Android SDK	2026-07-29T15:56:14.9900613Z 
build	Setup Android SDK	2026-07-29T15:56:14.9901669Z 4.5 You agree that you are solely responsible for (and that Google has no responsibility to you or to any third party for) any data, content, or resources that you create, transmit or display through Android and/or applications for Android, and for the consequences of your actions (including any loss or damage which Google may suffer) by doing so.
build	Setup Android SDK	2026-07-29T15:56:14.9902817Z 
build	Setup Android SDK	2026-07-29T15:56:14.9904248Z 4.6 You agree that you are solely responsible for (and that Google has no responsibility to you or to any third party for) any breach of your obligations under the License Agreement, any applicable third party contract or Terms of Service, or any applicable law or regulation, and for the consequences (including any loss or damage which Google or any third party may suffer) of any such breach.
build	Setup Android SDK	2026-07-29T15:56:14.9905553Z 
build	Setup Android SDK	2026-07-29T15:56:14.9906453Z 4.7 The SDK is in development, and your testing and feedback are an important part of the development process. By using the SDK, you acknowledge that implementation of some features are still under development and that you should not rely on the SDK having the full functionality of a stable release.
build	Setup Android SDK	2026-07-29T15:56:14.9907597Z 
build	Setup Android SDK	2026-07-29T15:56:14.9907689Z 5. Your Developer Credentials
build	Setup Android SDK	2026-07-29T15:56:14.9907849Z 
build	Setup Android SDK	2026-07-29T15:56:14.9908713Z 5.1 You agree that you are responsible for maintaining the confidentiality of any developer credentials that may be issued to you by Google or which you may choose yourself and that you will be solely responsible for all applications that are developed under your developer credentials.
build	Setup Android SDK	2026-07-29T15:56:14.9909676Z 
build	Setup Android SDK	2026-07-29T15:56:14.9909761Z 6. Privacy and Information
build	Setup Android SDK	2026-07-29T15:56:14.9909908Z 
build	Setup Android SDK	2026-07-29T15:56:14.9911396Z 6.1 In order to continually innovate and improve the SDK, Google may collect certain usage statistics from the software including but not limited to a unique identifier, associated IP address, version number of the software, and information on which tools and/or services in the SDK are being used and how they are being used. Before any of this information is collected, the SDK will notify you and seek your consent. If you withhold consent, the information will not be collected.
build	Setup Android SDK	2026-07-29T15:56:14.9912966Z 
build	Setup Android SDK	2026-07-29T15:56:14.9913596Z 6.2 The data collected is examined in the aggregate to improve the SDK and is maintained in accordance with Google's Privacy Policy, which is located at the following URL: https://policies.google.com/privacy
build	Setup Android SDK	2026-07-29T15:56:14.9914589Z 
build	Setup Android SDK	2026-07-29T15:56:14.9914869Z 6.3 Anonymized and aggregated sets of the data may be shared with Google partners to improve the SDK.
build	Setup Android SDK	2026-07-29T15:56:14.9915243Z 
build	Setup Android SDK	2026-07-29T15:56:14.9915331Z 7. Third Party Applications
build	Setup Android SDK	2026-07-29T15:56:14.9915484Z 
build	Setup Android SDK	2026-07-29T15:56:14.9917323Z 7.1 If you use the SDK to run applications developed by a third party or that access data, content or resources provided by a third party, you agree that Google is not responsible for those applications, data, content, or resources. You understand that all data, content or resources which you may access through such third party applications are the sole responsibility of the person from which they originated and that Google is not liable for any loss or damage that you may experience as a result of the use or access of any of those third party applications, data, content, or resources.
build	Setup Android SDK	2026-07-29T15:56:14.9919248Z 
build	Setup Android SDK	2026-07-29T15:56:14.9920764Z 7.2 You should be aware that the data, content, and resources presented to you through such a third party application may be protected by intellectual property rights which are owned by the providers (or by other persons or companies on their behalf). You may not modify, rent, lease, loan, sell, distribute or create derivative works based on these data, content, or resources (either in whole or in part) unless you have been specifically given permission to do so by the relevant owners.
build	Setup Android SDK	2026-07-29T15:56:14.9922562Z 
build	Setup Android SDK	2026-07-29T15:56:14.9923390Z 7.3 You acknowledge that your use of such third party applications, data, content, or resources may be subject to separate terms between you and the relevant third party. In that case, the License Agreement does not affect your legal relationship with these third parties.
build	Setup Android SDK	2026-07-29T15:56:14.9924506Z 
build	Setup Android SDK	2026-07-29T15:56:14.9924594Z 8. Using Android APIs
build	Setup Android SDK	2026-07-29T15:56:14.9924727Z 
build	Setup Android SDK	2026-07-29T15:56:14.9924804Z 8.1 Google Data APIs
build	Setup Android SDK	2026-07-29T15:56:14.9924932Z 
build	Setup Android SDK	2026-07-29T15:56:14.9926448Z 8.1.1 If you use any API to retrieve data from Google, you acknowledge that the data may be protected by intellectual property rights which are owned by Google or those parties that provide the data (or by other persons or companies on their behalf). Your use of any such API may be subject to additional Terms of Service. You may not modify, rent, lease, loan, sell, distribute or create derivative works based on this data (either in whole or in part) unless allowed by the relevant Terms of Service.
build	Setup Android SDK	2026-07-29T15:56:14.9928218Z 
build	Setup Android SDK	2026-07-29T15:56:14.9930899Z 8.1.2 If you use any API to retrieve a user's data from Google, you acknowledge and agree that you shall retrieve data only with the user's explicit consent and only when, and for the limited purposes for which, the user has given you permission to do so. If you use the Android Recognition Service API, documented at the following URL: https://developer.android.com/reference/android/speech/RecognitionService, as updated from time to time, you acknowledge that the use of the API is subject to the Data Processing Addendum for Products where Google is a Data Processor, which is located at the following URL: https://privacy.google.com/businesses/gdprprocessorterms/, as updated from time to time. By clicking to accept, you hereby agree to the terms of the Data Processing Addendum for Products where Google is a Data Processor.
build	Setup Android SDK	2026-07-29T15:56:14.9934878Z 
build	Setup Android SDK	2026-07-29T15:56:14.9935096Z 9. Terminating this License Agreement
build	Setup Android SDK	2026-07-29T15:56:14.9935449Z 
build	Setup Android SDK	2026-07-29T15:56:14.9935984Z 9.1 The License Agreement will continue to apply until terminated by either you or Google as set out below.
build	Setup Android SDK	2026-07-29T15:56:14.9936623Z 
build	Setup Android SDK	2026-07-29T15:56:14.9937016Z 9.2 If you want to terminate the License Agreement, you may do so by ceasing your use of the SDK and any relevant developer credentials.
build	Setup Android SDK	2026-07-29T15:56:14.9937496Z 
build	Setup Android SDK	2026-07-29T15:56:14.9940474Z 9.3 Google may at any time, terminate the License Agreement with you if: (A) you have breached any provision of the License Agreement; or (B) Google is required to do so by law; or (C) the partner with whom Google offered certain parts of SDK (such as APIs) to you has terminated its relationship with Google or ceased to offer certain parts of the SDK to you; or (D) Google decides to no longer provide the SDK or certain parts of the SDK to users in the country in which you are resident or from which you use the service, or the provision of the SDK or certain SDK services to you by Google is, in Google's sole discretion, no longer commercially viable.
build	Setup Android SDK	2026-07-29T15:56:14.9944127Z 
build	Setup Android SDK	2026-07-29T15:56:14.9946481Z 9.4 When the License Agreement comes to an end, all of the legal rights, obligations and liabilities that you and Google have benefited from, been subject to (or which have accrued over time whilst the License Agreement has been in force) or which are expressed to continue indefinitely, shall be unaffected by this cessation, and the provisions of paragraph 14.7 shall continue to apply to such rights, obligations and liabilities indefinitely.
build	Setup Android SDK	2026-07-29T15:56:14.9949094Z 
build	Setup Android SDK	2026-07-29T15:56:14.9949260Z 10. DISCLAIMER OF WARRANTIES
build	Setup Android SDK	2026-07-29T15:56:14.9949532Z 
build	Setup Android SDK	2026-07-29T15:56:14.9950403Z 10.1 YOU EXPRESSLY UNDERSTAND AND AGREE THAT YOUR USE OF THE SDK IS AT YOUR SOLE RISK AND THAT THE SDK IS PROVIDED "AS IS" AND "AS AVAILABLE" WITHOUT WARRANTY OF ANY KIND FROM GOOGLE.
build	Setup Android SDK	2026-07-29T15:56:14.9951502Z 
build	Setup Android SDK	2026-07-29T15:56:14.9952802Z 10.2 YOUR USE OF THE SDK AND ANY MATERIAL DOWNLOADED OR OTHERWISE OBTAINED THROUGH THE USE OF THE SDK IS AT YOUR OWN DISCRETION AND RISK AND YOU ARE SOLELY RESPONSIBLE FOR ANY DAMAGE TO YOUR COMPUTER SYSTEM OR OTHER DEVICE OR LOSS OF DATA THAT RESULTS FROM SUCH USE.
build	Setup Android SDK	2026-07-29T15:56:14.9954789Z 
build	Setup Android SDK	2026-07-29T15:56:14.9956107Z 10.3 GOOGLE FURTHER EXPRESSLY DISCLAIMS ALL WARRANTIES AND CONDITIONS OF ANY KIND, WHETHER EXPRESS OR IMPLIED, INCLUDING, BUT NOT LIMITED TO THE IMPLIED WARRANTIES AND CONDITIONS OF MERCHANTABILITY, FITNESS FOR A PARTICULAR PURPOSE AND NON-INFRINGEMENT.
build	Setup Android SDK	2026-07-29T15:56:14.9958102Z 
build	Setup Android SDK	2026-07-29T15:56:14.9958263Z 11. LIMITATION OF LIABILITY
build	Setup Android SDK	2026-07-29T15:56:14.9958517Z 
build	Setup Android SDK	2026-07-29T15:56:14.9960871Z 11.1 YOU EXPRESSLY UNDERSTAND AND AGREE THAT GOOGLE, ITS SUBSIDIARIES AND AFFILIATES, AND ITS LICENSORS SHALL NOT BE LIABLE TO YOU UNDER ANY THEORY OF LIABILITY FOR ANY DIRECT, INDIRECT, INCIDENTAL, SPECIAL, CONSEQUENTIAL OR EXEMPLARY DAMAGES THAT MAY BE INCURRED BY YOU, INCLUDING ANY LOSS OF DATA, WHETHER OR NOT GOOGLE OR ITS REPRESENTATIVES HAVE BEEN ADVISED OF OR SHOULD HAVE BEEN AWARE OF THE POSSIBILITY OF ANY SUCH LOSSES ARISING.
build	Setup Android SDK	2026-07-29T15:56:14.9963541Z 
build	Setup Android SDK	2026-07-29T15:56:14.9963685Z 12. Indemnification
build	Setup Android SDK	2026-07-29T15:56:14.9964113Z 
build	Setup Android SDK	2026-07-29T15:56:14.9967669Z 12.1 To the maximum extent permitted by law, you agree to defend, indemnify and hold harmless Google, its affiliates and their respective directors, officers, employees and agents from and against any and all claims, actions, suits or proceedings, as well as any and all losses, liabilities, damages, costs and expenses (including reasonable attorneys fees) arising out of or accruing from (a) your use of the SDK, (b) any application you develop on the SDK that infringes any copyright, trademark, trade secret, trade dress, patent or other intellectual property right of any person or defames any person or violates their rights of publicity or privacy, and (c) any non-compliance by you with the License Agreement.
build	Setup Android SDK	2026-07-29T15:56:14.9970043Z 
build	Setup Android SDK	2026-07-29T15:56:14.9970158Z 13. Changes to the License Agreement
build	Setup Android SDK	2026-07-29T15:56:14.9970334Z 
build	Setup Android SDK	2026-07-29T15:56:14.9971042Z 13.1 Google may make changes to the License Agreement as it distributes new versions of the SDK. When these changes are made, Google will make a new version of the License Agreement available on the website where the SDK is made available.
build	Setup Android SDK	2026-07-29T15:56:14.9971843Z 
build	Setup Android SDK	2026-07-29T15:56:14.9971922Z 14. General Legal Terms
build	Setup Android SDK	2026-07-29T15:56:14.9972055Z 
build	Setup Android SDK	2026-07-29T15:56:14.9972997Z 14.1 The License Agreement constitutes the whole legal agreement between you and Google and governs your use of the SDK (excluding any services which Google may provide to you under a separate written agreement), and completely replaces any prior agreements between you and Google in relation to the SDK.
build	Setup Android SDK	2026-07-29T15:56:14.9974337Z 
build	Setup Android SDK	2026-07-29T15:56:14.9975314Z 14.2 You agree that if Google does not exercise or enforce any legal right or remedy which is contained in the License Agreement (or which Google has the benefit of under any applicable law), this will not be taken to be a formal waiver of Google's rights and that those rights or remedies will still be available to Google.
build	Setup Android SDK	2026-07-29T15:56:14.9976378Z 
build	Setup Android SDK	2026-07-29T15:56:14.9977440Z 14.3 If any court of law, having the jurisdiction to decide on this matter, rules that any provision of the License Agreement is invalid, then that provision will be removed from the License Agreement without affecting the rest of the License Agreement. The remaining provisions of the License Agreement will continue to be valid and enforceable.
build	Setup Android SDK	2026-07-29T15:56:14.9978584Z 
build	Setup Android SDK	2026-07-29T15:56:14.9979949Z 14.4 You acknowledge and agree that each member of the group of companies of which Google is the parent shall be third party beneficiaries to the License Agreement and that such other companies shall be entitled to directly enforce, and rely upon, any provision of the License Agreement that confers a benefit on (or rights in favor of) them. Other than this, no other person or company shall be third party beneficiaries to the License Agreement.
build	Setup Android SDK	2026-07-29T15:56:14.9981645Z 
build	Setup Android SDK	2026-07-29T15:56:14.9982464Z 14.5 EXPORT RESTRICTIONS. THE SDK IS SUBJECT TO UNITED STATES EXPORT LAWS AND REGULATIONS. YOU MUST COMPLY WITH ALL DOMESTIC AND INTERNATIONAL EXPORT LAWS AND REGULATIONS THAT APPLY TO THE SDK. THESE LAWS INCLUDE RESTRICTIONS ON DESTINATIONS, END USERS AND END USE.
build	Setup Android SDK	2026-07-29T15:56:14.9983664Z 
build	Setup Android SDK	2026-07-29T15:56:14.9985820Z 14.6 The rights granted in the License Agreement may not be assigned or transferred by either you or Google without the prior written approval of the other party. Neither you nor Google shall be permitted to delegate their responsibilities or obligations under the License Agreement without the prior written approval of the other party.
build	Setup Android SDK	2026-07-29T15:56:14.9987865Z 
build	Setup Android SDK	2026-07-29T15:56:14.9990610Z 14.7 The License Agreement, and your relationship with Google under the License Agreement, shall be governed by the laws of the State of California without regard to its conflict of laws provisions. You and Google agree to submit to the exclusive jurisdiction of the courts located within the county of Santa Clara, California to resolve any legal matter arising from the License Agreement. Notwithstanding this, you agree that Google shall still be allowed to apply for injunctive remedies (or an equivalent type of urgent legal relief) in any jurisdiction.
build	Setup Android SDK	2026-07-29T15:56:14.9992827Z ---------------------------------------
build	Setup Android SDK	2026-07-29T15:56:14.9993087Z Accept? (y/N): 
build	Setup Android SDK	2026-07-29T15:56:14.9993311Z 3/6: License android-sdk-arm-dbt-license:
build	Setup Android SDK	2026-07-29T15:56:14.9993593Z ---------------------------------------
build	Setup Android SDK	2026-07-29T15:56:14.9994111Z Terms and Conditions
build	Setup Android SDK	2026-07-29T15:56:14.9994250Z 
build	Setup Android SDK	2026-07-29T15:56:14.9994408Z This is the Android Software Development Kit License Agreement
build	Setup Android SDK	2026-07-29T15:56:14.9994662Z 
build	Setup Android SDK	2026-07-29T15:56:14.9994744Z 1. Introduction
build	Setup Android SDK	2026-07-29T15:56:14.9994853Z 
build	Setup Android SDK	2026-07-29T15:56:14.9995987Z 1.1 The Android Software Development Kit (referred to in the License Agreement as the "SDK" and specifically including the Android system files, packaged APIs, and Google APIs add-ons) is licensed to you subject to the terms of the License Agreement. The License Agreement forms a legally binding contract between you and Google in relation to your use of the SDK.
build	Setup Android SDK	2026-07-29T15:56:14.9997198Z 
build	Setup Android SDK	2026-07-29T15:56:14.9997858Z 1.2 "Android" means the Android software stack for devices, as made available under the Android Open Source Project, which is located at the following URL: http://source.android.com/, as updated from time to time.
build	Setup Android SDK	2026-07-29T15:56:14.9998586Z 
build	Setup Android SDK	2026-07-29T15:56:14.9999662Z 1.3 A "compatible implementation" means any Android device that (i) complies with the Android Compatibility Definition document, which can be found at the Android compatibility website (http://source.android.com/compatibility) and which may be updated from time to time; and (ii) successfully passes the Android Compatibility Test Suite (CTS).
build	Setup Android SDK	2026-07-29T15:56:15.0000818Z 
build	Setup Android SDK	2026-07-29T15:56:15.0001270Z 1.4 "Google" means Google Inc., a Delaware corporation with principal place of business at 1600 Amphitheatre Parkway, Mountain View, CA 94043, United States.
build	Setup Android SDK	2026-07-29T15:56:15.0001832Z 
build	Setup Android SDK	2026-07-29T15:56:15.0001837Z 
build	Setup Android SDK	2026-07-29T15:56:15.0001933Z 2. Accepting the License Agreement
build	Setup Android SDK	2026-07-29T15:56:15.0002098Z 
build	Setup Android SDK	2026-07-29T15:56:15.0002486Z 2.1 In order to use the SDK, you must first agree to the License Agreement. You may not use the SDK if you do not accept the License Agreement.
build	Setup Android SDK	2026-07-29T15:56:15.0002960Z 
build	Setup Android SDK	2026-07-29T15:56:15.0003171Z 2.2 By clicking to accept, you hereby agree to the terms of the License Agreement.
build	Setup Android SDK	2026-07-29T15:56:15.0003470Z 
build	Setup Android SDK	2026-07-29T15:56:15.0004493Z 2.3 You may not use the SDK and may not accept the License Agreement if you are a person barred from receiving the SDK under the laws of the United States or other countries, including the country in which you are resident or from which you use the SDK.
build	Setup Android SDK	2026-07-29T15:56:15.0005331Z 
build	Setup Android SDK	2026-07-29T15:56:15.0006441Z 2.4 If you are agreeing to be bound by the License Agreement on behalf of your employer or other entity, you represent and warrant that you have full legal authority to bind your employer or such entity to the License Agreement. If you do not have the requisite authority, you may not accept the License Agreement or use the SDK on behalf of your employer or other entity.
build	Setup Android SDK	2026-07-29T15:56:15.0007823Z 
build	Setup Android SDK	2026-07-29T15:56:15.0007828Z 
build	Setup Android SDK	2026-07-29T15:56:15.0007915Z 3. SDK License from Google
build	Setup Android SDK	2026-07-29T15:56:15.0008061Z 
build	Setup Android SDK	2026-07-29T15:56:15.0008844Z 3.1 Subject to the terms of the License Agreement, Google grants you a limited, worldwide, royalty-free, non-assignable, non-exclusive, and non-sublicensable license to use the SDK solely to develop applications for compatible implementations of Android.
build	Setup Android SDK	2026-07-29T15:56:15.0009720Z 
build	Setup Android SDK	2026-07-29T15:56:15.0010745Z 3.2 You may not use this SDK to develop applications for other platforms (including non-compatible implementations of Android) or to develop another SDK. You are of course free to develop applications for other platforms, including non-compatible implementations of Android, provided that this SDK is not used for that purpose.
build	Setup Android SDK	2026-07-29T15:56:15.0011981Z 
build	Setup Android SDK	2026-07-29T15:56:15.0013182Z 3.3 You agree that Google or third parties own all legal right, title and interest in and to the SDK, including any Intellectual Property Rights that subsist in the SDK. "Intellectual Property Rights" means any and all rights under patent law, copyright law, trade secret law, trademark law, and any and all other proprietary rights. Google reserves all rights not expressly granted to you.
build	Setup Android SDK	2026-07-29T15:56:15.0014839Z 
build	Setup Android SDK	2026-07-29T15:56:15.0015887Z 3.4 You may not use the SDK for any purpose not expressly permitted by the License Agreement. Except to the extent required by applicable third party licenses, you may not copy (except for backup purposes), modify, adapt, redistribute, decompile, reverse engineer, disassemble, or create derivative works of the SDK or any part of the SDK.
build	Setup Android SDK	2026-07-29T15:56:15.0017022Z 
build	Setup Android SDK	2026-07-29T15:56:15.0017644Z 3.5 Use, reproduction and distribution of components of the SDK licensed under an open source software license are governed solely by the terms of that open source software license and not the License Agreement.
build	Setup Android SDK	2026-07-29T15:56:15.0018375Z 
build	Setup Android SDK	2026-07-29T15:56:15.0019670Z 3.6 You agree that the form and nature of the SDK that Google provides may change without prior notice to you and that future versions of the SDK may be incompatible with applications developed on previous versions of the SDK. You agree that Google may stop (permanently or temporarily) providing the SDK (or any features within the SDK) to you or to users generally at Google's sole discretion, without prior notice to you.
build	Setup Android SDK	2026-07-29T15:56:15.0021046Z 
build	Setup Android SDK	2026-07-29T15:56:15.0021712Z 3.7 Nothing in the License Agreement gives you a right to use any of Google's trade names, trademarks, service marks, logos, domain names, or other distinctive brand features.
build	Setup Android SDK	2026-07-29T15:56:15.0022323Z 
build	Setup Android SDK	2026-07-29T15:56:15.0023290Z 3.8 You agree that you will not remove, obscure, or alter any proprietary rights notices (including copyright and trademark notices) that may be affixed to or contained within the SDK.
build	Setup Android SDK	2026-07-29T15:56:15.0024581Z 
build	Setup Android SDK	2026-07-29T15:56:15.0024593Z 
build	Setup Android SDK	2026-07-29T15:56:15.0024690Z 4. Use of the SDK by You
build	Setup Android SDK	2026-07-29T15:56:15.0024841Z 
build	Setup Android SDK	2026-07-29T15:56:15.0025640Z 4.1 Google agrees that it obtains no right, title or interest from you (or your licensors) under the License Agreement in or to any software applications that you develop using the SDK, including any intellectual property rights that subsist in those applications.
build	Setup Android SDK	2026-07-29T15:56:15.0026535Z 
build	Setup Android SDK	2026-07-29T15:56:15.0027627Z 4.2 You agree to use the SDK and write applications only for purposes that are permitted by (a) the License Agreement and (b) any applicable law, regulation or generally accepted practices or guidelines in the relevant jurisdictions (including any laws regarding the export of data or software to and from the United States or other relevant countries).
build	Setup Android SDK	2026-07-29T15:56:15.0028800Z 
build	Setup Android SDK	2026-07-29T15:56:15.0031628Z 4.3 You agree that if you use the SDK to develop applications for general public users, you will protect the privacy and legal rights of those users. If the users provide you with user names, passwords, or other login information or personal information, you must make the users aware that the information will be available to your application, and you must provide legally adequate privacy notice and protection for those users. If your application stores personal or sensitive information provided by users, it must do so securely. If the user provides your application with Google Account information, your application may only use that information to access the user's Google Account when, and for the limited purposes for which, the user has given you permission to do so.
build	Setup Android SDK	2026-07-29T15:56:15.0035481Z 
build	Setup Android SDK	2026-07-29T15:56:15.0037385Z 4.4 You agree that you will not engage in any activity with the SDK, including the development or distribution of an application, that interferes with, disrupts, damages, or accesses in an unauthorized manner the servers, networks, or other properties or services of any third party including, but not limited to, Google or any mobile communications carrier.
build	Setup Android SDK	2026-07-29T15:56:15.0039168Z 
build	Setup Android SDK	2026-07-29T15:56:15.0040268Z 4.5 You agree that you are solely responsible for (and that Google has no responsibility to you or to any third party for) any data, content, or resources that you create, transmit or display through Android and/or applications for Android, and for the consequences of your actions (including any loss or damage which Google may suffer) by doing so.
build	Setup Android SDK	2026-07-29T15:56:15.0042192Z 
build	Setup Android SDK	2026-07-29T15:56:15.0043415Z 4.6 You agree that you are solely responsible for (and that Google has no responsibility to you or to any third party for) any breach of your obligations under the License Agreement, any applicable third party contract or Terms of Service, or any applicable law or regulation, and for the consequences (including any loss or damage which Google or any third party may suffer) of any such breach.
build	Setup Android SDK	2026-07-29T15:56:15.0045001Z 
build	Setup Android SDK	2026-07-29T15:56:15.0046644Z 4.7 This software enables the execution of intellectual property owned by Arm Limited. You agree that your use of the software, that allows execution of ARM Instruction Set Architecture (“ISA”) compliant executables for application development and debug only on x86 desktop, laptop, customer on-premise servers, and customer-procured cloud-based environments.
build	Setup Android SDK	2026-07-29T15:56:15.0047893Z 
build	Setup Android SDK	2026-07-29T15:56:15.0047994Z 5. Your Developer Credentials
build	Setup Android SDK	2026-07-29T15:56:15.0048149Z 
build	Setup Android SDK	2026-07-29T15:56:15.0049020Z 5.1 You agree that you are responsible for maintaining the confidentiality of any developer credentials that may be issued to you by Google or which you may choose yourself and that you will be solely responsible for all applications that are developed under your developer credentials.
build	Setup Android SDK	2026-07-29T15:56:15.0049978Z 
build	Setup Android SDK	2026-07-29T15:56:15.0050071Z 6. Privacy and Information
build	Setup Android SDK	2026-07-29T15:56:15.0050214Z 
build	Setup Android SDK	2026-07-29T15:56:15.0051871Z 6.1 In order to continually innovate and improve the SDK, Google may collect certain usage statistics from the software including but not limited to a unique identifier, associated IP address, version number of the software, and information on which tools and/or services in the SDK are being used and how they are being used. Before any of this information is collected, the SDK will notify you and seek your consent. If you withhold consent, the information will not be collected.
build	Setup Android SDK	2026-07-29T15:56:15.0054340Z 
build	Setup Android SDK	2026-07-29T15:56:15.0054782Z 6.2 The data collected is examined in the aggregate to improve the SDK and is maintained in accordance with Google's Privacy Policy.
build	Setup Android SDK	2026-07-29T15:56:15.0055274Z 
build	Setup Android SDK	2026-07-29T15:56:15.0055279Z 
build	Setup Android SDK	2026-07-29T15:56:15.0055372Z 7. Third Party Applications
build	Setup Android SDK	2026-07-29T15:56:15.0055528Z 
build	Setup Android SDK	2026-07-29T15:56:15.0057371Z 7.1 If you use the SDK to run applications developed by a third party or that access data, content or resources provided by a third party, you agree that Google is not responsible for those applications, data, content, or resources. You understand that all data, content or resources which you may access through such third party applications are the sole responsibility of the person from which they originated and that Google is not liable for any loss or damage that you may experience as a result of the use or access of any of those third party applications, data, content, or resources.
build	Setup Android SDK	2026-07-29T15:56:15.0059583Z 
build	Setup Android SDK	2026-07-29T15:56:15.0061083Z 7.2 You should be aware the data, content, and resources presented to you through such a third party application may be protected by intellectual property rights which are owned by the providers (or by other persons or companies on their behalf). You may not modify, rent, lease, loan, sell, distribute or create derivative works based on these data, content, or resources (either in whole or in part) unless you have been specifically given permission to do so by the relevant owners.
build	Setup Android SDK	2026-07-29T15:56:15.0062665Z 
build	Setup Android SDK	2026-07-29T15:56:15.0063491Z 7.3 You acknowledge that your use of such third party applications, data, content, or resources may be subject to separate terms between you and the relevant third party. In that case, the License Agreement does not affect your legal relationship with these third parties.
build	Setup Android SDK	2026-07-29T15:56:15.0064903Z 
build	Setup Android SDK	2026-07-29T15:56:15.0064913Z 
build	Setup Android SDK	2026-07-29T15:56:15.0065005Z 8. Using Android APIs
build	Setup Android SDK	2026-07-29T15:56:15.0065140Z 
build	Setup Android SDK	2026-07-29T15:56:15.0065227Z 8.1 Google Data APIs
build	Setup Android SDK	2026-07-29T15:56:15.0065355Z 
build	Setup Android SDK	2026-07-29T15:56:15.0066892Z 8.1.1 If you use any API to retrieve data from Google, you acknowledge that the data may be protected by intellectual property rights which are owned by Google or those parties that provide the data (or by other persons or companies on their behalf). Your use of any such API may be subject to additional Terms of Service. You may not modify, rent, lease, loan, sell, distribute or create derivative works based on this data (either in whole or in part) unless allowed by the relevant Terms of Service.
build	Setup Android SDK	2026-07-29T15:56:15.0069110Z 
build	Setup Android SDK	2026-07-29T15:56:15.0074116Z 8.1.2 If you use any API to retrieve a user's data from Google, you acknowledge and agree that you shall retrieve data only with the user's explicit consent and only when, and for the limited purposes for which, the user has given you permission to do so. If you use the Android Recognition Service API, documented at the following URL: https://developer.android.com/reference/android/speech/RecognitionService, as updated from time to time, you acknowledge that the use of the API is subject to the Data Processing Addendum for Products where Google is a Data Processor, which is located at the following URL: https://privacy.google.com/businesses/gdprprocessorterms/, as updated from time to time. By clicking to accept, you hereby agree to the terms of the Data Processing Addendum for Products where Google is a Data Processor.
build	Setup Android SDK	2026-07-29T15:56:15.0078981Z 
build	Setup Android SDK	2026-07-29T15:56:15.0078995Z 
build	Setup Android SDK	2026-07-29T15:56:15.0079187Z 9. Terminating the License Agreement
build	Setup Android SDK	2026-07-29T15:56:15.0079505Z 
build	Setup Android SDK	2026-07-29T15:56:15.0080028Z 9.1 The License Agreement will continue to apply until terminated by either you or Google as set out below.
build	Setup Android SDK	2026-07-29T15:56:15.0080723Z 
build	Setup Android SDK	2026-07-29T15:56:15.0081426Z 9.2 If you want to terminate the License Agreement, you may do so by ceasing your use of the SDK and any relevant developer credentials.
build	Setup Android SDK	2026-07-29T15:56:15.0082333Z 
build	Setup Android SDK	2026-07-29T15:56:15.0086030Z 9.3 Google may at any time, terminate the License Agreement with you if: (A) you have breached any provision of the License Agreement; or (B) Google is required to do so by law; or (C) the partner with whom Google offered certain parts of SDK (such as APIs) to you has terminated its relationship with Google or ceased to offer certain parts of the SDK to you; or (D) Google decides to no longer provide the SDK or certain parts of the SDK to users in the country in which you are resident or from which you use the service, or the provision of the SDK or certain SDK services to you by Google is, in Google's sole discretion, no longer commercially viable.
build	Setup Android SDK	2026-07-29T15:56:15.0089251Z 
build	Setup Android SDK	2026-07-29T15:56:15.0090647Z 9.4 When the License Agreement comes to an end, all of the legal rights, obligations and liabilities that you and Google have benefited from, been subject to (or which have accrued over time whilst the License Agreement has been in force) or which are expressed to continue indefinitely, shall be unaffected by this cessation, and the provisions of paragraph 14.7 shall continue to apply to such rights, obligations and liabilities indefinitely.
build	Setup Android SDK	2026-07-29T15:56:15.0092116Z 
build	Setup Android SDK	2026-07-29T15:56:15.0092120Z 
build	Setup Android SDK	2026-07-29T15:56:15.0092215Z 10. DISCLAIMER OF WARRANTIES
build	Setup Android SDK	2026-07-29T15:56:15.0092374Z 
build	Setup Android SDK	2026-07-29T15:56:15.0092882Z 10.1 YOU EXPRESSLY UNDERSTAND AND AGREE THAT YOUR USE OF THE SDK IS AT YOUR SOLE RISK AND THAT THE SDK IS PROVIDED "AS IS" AND "AS AVAILABLE" WITHOUT WARRANTY OF ANY KIND FROM GOOGLE.
build	Setup Android SDK	2026-07-29T15:56:15.0093481Z 
build	Setup Android SDK	2026-07-29T15:56:15.0094629Z 10.2 YOUR USE OF THE SDK AND ANY MATERIAL DOWNLOADED OR OTHERWISE OBTAINED THROUGH THE USE OF THE SDK IS AT YOUR OWN DISCRETION AND RISK AND YOU ARE SOLELY RESPONSIBLE FOR ANY DAMAGE TO YOUR COMPUTER SYSTEM OR OTHER DEVICE OR LOSS OF DATA THAT RESULTS FROM SUCH USE.
build	Setup Android SDK	2026-07-29T15:56:15.0095723Z 
build	Setup Android SDK	2026-07-29T15:56:15.0096513Z 10.3 GOOGLE FURTHER EXPRESSLY DISCLAIMS ALL WARRANTIES AND CONDITIONS OF ANY KIND, WHETHER EXPRESS OR IMPLIED, INCLUDING, BUT NOT LIMITED TO THE IMPLIED WARRANTIES AND CONDITIONS OF MERCHANTABILITY, FITNESS FOR A PARTICULAR PURPOSE AND NON-INFRINGEMENT.
build	Setup Android SDK	2026-07-29T15:56:15.0097391Z 
build	Setup Android SDK	2026-07-29T15:56:15.0097396Z 
build	Setup Android SDK	2026-07-29T15:56:15.0097487Z 11. LIMITATION OF LIABILITY
build	Setup Android SDK	2026-07-29T15:56:15.0097637Z 
build	Setup Android SDK	2026-07-29T15:56:15.0098990Z 11.1 YOU EXPRESSLY UNDERSTAND AND AGREE THAT GOOGLE, ITS SUBSIDIARIES AND AFFILIATES, AND ITS LICENSORS SHALL NOT BE LIABLE TO YOU UNDER ANY THEORY OF LIABILITY FOR ANY DIRECT, INDIRECT, INCIDENTAL, SPECIAL, CONSEQUENTIAL OR EXEMPLARY DAMAGES THAT MAY BE INCURRED BY YOU, INCLUDING ANY LOSS OF DATA, WHETHER OR NOT GOOGLE OR ITS REPRESENTATIVES HAVE BEEN ADVISED OF OR SHOULD HAVE BEEN AWARE OF THE POSSIBILITY OF ANY SUCH LOSSES ARISING.
build	Setup Android SDK	2026-07-29T15:56:15.0100433Z 
build	Setup Android SDK	2026-07-29T15:56:15.0100437Z 
build	Setup Android SDK	2026-07-29T15:56:15.0100513Z 12. Indemnification
build	Setup Android SDK	2026-07-29T15:56:15.0100640Z 
build	Setup Android SDK	2026-07-29T15:56:15.0102872Z 12.1 To the maximum extent permitted by law, you agree to defend, indemnify and hold harmless Google, its affiliates and their respective directors, officers, employees and agents from and against any and all claims, actions, suits or proceedings, as well as any and all losses, liabilities, damages, costs and expenses (including reasonable attorneys fees) arising out of or accruing from (a) your use of the SDK, (b) any application you develop on the SDK that infringes any copyright, trademark, trade secret, trade dress, patent or other intellectual property right of any person or defames any person or violates their rights of publicity or privacy, and (c) any non-compliance by you with the License Agreement.
build	Setup Android SDK	2026-07-29T15:56:15.0105512Z 
build	Setup Android SDK	2026-07-29T15:56:15.0105518Z 
build	Setup Android SDK	2026-07-29T15:56:15.0105619Z 13. Changes to the License Agreement
build	Setup Android SDK	2026-07-29T15:56:15.0105805Z 
build	Setup Android SDK	2026-07-29T15:56:15.0106512Z 13.1 Google may make changes to the License Agreement as it distributes new versions of the SDK. When these changes are made, Google will make a new version of the License Agreement available on the website where the SDK is made available.
build	Setup Android SDK	2026-07-29T15:56:15.0107322Z 
build	Setup Android SDK	2026-07-29T15:56:15.0107326Z 
build	Setup Android SDK	2026-07-29T15:56:15.0107407Z 14. General Legal Terms
build	Setup Android SDK	2026-07-29T15:56:15.0107553Z 
build	Setup Android SDK	2026-07-29T15:56:15.0108483Z 14.1 The License Agreement constitutes the whole legal agreement between you and Google and governs your use of the SDK (excluding any services which Google may provide to you under a separate written agreement), and completely replaces any prior agreements between you and Google in relation to the SDK.
build	Setup Android SDK	2026-07-29T15:56:15.0109510Z 
build	Setup Android SDK	2026-07-29T15:56:15.0110476Z 14.2 You agree that if Google does not exercise or enforce any legal right or remedy which is contained in the License Agreement (or which Google has the benefit of under any applicable law), this will not be taken to be a formal waiver of Google's rights and that those rights or remedies will still be available to Google.
build	Setup Android SDK	2026-07-29T15:56:15.0111678Z 
build	Setup Android SDK	2026-07-29T15:56:15.0112746Z 14.3 If any court of law, having the jurisdiction to decide on this matter, rules that any provision of the License Agreement is invalid, then that provision will be removed from the License Agreement without affecting the rest of the License Agreement. The remaining provisions of the License Agreement will continue to be valid and enforceable.
build	Setup Android SDK	2026-07-29T15:56:15.0114119Z 
build	Setup Android SDK	2026-07-29T15:56:15.0115489Z 14.4 You acknowledge and agree that each member of the group of companies of which Google is the parent shall be third party beneficiaries to the License Agreement and that such other companies shall be entitled to directly enforce, and rely upon, any provision of the License Agreement that confers a benefit on (or rights in favor of) them. Other than this, no other person or company shall be third party beneficiaries to the License Agreement.
build	Setup Android SDK	2026-07-29T15:56:15.0117273Z 
build	Setup Android SDK	2026-07-29T15:56:15.0118235Z 14.5 EXPORT RESTRICTIONS. THE SDK IS SUBJECT TO UNITED STATES EXPORT LAWS AND REGULATIONS. YOU MUST COMPLY WITH ALL DOMESTIC AND INTERNATIONAL EXPORT LAWS AND REGULATIONS THAT APPLY TO THE SDK. THESE LAWS INCLUDE RESTRICTIONS ON DESTINATIONS, END USERS AND END USE.
build	Setup Android SDK	2026-07-29T15:56:15.0119536Z 
build	Setup Android SDK	2026-07-29T15:56:15.0121111Z 14.6 The rights granted in the License Agreement may not be assigned or transferred by either you or Google without the prior written approval of the other party. Neither you nor Google shall be permitted to delegate their responsibilities or obligations under the License Agreement without the prior written approval of the other party.
build	Setup Android SDK	2026-07-29T15:56:15.0123034Z 
build	Setup Android SDK	2026-07-29T15:56:15.0126341Z 14.7 The License Agreement, and your relationship with Google under the License Agreement, shall be governed by the laws of the State of California without regard to its conflict of laws provisions. You and Google agree to submit to the exclusive jurisdiction of the courts located within the county of Santa Clara, California to resolve any legal matter arising from the License Agreement. Notwithstanding this, you agree that Google shall still be allowed to apply for injunctive remedies (or an equivalent type of urgent legal relief) in any jurisdiction.
build	Setup Android SDK	2026-07-29T15:56:15.0129673Z 
build	Setup Android SDK	2026-07-29T15:56:15.0129684Z 
build	Setup Android SDK	2026-07-29T15:56:15.0129837Z January 16, 2019
build	Setup Android SDK	2026-07-29T15:56:15.0130189Z ---------------------------------------
build	Setup Android SDK	2026-07-29T15:56:15.0130626Z Accept? (y/N): 
build	Setup Android SDK	2026-07-29T15:56:15.0131018Z 4/6: License android-sdk-preview-license:
build	Setup Android SDK	2026-07-29T15:56:15.0131498Z ---------------------------------------
build	Setup Android SDK	2026-07-29T15:56:15.0134001Z To get started with the Android SDK Preview, you must agree to the following terms and conditions. As described below, please note that this is a preview version of the Android SDK, subject to change, that you use at your own risk. The Android SDK Preview is not a stable release, and may contain errors and defects that can result in serious damage to your computer systems, devices and data.
build	Setup Android SDK	2026-07-29T15:56:15.0136837Z 
build	Setup Android SDK	2026-07-29T15:56:15.0137249Z This is the Android SDK Preview License Agreement (the "License Agreement").
build	Setup Android SDK	2026-07-29T15:56:15.0137771Z 
build	Setup Android SDK	2026-07-29T15:56:15.0137920Z 1. Introduction
build	Setup Android SDK	2026-07-29T15:56:15.0138138Z 
build	Setup Android SDK	2026-07-29T15:56:15.0141076Z 1.1 The Android SDK Preview (referred to in the License Agreement as the “Preview” and specifically including the Android system files, packaged APIs, and Preview library files, if and when they are made available) is licensed to you subject to the terms of the License Agreement. The License Agreement forms a legally binding contract between you and Google in relation to your use of the Preview.
build	Setup Android SDK	2026-07-29T15:56:15.0143500Z 
build	Setup Android SDK	2026-07-29T15:56:15.0144970Z 1.2 "Android" means the Android software stack for devices, as made available under the Android Open Source Project, which is located at the following URL: http://source.android.com/, as updated from time to time.
build	Setup Android SDK	2026-07-29T15:56:15.0146731Z 
build	Setup Android SDK	2026-07-29T15:56:15.0147536Z 1.3 "Google" means Google Inc., a Delaware corporation with principal place of business at 1600 Amphitheatre Parkway, Mountain View, CA 94043, United States.
build	Setup Android SDK	2026-07-29T15:56:15.0148510Z 
build	Setup Android SDK	2026-07-29T15:56:15.0148684Z 2. Accepting the License Agreement
build	Setup Android SDK	2026-07-29T15:56:15.0148970Z 
build	Setup Android SDK	2026-07-29T15:56:15.0149689Z 2.1 In order to use the Preview, you must first agree to the License Agreement. You may not use the Preview if you do not accept the License Agreement.
build	Setup Android SDK	2026-07-29T15:56:15.0150574Z 
build	Setup Android SDK	2026-07-29T15:56:15.0151072Z 2.2 By clicking to accept and/or using the Preview, you hereby agree to the terms of the License Agreement.
build	Setup Android SDK	2026-07-29T15:56:15.0151727Z 
build	Setup Android SDK	2026-07-29T15:56:15.0153104Z 2.3 You may not use the Preview and may not accept the License Agreement if you are a person barred from receiving the Preview under the laws of the United States or other countries including the country in which you are resident or from which you use the Preview.
build	Setup Android SDK	2026-07-29T15:56:15.0155096Z 
build	Setup Android SDK	2026-07-29T15:56:15.0157478Z 2.4 If you will use the Preview internally within your company or organization you agree to be bound by the License Agreement on behalf of your employer or other entity, and you represent and warrant that you have full legal authority to bind your employer or such entity to the License Agreement. If you do not have the requisite authority, you may not accept the License Agreement or use the Preview on behalf of your employer or other entity.
build	Setup Android SDK	2026-07-29T15:56:15.0160001Z 
build	Setup Android SDK	2026-07-29T15:56:15.0160164Z 3. Preview License from Google
build	Setup Android SDK	2026-07-29T15:56:15.0160450Z 
build	Setup Android SDK	2026-07-29T15:56:15.0162143Z 3.1 Subject to the terms of the License Agreement, Google grants you a royalty-free, non-assignable, non-exclusive, non-sublicensable, limited, revocable license to use the Preview, personally or internally within your company or organization, solely to develop applications to run on the Android platform.
build	Setup Android SDK	2026-07-29T15:56:15.0164417Z 
build	Setup Android SDK	2026-07-29T15:56:15.0166617Z 3.2 You agree that Google or third parties owns all legal right, title and interest in and to the Preview, including any Intellectual Property Rights that subsist in the Preview. "Intellectual Property Rights" means any and all rights under patent law, copyright law, trade secret law, trademark law, and any and all other proprietary rights. Google reserves all rights not expressly granted to you.
build	Setup Android SDK	2026-07-29T15:56:15.0168955Z 
build	Setup Android SDK	2026-07-29T15:56:15.0172249Z 3.3 You may not use the Preview for any purpose not expressly permitted by the License Agreement. Except to the extent required by applicable third party licenses, you may not: (a) copy (except for backup purposes), modify, adapt, redistribute, decompile, reverse engineer, disassemble, or create derivative works of the Preview or any part of the Preview; or (b) load any part of the Preview onto a mobile handset or any other hardware device except a personal computer, combine any part of the Preview with other software, or distribute any software or device incorporating a part of the Preview.
build	Setup Android SDK	2026-07-29T15:56:15.0175935Z 
build	Setup Android SDK	2026-07-29T15:56:15.0177364Z 3.4 You agree that you will not take any actions that may cause or result in the fragmentation of Android, including but not limited to distributing, participating in the creation of, or promoting in any way a software development kit derived from the Preview.
build	Setup Android SDK	2026-07-29T15:56:15.0178927Z 
build	Setup Android SDK	2026-07-29T15:56:15.0181253Z 3.5 Use, reproduction and distribution of components of the Preview licensed under an open source software license are governed solely by the terms of that open source software license and not the License Agreement. You agree to remain a licensee in good standing in regard to such open source software licenses under all the rights granted and to refrain from any actions that may terminate, suspend, or breach such rights.
build	Setup Android SDK	2026-07-29T15:56:15.0183726Z 
build	Setup Android SDK	2026-07-29T15:56:15.0186599Z 3.6 You agree that the form and nature of the Preview that Google provides may change without prior notice to you and that future versions of the Preview may be incompatible with applications developed on previous versions of the Preview. You agree that Google may stop (permanently or temporarily) providing the Preview (or any features within the Preview) to you or to users generally at Google's sole discretion, without prior notice to you.
build	Setup Android SDK	2026-07-29T15:56:15.0189212Z 
build	Setup Android SDK	2026-07-29T15:56:15.0190060Z 3.7 Nothing in the License Agreement gives you a right to use any of Google's trade names, trademarks, service marks, logos, domain names, or other distinctive brand features.
build	Setup Android SDK	2026-07-29T15:56:15.0191091Z 
build	Setup Android SDK	2026-07-29T15:56:15.0192069Z 3.8 You agree that you will not remove, obscure, or alter any proprietary rights notices (including copyright and trademark notices) that may be affixed to or contained within the Preview.
build	Setup Android SDK	2026-07-29T15:56:15.0193265Z 
build	Setup Android SDK	2026-07-29T15:56:15.0193440Z 4. Use of the Preview by You
build	Setup Android SDK	2026-07-29T15:56:15.0193708Z 
build	Setup Android SDK	2026-07-29T15:56:15.0195534Z 4.1 Google agrees that nothing in the License Agreement gives Google any right, title or interest from you (or your licensors) under the License Agreement in or to any software applications that you develop using the Preview, including any intellectual property rights that subsist in those applications.
build	Setup Android SDK	2026-07-29T15:56:15.0197559Z 
build	Setup Android SDK	2026-07-29T15:56:15.0199499Z 4.2 You agree to use the Preview and write applications only for purposes that are permitted by (a) the License Agreement, and (b) any applicable law, regulation or generally accepted practices or guidelines in the relevant jurisdictions (including any laws regarding the export of data or software to and from the United States or other relevant countries).
build	Setup Android SDK	2026-07-29T15:56:15.0201605Z 
build	Setup Android SDK	2026-07-29T15:56:15.0205937Z 4.3 You agree that if you use the Preview to develop applications, you will protect the privacy and legal rights of users. If users provide you with user names, passwords, or other login information or personal information, you must make the users aware that the information will be available to your application, and you must provide legally adequate privacy notice and protection for those users. If your application stores personal or sensitive information provided by users, it must do so securely. If users provide you with Google Account information, your application may only use that information to access the user's Google Account when, and for the limited purposes for which, each user has given you permission to do so.
build	Setup Android SDK	2026-07-29T15:56:15.0210182Z 
build	Setup Android SDK	2026-07-29T15:56:15.0211800Z 4.4 You agree that you will not engage in any activity with the Preview, including the development or distribution of an application, that interferes with, disrupts, damages, or accesses in an unauthorized manner the servers, networks, or other properties or services of Google or any third party.
build	Setup Android SDK	2026-07-29T15:56:15.0213572Z 
build	Setup Android SDK	2026-07-29T15:56:15.0215646Z 4.5 You agree that you are solely responsible for (and that Google has no responsibility to you or to any third party for) any data, content, or resources that you create, transmit or display through Android and/or applications for Android, and for the consequences of your actions (including any loss or damage which Google may suffer) by doing so.
build	Setup Android SDK	2026-07-29T15:56:15.0217694Z 
build	Setup Android SDK	2026-07-29T15:56:15.0219817Z 4.6 You agree that you are solely responsible for (and that Google has no responsibility to you or to any third party for) any breach of your obligations under the License Agreement, any applicable third party contract or Terms of Service, or any applicable law or regulation, and for the consequences (including any loss or damage which Google or any third party may suffer) of any such breach.
build	Setup Android SDK	2026-07-29T15:56:15.0222120Z 
build	Setup Android SDK	2026-07-29T15:56:15.0225002Z 4.7 The Preview is in development, and your testing and feedback are an important part of the development process. By using the Preview, you acknowledge that implementation of some features are still under development and that you should not rely on the Preview having the full functionality of a stable release. You agree not to publicly distribute or ship any application using this Preview as this Preview will no longer be supported after the official Android SDK is released.
build	Setup Android SDK	2026-07-29T15:56:15.0227957Z 
build	Setup Android SDK	2026-07-29T15:56:15.0228128Z 5. Your Developer Credentials
build	Setup Android SDK	2026-07-29T15:56:15.0228404Z 
build	Setup Android SDK	2026-07-29T15:56:15.0230035Z 5.1 You agree that you are responsible for maintaining the confidentiality of any developer credentials that may be issued to you by Google or which you may choose yourself and that you will be solely responsible for all applications that are developed under your developer credentials.
build	Setup Android SDK	2026-07-29T15:56:15.0232547Z 
build	Setup Android SDK	2026-07-29T15:56:15.0232778Z 6. Privacy and Information
build	Setup Android SDK	2026-07-29T15:56:15.0233171Z 
build	Setup Android SDK	2026-07-29T15:56:15.0237260Z 6.1 In order to continually innovate and improve the Preview, Google may collect certain usage statistics from the software including but not limited to a unique identifier, associated IP address, version number of the software, and information on which tools and/or services in the Preview are being used and how they are being used. Before any of this information is collected, the Preview will notify you and seek your consent. If you withhold consent, the information will not be collected.
build	Setup Android SDK	2026-07-29T15:56:15.0241674Z 
build	Setup Android SDK	2026-07-29T15:56:15.0243121Z 6.2 The data collected is examined in the aggregate to improve the Preview and is maintained in accordance with Google's Privacy Policy located at http://www.google.com/policies/privacy/.
build	Setup Android SDK	2026-07-29T15:56:15.0244927Z 
build	Setup Android SDK	2026-07-29T15:56:15.0245215Z 7. Third Party Applications
build	Setup Android SDK	2026-07-29T15:56:15.0245637Z 
build	Setup Android SDK	2026-07-29T15:56:15.0250040Z 7.1 If you use the Preview to run applications developed by a third party or that access data, content or resources provided by a third party, you agree that Google is not responsible for those applications, data, content, or resources. You understand that all data, content or resources which you may access through such third party applications are the sole responsibility of the person from which they originated and that Google is not liable for any loss or damage that you may experience as a result of the use or access of any of those third party applications, data, content, or resources.
build	Setup Android SDK	2026-07-29T15:56:15.0253653Z 
build	Setup Android SDK	2026-07-29T15:56:15.0256494Z 7.2 You should be aware the data, content, and resources presented to you through such a third party application may be protected by intellectual property rights which are owned by the providers (or by other persons or companies on their behalf). You may not modify, rent, lease, loan, sell, distribute or create derivative works based on these data, content, or resources (either in whole or in part) unless you have been specifically given permission to do so by the relevant owners.
build	Setup Android SDK	2026-07-29T15:56:15.0259507Z 
build	Setup Android SDK	2026-07-29T15:56:15.0260137Z 7.3 You acknowledge that your use of such third party applications, data, content, or resources may be subject to separate terms between you and the relevant third party.
build	Setup Android SDK	2026-07-29T15:56:15.0260761Z 
build	Setup Android SDK	2026-07-29T15:56:15.0260847Z 8. Using Google APIs
build	Setup Android SDK	2026-07-29T15:56:15.0260991Z 
build	Setup Android SDK	2026-07-29T15:56:15.0261068Z 8.1 Google APIs
build	Setup Android SDK	2026-07-29T15:56:15.0261185Z 
build	Setup Android SDK	2026-07-29T15:56:15.0262711Z 8.1.1 If you use any API to retrieve data from Google, you acknowledge that the data may be protected by intellectual property rights which are owned by Google or those parties that provide the data (or by other persons or companies on their behalf). Your use of any such API may be subject to additional Terms of Service. You may not modify, rent, lease, loan, sell, distribute or create derivative works based on this data (either in whole or in part) unless allowed by the relevant Terms of Service.
build	Setup Android SDK	2026-07-29T15:56:15.0265311Z 
build	Setup Android SDK	2026-07-29T15:56:15.0266679Z 8.1.2 If you use any API to retrieve a user's data from Google, you acknowledge and agree that you shall retrieve data only with the user's explicit consent and only when, and for the limited purposes for which, the user has given you permission to do so.
build	Setup Android SDK	2026-07-29T15:56:15.0268070Z 
build	Setup Android SDK	2026-07-29T15:56:15.0268190Z 9. Terminating the License Agreement
build	Setup Android SDK	2026-07-29T15:56:15.0268377Z 
build	Setup Android SDK	2026-07-29T15:56:15.0268776Z 9.1 the License Agreement will continue to apply until terminated by either you or Google as set out below.
build	Setup Android SDK	2026-07-29T15:56:15.0269472Z 
build	Setup Android SDK	2026-07-29T15:56:15.0270036Z 9.2 If you want to terminate the License Agreement, you may do so by ceasing your use of the Preview and any relevant developer credentials.
build	Setup Android SDK	2026-07-29T15:56:15.0270652Z 
build	Setup Android SDK	2026-07-29T15:56:15.0270982Z 9.3 Google may at any time, terminate the License Agreement, with or without cause, upon notice to you.
build	Setup Android SDK	2026-07-29T15:56:15.0271682Z 
build	Setup Android SDK	2026-07-29T15:56:15.0273657Z 9.4 The License Agreement will automatically terminate without notice or other action upon the earlier of: (A) when Google ceases to provide the Preview or certain parts of the Preview to users in the country in which you are resident or from which you use the service; and (B) Google issues a final release version of the Android SDK.
build	Setup Android SDK	2026-07-29T15:56:15.0275809Z 
build	Setup Android SDK	2026-07-29T15:56:15.0277109Z 9.5 When the License Agreement is terminated, the license granted to you in the License Agreement will terminate, you will immediately cease all use of the Preview, and the provisions of paragraphs 10, 11, 12 and 14 shall survive indefinitely.
build	Setup Android SDK	2026-07-29T15:56:15.0278852Z 
build	Setup Android SDK	2026-07-29T15:56:15.0278993Z 10. DISCLAIMERS
build	Setup Android SDK	2026-07-29T15:56:15.0279187Z 
build	Setup Android SDK	2026-07-29T15:56:15.0280141Z 10.1 YOU EXPRESSLY UNDERSTAND AND AGREE THAT YOUR USE OF THE PREVIEW IS AT YOUR SOLE RISK AND THAT THE PREVIEW IS PROVIDED "AS IS" AND "AS AVAILABLE" WITHOUT WARRANTY OF ANY KIND FROM GOOGLE.
build	Setup Android SDK	2026-07-29T15:56:15.0281261Z 
build	Setup Android SDK	2026-07-29T15:56:15.0284463Z 10.2 YOUR USE OF THE PREVIEW AND ANY MATERIAL DOWNLOADED OR OTHERWISE OBTAINED THROUGH THE USE OF THE PREVIEW IS AT YOUR OWN DISCRETION AND RISK AND YOU ARE SOLELY RESPONSIBLE FOR ANY DAMAGE TO YOUR COMPUTER SYSTEM OR OTHER DEVICE OR LOSS OF DATA THAT RESULTS FROM SUCH USE. WITHOUT LIMITING THE FOREGOING, YOU UNDERSTAND THAT THE PREVIEW IS NOT A STABLE RELEASE AND MAY CONTAIN ERRORS, DEFECTS AND SECURITY VULNERABILITIES THAT CAN RESULT IN SIGNIFICANT DAMAGE, INCLUDING THE COMPLETE, IRRECOVERABLE LOSS OF USE OF YOUR COMPUTER SYSTEM OR OTHER DEVICE.
build	Setup Android SDK	2026-07-29T15:56:15.0287614Z 
build	Setup Android SDK	2026-07-29T15:56:15.0289059Z 10.3 GOOGLE FURTHER EXPRESSLY DISCLAIMS ALL WARRANTIES AND CONDITIONS OF ANY KIND, WHETHER EXPRESS OR IMPLIED, INCLUDING, BUT NOT LIMITED TO THE IMPLIED WARRANTIES AND CONDITIONS OF MERCHANTABILITY, FITNESS FOR A PARTICULAR PURPOSE AND NON-INFRINGEMENT.
build	Setup Android SDK	2026-07-29T15:56:15.0290709Z 
build	Setup Android SDK	2026-07-29T15:56:15.0290858Z 11. LIMITATION OF LIABILITY
build	Setup Android SDK	2026-07-29T15:56:15.0291105Z 
build	Setup Android SDK	2026-07-29T15:56:15.0293494Z 11.1 YOU EXPRESSLY UNDERSTAND AND AGREE THAT GOOGLE, ITS SUBSIDIARIES AND AFFILIATES, AND ITS LICENSORS SHALL NOT BE LIABLE TO YOU UNDER ANY THEORY OF LIABILITY FOR ANY DIRECT, INDIRECT, INCIDENTAL, SPECIAL, CONSEQUENTIAL OR EXEMPLARY DAMAGES THAT MAY BE INCURRED BY YOU, INCLUDING ANY LOSS OF DATA, WHETHER OR NOT GOOGLE OR ITS REPRESENTATIVES HAVE BEEN ADVISED OF OR SHOULD HAVE BEEN AWARE OF THE POSSIBILITY OF ANY SUCH LOSSES ARISING.
build	Setup Android SDK	2026-07-29T15:56:15.0296201Z 
build	Setup Android SDK	2026-07-29T15:56:15.0296355Z 12. Indemnification
build	Setup Android SDK	2026-07-29T15:56:15.0296554Z 
build	Setup Android SDK	2026-07-29T15:56:15.0300946Z 12.1 To the maximum extent permitted by law, you agree to defend, indemnify and hold harmless Google, its affiliates and their respective directors, officers, employees and agents from and against any and all claims, actions, suits or proceedings, as well as any and all losses, liabilities, damages, costs and expenses (including reasonable attorneys’ fees) arising out of or accruing from (a) your use of the Preview, (b) any application you develop on the Preview that infringes any Intellectual Property Rights of any person or defames any person or violates their rights of publicity or privacy, and (c) any non-compliance by you of the License Agreement.
build	Setup Android SDK	2026-07-29T15:56:15.0304996Z 
build	Setup Android SDK	2026-07-29T15:56:15.0305195Z 13. Changes to the License Agreement
build	Setup Android SDK	2026-07-29T15:56:15.0305918Z 
build	Setup Android SDK	2026-07-29T15:56:15.0307303Z 13.1 Google may make changes to the License Agreement as it distributes new versions of the Preview. When these changes are made, Google will make a new version of the License Agreement available on the website where the Preview is made available.
build	Setup Android SDK	2026-07-29T15:56:15.0308856Z 
build	Setup Android SDK	2026-07-29T15:56:15.0309014Z 14. General Legal Terms
build	Setup Android SDK	2026-07-29T15:56:15.0309237Z 
build	Setup Android SDK	2026-07-29T15:56:15.0311054Z 14.1 the License Agreement constitutes the whole legal agreement between you and Google and governs your use of the Preview (excluding any services which Google may provide to you under a separate written agreement), and completely replaces any prior agreements between you and Google in relation to the Preview.
build	Setup Android SDK	2026-07-29T15:56:15.0313086Z 
build	Setup Android SDK	2026-07-29T15:56:15.0315127Z 14.2 You agree that if Google does not exercise or enforce any legal right or remedy which is contained in the License Agreement (or which Google has the benefit of under any applicable law), this will not be taken to be a formal waiver of Google's rights and that those rights or remedies will still be available to Google.
build	Setup Android SDK	2026-07-29T15:56:15.0317322Z 
build	Setup Android SDK	2026-07-29T15:56:15.0319345Z 14.3 If any court of law, having the jurisdiction to decide on this matter, rules that any provision of the License Agreement is invalid, then that provision will be removed from the License Agreement without affecting the rest of the License Agreement. The remaining provisions of the License Agreement will continue to be valid and enforceable.
build	Setup Android SDK	2026-07-29T15:56:15.0321537Z 
build	Setup Android SDK	2026-07-29T15:56:15.0324293Z 14.4 You acknowledge and agree that each member of the group of companies of which Google is the parent shall be third party beneficiaries to the License Agreement and that such other companies shall be entitled to directly enforce, and rely upon, any provision of the License Agreement that confers a benefit on (or rights in favor of) them. Other than this, no other person or company shall be third party beneficiaries to the License Agreement.
build	Setup Android SDK	2026-07-29T15:56:15.0326910Z 
build	Setup Android SDK	2026-07-29T15:56:15.0328196Z 14.5 EXPORT RESTRICTIONS. THE PREVIEW IS SUBJECT TO UNITED STATES EXPORT LAWS AND REGULATIONS. YOU MUST COMPLY WITH ALL DOMESTIC AND INTERNATIONAL EXPORT LAWS AND REGULATIONS THAT APPLY TO THE PREVIEW. THESE LAWS INCLUDE RESTRICTIONS ON DESTINATIONS, END USERS AND END USE.
build	Setup Android SDK	2026-07-29T15:56:15.0330011Z 
build	Setup Android SDK	2026-07-29T15:56:15.0331778Z 14.6 The License Agreement may not be assigned or transferred by you without the prior written approval of Google, and any attempted assignment without such approval will be void. You shall not delegate your responsibilities or obligations under the License Agreement without the prior written approval of Google.
build	Setup Android SDK	2026-07-29T15:56:15.0333689Z 
build	Setup Android SDK	2026-07-29T15:56:15.0337144Z 14.7 The License Agreement, and your relationship with Google under the License Agreement, shall be governed by the laws of the State of California without regard to its conflict of laws provisions. You and Google agree to submit to the exclusive jurisdiction of the courts located within the county of Santa Clara, California to resolve any legal matter arising from the License Agreement. Notwithstanding this, you agree that Google shall still be allowed to apply for injunctive remedies (or an equivalent type of urgent legal relief) in any jurisdiction.
build	Setup Android SDK	2026-07-29T15:56:15.0340490Z 
build	Setup Android SDK	2026-07-29T15:56:15.0340658Z June 2014.
build	Setup Android SDK	2026-07-29T15:56:15.0340989Z ---------------------------------------
build	Setup Android SDK	2026-07-29T15:56:15.0341437Z Accept? (y/N): 
build	Setup Android SDK	2026-07-29T15:56:15.0341797Z 5/6: License google-gdk-license:
build	Setup Android SDK	2026-07-29T15:56:15.0342263Z ---------------------------------------
build	Setup Android SDK	2026-07-29T15:56:15.0342859Z This is a Developer Preview of the GDK that is subject to change.
build	Setup Android SDK	2026-07-29T15:56:15.0343349Z 
build	Setup Android SDK	2026-07-29T15:56:15.0343502Z Terms and Conditions
build	Setup Android SDK	2026-07-29T15:56:15.0343727Z 
build	Setup Android SDK	2026-07-29T15:56:15.0344224Z This is the Glass Development Kit License Agreement.
build	Setup Android SDK	2026-07-29T15:56:15.0344623Z 
build	Setup Android SDK	2026-07-29T15:56:15.0344776Z 1. Introduction
build	Setup Android SDK	2026-07-29T15:56:15.0344973Z 
build	Setup Android SDK	2026-07-29T15:56:15.0347501Z 1.1 The Glass Development Kit (referred to in this License Agreement as the "GDK" and specifically including the Android system files, packaged APIs, and GDK library files, if and when they are made available) is licensed to you subject to the terms of this License Agreement. This License Agreement forms a legally binding contract between you and Google in relation to your use of the GDK.
build	Setup Android SDK	2026-07-29T15:56:15.0349889Z 
build	Setup Android SDK	2026-07-29T15:56:15.0350287Z 1.2 "Glass" means Glass devices and the Glass software stack for use on Glass devices.
build	Setup Android SDK	2026-07-29T15:56:15.0350891Z 
build	Setup Android SDK	2026-07-29T15:56:15.0350907Z 
build	Setup Android SDK	2026-07-29T15:56:15.0352043Z 1.3 "Android" means the Android software stack for devices, as made available under the Android Open Source Project, which is located at the following URL: http://source.android.com/, as updated from time to time.
build	Setup Android SDK	2026-07-29T15:56:15.0353398Z 
build	Setup Android SDK	2026-07-29T15:56:15.0354485Z 1.4 "Google" means Google Inc., a Delaware corporation with principal place of business at 1600 Amphitheatre Parkway, Mountain View, CA 94043, United States.
build	Setup Android SDK	2026-07-29T15:56:15.0355487Z 
build	Setup Android SDK	2026-07-29T15:56:15.0355940Z 2. Accepting this License Agreement
build	Setup Android SDK	2026-07-29T15:56:15.0356254Z 
build	Setup Android SDK	2026-07-29T15:56:15.0357022Z 2.1 In order to use the GDK, you must first agree to this License Agreement. You may not use the GDK if you do not accept this License Agreement.
build	Setup Android SDK	2026-07-29T15:56:15.0358004Z 
build	Setup Android SDK	2026-07-29T15:56:15.0358430Z 2.2 By clicking to accept, you hereby agree to the terms of this License Agreement.
build	Setup Android SDK	2026-07-29T15:56:15.0358990Z 
build	Setup Android SDK	2026-07-29T15:56:15.0360365Z 2.3 You may not use the GDK and may not accept the License Agreement if you are a person barred from receiving the GDK under the laws of the United States or other countries including the country in which you are resident or from which you use the GDK.
build	Setup Android SDK	2026-07-29T15:56:15.0361927Z 
build	Setup Android SDK	2026-07-29T15:56:15.0364274Z 2.4 If you are agreeing to be bound by this License Agreement on behalf of your employer or other entity, you represent and warrant that you have full legal authority to bind your employer or such entity to this License Agreement. If you do not have the requisite authority, you may not accept the License Agreement or use the GDK on behalf of your employer or other entity.
build	Setup Android SDK	2026-07-29T15:56:15.0366545Z 
build	Setup Android SDK	2026-07-29T15:56:15.0366720Z 3. GDK License from Google
build	Setup Android SDK	2026-07-29T15:56:15.0366998Z 
build	Setup Android SDK	2026-07-29T15:56:15.0368346Z 3.1 Subject to the terms of this License Agreement, Google grants you a limited, worldwide, royalty-free, non-assignable and non-exclusive license to use the GDK solely to develop applications to run on the Glass platform for Glass devices.
build	Setup Android SDK	2026-07-29T15:56:15.0369814Z 
build	Setup Android SDK	2026-07-29T15:56:15.0371979Z 3.2 You agree that Google or third parties own all legal right, title and interest in and to the GDK, including any Intellectual Property Rights that subsist in the GDK. "Intellectual Property Rights" means any and all rights under patent law, copyright law, trade secret law, trademark law, and any and all other proprietary rights. Google reserves all rights not expressly granted to you.
build	Setup Android SDK	2026-07-29T15:56:15.0374591Z 
build	Setup Android SDK	2026-07-29T15:56:15.0378236Z 3.3 You may not use the GDK for any purpose not expressly permitted by this License Agreement. Except to the extent required by applicable third party licenses, you may not: (a) copy (except for backup purposes), modify, adapt, redistribute, decompile, reverse engineer, disassemble, or create derivative works of the GDK or any part of the GDK; or (b) load any part of the GDK onto a mobile handset or wearable computing device or any other hardware device except a Glass device personal computer, combine any part of the GDK with other software, or distribute any software or device incorporating a part of the GDK.
build	Setup Android SDK	2026-07-29T15:56:15.0381923Z 
build	Setup Android SDK	2026-07-29T15:56:15.0383278Z 3.4 You agree that you will not take any actions that may cause or result in the fragmentation of Glass, including but not limited to distributing, participating in the creation of, or promoting in any way a software development kit derived from the GDK.
build	Setup Android SDK	2026-07-29T15:56:15.0385205Z 
build	Setup Android SDK	2026-07-29T15:56:15.0385988Z 3.5 Use, reproduction and distribution of components of the GDK licensed under an open source software license are governed solely by the terms of that open source software license and not this License Agreement.
build	Setup Android SDK	2026-07-29T15:56:15.0387368Z 
build	Setup Android SDK	2026-07-29T15:56:15.0389797Z 3.6 You agree that the form and nature of the GDK that Google provides may change without prior notice to you and that future versions of the GDK may be incompatible with applications developed on previous versions of the GDK. You agree that Google may stop (permanently or temporarily) providing the GDK (or any features within the GDK) to you or to users generally at Google's sole discretion, without prior notice to you.
build	Setup Android SDK	2026-07-29T15:56:15.0392326Z 
build	Setup Android SDK	2026-07-29T15:56:15.0393090Z 3.7 Nothing in this License Agreement gives you a right to use any of Google's trade names, trademarks, service marks, logos, domain names, or other distinctive brand features.
build	Setup Android SDK	2026-07-29T15:56:15.0394469Z 
build	Setup Android SDK	2026-07-29T15:56:15.0395332Z 3.8 You agree that you will not remove, obscure, or alter any proprietary rights notices (including copyright and trademark notices) that may be affixed to or contained within the GDK.
build	Setup Android SDK	2026-07-29T15:56:15.0396712Z 
build	Setup Android SDK	2026-07-29T15:56:15.0396734Z 
build	Setup Android SDK	2026-07-29T15:56:15.0398810Z 3.9 Your use of any Android system files, packaged APIs, or other components of the GDK which are part of the Android Software Development Kit is subject to the terms of the Android Software Development Kit License Agreement located at http://developer.android.com/sdk/terms.html. These terms are hereby incorporated by reference into this License Agreement.
build	Setup Android SDK	2026-07-29T15:56:15.0401093Z 
build	Setup Android SDK	2026-07-29T15:56:15.0401275Z 4. Use of the GDK by You
build	Setup Android SDK	2026-07-29T15:56:15.0401529Z 
build	Setup Android SDK	2026-07-29T15:56:15.0402990Z 4.1 Google agrees that it obtains no right, title or interest from you (or your licensors) under this License Agreement in or to any software applications that you develop using the GDK, including any intellectual property rights that subsist in those applications.
build	Setup Android SDK	2026-07-29T15:56:15.0405151Z 
build	Setup Android SDK	2026-07-29T15:56:15.0408404Z 4.2 You agree to use the GDK and write applications only for purposes that are permitted by (a) this License Agreement, (b) the Glass Platform Developer Policies (located at https://developers.google.com/glass/policies, and hereby incorporated into this License Agreement by reference), and (c) any applicable law, regulation or generally accepted practices or guidelines in the relevant jurisdictions (including any laws regarding the export of data or software to and from the United States or other relevant countries).
build	Setup Android SDK	2026-07-29T15:56:15.0411710Z 
build	Setup Android SDK	2026-07-29T15:56:15.0416482Z 4.3 You agree that if you use the GDK to develop applications for general public users, you will protect the privacy and legal rights of those users. If the users provide you with user names, passwords, or other login information or personal information, you must make the users aware that the information will be available to your application, and you must provide legally adequate privacy notice and protection for those users. If your application stores personal or sensitive information provided by users, it must do so securely. If the user provides your application with Google Account information, your application may only use that information to access the user's Google Account when, and for the limited purposes for which, the user has given you permission to do so.
build	Setup Android SDK	2026-07-29T15:56:15.0420982Z 
build	Setup Android SDK	2026-07-29T15:56:15.0422742Z 4.4 You agree that you will not engage in any activity with the GDK, including the development or distribution of an application, that interferes with, disrupts, damages, or accesses in an unauthorized manner the servers, networks, or other properties or services of any third party including, but not limited to, Google.
build	Setup Android SDK	2026-07-29T15:56:15.0424873Z 
build	Setup Android SDK	2026-07-29T15:56:15.0426738Z 4.5 You agree that you are solely responsible for (and that Google has no responsibility to you or to any third party for) any data, content, or resources that you create, transmit or display through Glass and/or applications for Glass, and for the consequences of your actions (including any loss or damage which Google may suffer) by doing so.
build	Setup Android SDK	2026-07-29T15:56:15.0429349Z 
build	Setup Android SDK	2026-07-29T15:56:15.0431468Z 4.6 You agree that you are solely responsible for (and that Google has no responsibility to you or to any third party for) any breach of your obligations under this License Agreement, any applicable third party contract or Terms of Service, or any applicable law or regulation, and for the consequences (including any loss or damage which Google or any third party may suffer) of any such breach.
build	Setup Android SDK	2026-07-29T15:56:15.0434072Z 
build	Setup Android SDK	2026-07-29T15:56:15.0434099Z 
build	Setup Android SDK	2026-07-29T15:56:15.0436236Z 4.7 The GDK is in development, and your testing and feedback are an important part of the development process. By using the GDK, you acknowledge that implementation of some features are still under development and that you should not rely on the GDK, Glass devices, Glass system software, Google Mirror API, or Glass services having the full functionality of a stable release.
build	Setup Android SDK	2026-07-29T15:56:15.0438834Z 
build	Setup Android SDK	2026-07-29T15:56:15.0439013Z 5. Your Developer Credentials
build	Setup Android SDK	2026-07-29T15:56:15.0439272Z 
build	Setup Android SDK	2026-07-29T15:56:15.0440757Z 5.1 You agree that you are responsible for maintaining the confidentiality of any developer credentials that may be issued to you by Google or which you may choose yourself and that you will be solely responsible for all applications that are developed under your developer credentials.
build	Setup Android SDK	2026-07-29T15:56:15.0442462Z 
build	Setup Android SDK	2026-07-29T15:56:15.0442633Z 6. Privacy and Information
build	Setup Android SDK	2026-07-29T15:56:15.0442892Z 
build	Setup Android SDK	2026-07-29T15:56:15.0442899Z 
build	Setup Android SDK	2026-07-29T15:56:15.0445677Z 6.1 In order to continually innovate and improve the GDK, Google may collect certain usage statistics from the software including but not limited to a unique identifier, associated IP address, version number of the software, and information on which tools and/or services in the GDK are being used and how they are being used. Before any of this information is collected, the GDK will notify you and seek your consent. If you withhold consent, the information will not be collected.
build	Setup Android SDK	2026-07-29T15:56:15.0448491Z 
build	Setup Android SDK	2026-07-29T15:56:15.0449177Z 6.2 The data collected is examined in the aggregate to improve the GDK and is maintained in accordance with Google's Privacy Policy.
build	Setup Android SDK	2026-07-29T15:56:15.0450037Z 
build	Setup Android SDK	2026-07-29T15:56:15.0450204Z 7. Third Party Applications
build	Setup Android SDK	2026-07-29T15:56:15.0450470Z 
build	Setup Android SDK	2026-07-29T15:56:15.0454053Z 7.1 If you use the GDK to run applications developed by a third party or that access data, content or resources provided by a third party, you agree that Google is not responsible for those applications, data, content, or resources. You understand that all data, content or resources which you may access through such third party applications are the sole responsibility of the person from which they originated and that Google is not liable for any loss or damage that you may experience as a result of the use or access of any of those third party applications, data, content, or resources.
build	Setup Android SDK	2026-07-29T15:56:15.0456803Z 
build	Setup Android SDK	2026-07-29T15:56:15.0459591Z 7.2 You should be aware the data, content, and resources presented to you through such a third party application may be protected by intellectual property rights which are owned by the providers (or by other persons or companies on their behalf). You may not modify, rent, lease, loan, sell, distribute or create derivative works based on these data, content, or resources (either in whole or in part) unless you have been specifically given permission to do so by the relevant owners.
build	Setup Android SDK	2026-07-29T15:56:15.0462256Z 
build	Setup Android SDK	2026-07-29T15:56:15.0463592Z 7.3 You acknowledge that your use of such third party applications, data, content, or resources may be subject to separate terms between you and the relevant third party. In that case, this License Agreement does not affect your legal relationship with these third parties.
build	Setup Android SDK	2026-07-29T15:56:15.0465284Z 
build	Setup Android SDK	2026-07-29T15:56:15.0465424Z 8. Using Google APIs
build	Setup Android SDK	2026-07-29T15:56:15.0465945Z 
build	Setup Android SDK	2026-07-29T15:56:15.0466072Z 8.1 Google APIs
build	Setup Android SDK	2026-07-29T15:56:15.0466264Z 
build	Setup Android SDK	2026-07-29T15:56:15.0468897Z 8.1.1 If you use any API to retrieve data from Google, you acknowledge that the data may be protected by intellectual property rights which are owned by Google or those parties that provide the data (or by other persons or companies on their behalf). Your use of any such API may be subject to additional Terms of Service. You may not modify, rent, lease, loan, sell, distribute or create derivative works based on this data (either in whole or in part) unless allowed by the relevant Terms of Service.
build	Setup Android SDK	2026-07-29T15:56:15.0471729Z 
build	Setup Android SDK	2026-07-29T15:56:15.0473025Z 8.1.2 If you use any API to retrieve a user's data from Google, you acknowledge and agree that you shall retrieve data only with the user's explicit consent and only when, and for the limited purposes for which, the user has given you permission to do so.
build	Setup Android SDK	2026-07-29T15:56:15.0474663Z 
build	Setup Android SDK	2026-07-29T15:56:15.0474837Z 9. Terminating this License Agreement
build	Setup Android SDK	2026-07-29T15:56:15.0475141Z 
build	Setup Android SDK	2026-07-29T15:56:15.0475657Z 9.1 This License Agreement will continue to apply until terminated by either you or Google as set out below.
build	Setup Android SDK	2026-07-29T15:56:15.0476508Z 
build	Setup Android SDK	2026-07-29T15:56:15.0477198Z 9.2 If you want to terminate this License Agreement, you may do so by ceasing your use of the GDK and any relevant developer credentials.
build	Setup Android SDK	2026-07-29T15:56:15.0478016Z 
build	Setup Android SDK	2026-07-29T15:56:15.0481448Z 9.3 Google may at any time, terminate this License Agreement with you if: (A) you have breached any provision of this License Agreement; or (B) Google is required to do so by law; or (C) the partner with whom Google offered certain parts of GDK (such as APIs) to you has terminated its relationship with Google or ceased to offer certain parts of the GDK to you; or (D) Google decides to no longer provide the GDK or certain parts of the GDK to users in the country in which you are resident or from which you use the service, or the provision of the GDK or certain GDK services to you by Google is, in Google's sole discretion, no longer commercially viable.
build	Setup Android SDK	2026-07-29T15:56:15.0485283Z 
build	Setup Android SDK	2026-07-29T15:56:15.0487739Z 9.4 When this License Agreement comes to an end, all of the legal rights, obligations and liabilities that you and Google have benefited from, been subject to (or which have accrued over time whilst this License Agreement has been in force) or which are expressed to continue indefinitely, shall be unaffected by this cessation, and the provisions of paragraph 14.7 shall continue to apply to such rights, obligations and liabilities indefinitely.
build	Setup Android SDK	2026-07-29T15:56:15.0490216Z 
build	Setup Android SDK	2026-07-29T15:56:15.0490377Z 10. DISCLAIMER OF WARRANTIES
build	Setup Android SDK	2026-07-29T15:56:15.0490632Z 
build	Setup Android SDK	2026-07-29T15:56:15.0491459Z 10.1 YOU EXPRESSLY UNDERSTAND AND AGREE THAT YOUR USE OF THE GDK IS AT YOUR SOLE RISK AND THAT THE GDK IS PROVIDED "AS IS" AND "AS AVAILABLE" WITHOUT WARRANTY OF ANY KIND FROM GOOGLE.
build	Setup Android SDK	2026-07-29T15:56:15.0492505Z 
build	Setup Android SDK	2026-07-29T15:56:15.0493962Z 10.2 YOUR USE OF THE GDK AND ANY MATERIAL DOWNLOADED OR OTHERWISE OBTAINED THROUGH THE USE OF THE GDK IS AT YOUR OWN DISCRETION AND RISK AND YOU ARE SOLELY RESPONSIBLE FOR ANY DAMAGE TO YOUR COMPUTER SYSTEM OR OTHER DEVICE OR LOSS OF DATA THAT RESULTS FROM SUCH USE.
build	Setup Android SDK	2026-07-29T15:56:15.0495095Z 
build	Setup Android SDK	2026-07-29T15:56:15.0495913Z 10.3 GOOGLE FURTHER EXPRESSLY DISCLAIMS ALL WARRANTIES AND CONDITIONS OF ANY KIND, WHETHER EXPRESS OR IMPLIED, INCLUDING, BUT NOT LIMITED TO THE IMPLIED WARRANTIES AND CONDITIONS OF MERCHANTABILITY, FITNESS FOR A PARTICULAR PURPOSE AND NON-INFRINGEMENT.
build	Setup Android SDK	2026-07-29T15:56:15.0496923Z 
build	Setup Android SDK	2026-07-29T15:56:15.0497087Z 11. LIMITATION OF LIABILITY
build	Setup Android SDK	2026-07-29T15:56:15.0497336Z 
build	Setup Android SDK	2026-07-29T15:56:15.0498969Z 11.1 YOU EXPRESSLY UNDERSTAND AND AGREE THAT GOOGLE, ITS SUBSIDIARIES AND AFFILIATES, AND ITS LICENSORS SHALL NOT BE LIABLE TO YOU UNDER ANY THEORY OF LIABILITY FOR ANY DIRECT, INDIRECT, INCIDENTAL, SPECIAL, CONSEQUENTIAL OR EXEMPLARY DAMAGES THAT MAY BE INCURRED BY YOU, INCLUDING ANY LOSS OF DATA, WHETHER OR NOT GOOGLE OR ITS REPRESENTATIVES HAVE BEEN ADVISED OF OR SHOULD HAVE BEEN AWARE OF THE POSSIBILITY OF ANY SUCH LOSSES ARISING.
build	Setup Android SDK	2026-07-29T15:56:15.0500665Z 
build	Setup Android SDK	2026-07-29T15:56:15.0500757Z 12. Indemnification
build	Setup Android SDK	2026-07-29T15:56:15.0500885Z 
build	Setup Android SDK	2026-07-29T15:56:15.0503153Z 12.1 To the maximum extent permitted by law, you agree to defend, indemnify and hold harmless Google, its affiliates and their respective directors, officers, employees and agents from and against any and all claims, actions, suits or proceedings, as well as any and all losses, liabilities, damages, costs and expenses (including reasonable attorneys fees) arising out of or accruing from (a) your use of the GDK, (b) any application you develop on the GDK that infringes any copyright, trademark, trade secret, trade dress, patent or other intellectual property right of any person or defames any person or violates their rights of publicity or privacy, and (c) any non-compliance by you with this License Agreement.
build	Setup Android SDK	2026-07-29T15:56:15.0505877Z 
build	Setup Android SDK	2026-07-29T15:56:15.0505986Z 13. Changes to the License Agreement
build	Setup Android SDK	2026-07-29T15:56:15.0506180Z 
build	Setup Android SDK	2026-07-29T15:56:15.0506887Z 13.1 Google may make changes to the License Agreement as it distributes new versions of the GDK. When these changes are made, Google will make a new version of the License Agreement available on the website where the GDK is made available.
build	Setup Android SDK	2026-07-29T15:56:15.0507905Z 
build	Setup Android SDK	2026-07-29T15:56:15.0507998Z 14. General Legal Terms
build	Setup Android SDK	2026-07-29T15:56:15.0508138Z 
build	Setup Android SDK	2026-07-29T15:56:15.0509081Z 14.1 This License Agreement constitutes the whole legal agreement between you and Google and governs your use of the GDK (excluding any services which Google may provide to you under a separate written agreement), and completely replaces any prior agreements between you and Google in relation to the GDK.
build	Setup Android SDK	2026-07-29T15:56:15.0510109Z 
build	Setup Android SDK	2026-07-29T15:56:15.0511072Z 14.2 You agree that if Google does not exercise or enforce any legal right or remedy which is contained in this License Agreement (or which Google has the benefit of under any applicable law), this will not be taken to be a formal waiver of Google's rights and that those rights or remedies will still be available to Google.
build	Setup Android SDK	2026-07-29T15:56:15.0512151Z 
build	Setup Android SDK	2026-07-29T15:56:15.0513222Z 14.3 If any court of law, having the jurisdiction to decide on this matter, rules that any provision of this License Agreement is invalid, then that provision will be removed from this License Agreement without affecting the rest of this License Agreement. The remaining provisions of this License Agreement will continue to be valid and enforceable.
build	Setup Android SDK	2026-07-29T15:56:15.0514622Z 
build	Setup Android SDK	2026-07-29T15:56:15.0516014Z 14.4 You acknowledge and agree that each member of the group of companies of which Google is the parent shall be third party beneficiaries to this License Agreement and that such other companies shall be entitled to directly enforce, and rely upon, any provision of this License Agreement that confers a benefit on (or rights in favor of) them. Other than this, no other person or company shall be third party beneficiaries to this License Agreement.
build	Setup Android SDK	2026-07-29T15:56:15.0517503Z 
build	Setup Android SDK	2026-07-29T15:56:15.0518302Z 14.5 EXPORT RESTRICTIONS. THE GDK IS SUBJECT TO UNITED STATES EXPORT LAWS AND REGULATIONS. YOU MUST COMPLY WITH ALL DOMESTIC AND INTERNATIONAL EXPORT LAWS AND REGULATIONS THAT APPLY TO THE GDK. THESE LAWS INCLUDE RESTRICTIONS ON DESTINATIONS, END USERS AND END USE.
build	Setup Android SDK	2026-07-29T15:56:15.0519198Z 
build	Setup Android SDK	2026-07-29T15:56:15.0520256Z 14.6 The rights granted in this License Agreement may not be assigned or transferred by either you or Google without the prior written approval of the other party. Neither you nor Google shall be permitted to delegate their responsibilities or obligations under this License Agreement without the prior written approval of the other party.
build	Setup Android SDK	2026-07-29T15:56:15.0521405Z 
build	Setup Android SDK	2026-07-29T15:56:15.0523165Z 14.7 This License Agreement, and your relationship with Google under this License Agreement, shall be governed by the laws of the State of California without regard to its conflict of laws provisions. You and Google agree to submit to the exclusive jurisdiction of the courts located within the county of Santa Clara, California to resolve any legal matter arising from this License Agreement. Notwithstanding this, you agree that Google shall still be allowed to apply for injunctive remedies (or an equivalent type of urgent legal relief) in any jurisdiction.
build	Setup Android SDK	2026-07-29T15:56:15.0525411Z 
build	Setup Android SDK	2026-07-29T15:56:15.0525503Z November 19, 2013
build	Setup Android SDK	2026-07-29T15:56:15.0525708Z ---------------------------------------
build	Setup Android SDK	2026-07-29T15:56:15.0525956Z Accept? (y/N): 
build	Setup Android SDK	2026-07-29T15:56:15.0526178Z 6/6: License mips-android-sysimage-license:
build	Setup Android SDK	2026-07-29T15:56:15.0526459Z ---------------------------------------
build	Setup Android SDK	2026-07-29T15:56:15.0528679Z MIPS Technologies, Inc. (“MIPS”) Internal Evaluation License Agreement for MIPS Android™ System Images for Android Software Development Kit (SDK): This Internal Evaluation License Agreement (this "Agreement") is entered into by and between MIPS and you (as an individual developer or a legal entity -- identified below as “Recipient”). MIPS shall make the Evaluation Software available to Recipient as described in accordance with the terms and conditions set forth below.
build	Setup Android SDK	2026-07-29T15:56:15.0530444Z 
build	Setup Android SDK	2026-07-29T15:56:15.0532337Z By clicking on the “Accept” button, downloading, installing, or otherwise using the Evaluation Materials (defined below), you agree to be bound by the terms of this Agreement effective as of the date you click “Accept” (the “Effective Date”), and if doing so on behalf of an entity, you represent that you are authorized to bind the entity to the terms and conditions of this Agreement. If you do not agree to be bound by the terms and conditions of this Agreement, do not download, install, or use the Evaluation Materials.
build	Setup Android SDK	2026-07-29T15:56:15.0534242Z 
build	Setup Android SDK	2026-07-29T15:56:15.0534419Z 1. DEFINITIONS. These terms shall have the following meanings:
build	Setup Android SDK	2026-07-29T15:56:15.0534839Z 
build	Setup Android SDK	2026-07-29T15:56:15.0535825Z 1.1 “MIPS” shall mean MIPS Technologies, Inc., a Delaware corporation having a principal place of business at: 955 East Arques Ave., Sunnyvale, CA 94085
build	Setup Android SDK	2026-07-29T15:56:15.0536811Z 
build	Setup Android SDK	2026-07-29T15:56:15.0537858Z 1.2 “Evaluation Software” shall mean MIPS Android™ emulator system images for Android Software Development Kit (SDK), as made available to Recipient.
build	Setup Android SDK	2026-07-29T15:56:15.0538910Z 
build	Setup Android SDK	2026-07-29T15:56:15.0541028Z 1.3 “Evaluation Materials" means, collectively, the Evaluation Software (in source and/or object code form) and documentation (including, without limitation, any design documents, specifications, reference manuals, and other related materials) related to the Evaluation Software as made available to Recipient.
build	Setup Android SDK	2026-07-29T15:56:15.0543005Z 
build	Setup Android SDK	2026-07-29T15:56:15.0550030Z 1.4 “Open Source Software” means any software that requires (as a condition of use, modification and/or distribution of such software) that such software or other software incorporated into, derived from or distributed with such software (a) be disclosed or distributed in source code form; or (b) be licensed by the user to third parties for the purpose of making and/or distributing derivative works; or (c) be redistributable at no charge. Open Source Software includes, without limitation, software licensed or distributed under any of the following licenses or distribution models, or licenses or distribution models substantially similar to any of the following: (a) GNU’s General Public License (GPL) or Lesser/Library GPL (LGPL), (b) the Artistic License (e.g., PERL), (c) the Mozilla Public License, (d) the Netscape Public License, (e) the Sun Community Source License (SCSL), (f) the Sun Industry Source License (SISL), (g) the Apache Software license and (h) the Common Public License (CPL).
build	Setup Android SDK	2026-07-29T15:56:15.0556252Z 
build	Setup Android SDK	2026-07-29T15:56:15.0558739Z 1.5 “Pre-Release Materials” means “alpha” or “beta” designated pre-release features, which may not be fully functional, which MIPS may substantially modify in producing any production version of the Evaluation Materials, and/or which is still under development by MIPS and/or MIPS’ suppliers.
build	Setup Android SDK	2026-07-29T15:56:15.0561203Z 
build	Setup Android SDK	2026-07-29T15:56:15.0564768Z 2. PURPOSE. MIPS desires to make the Evaluation Materials available to Recipient solely for Recipient's internal evaluation of the Evaluation Software to evaluate the desirability of cooperating with MIPS in developing products that are compatible with the Evaluation Software and/or to advise MIPS as to possible modifications to the Evaluation Software. Recipient may not disclose, distribute, modify (except to facilitate the above-mentioned internal evaluation), or make commercial use of the Evaluation Materials or any modifications of the Evaluation Materials.
build	Setup Android SDK	2026-07-29T15:56:15.0568017Z 
build	Setup Android SDK	2026-07-29T15:56:15.0570310Z THE EVALUATION MATERIALS ARE PROVIDED FOR EVALUATION PURPOSES ONLY AND MAY NOT BE MODIFIED (EXCEPT TO FACILITATE THE INTERNAL EVALUATION) OR DISTRIBUTED BY RECIPIENT OR INCORPORATED INTO RECIPIENT’S PRODUCTS OR SOFTWARE. PLEASE CONTACT A MIPS SALES REPRESENTATIVE TO LEARN ABOUT THE AVAILABILITY AND COST OF A COMMERCIAL VERSION OF THE EVALUATION SOFTWARE.
build	Setup Android SDK	2026-07-29T15:56:15.0572611Z 
build	Setup Android SDK	2026-07-29T15:56:15.0574469Z 3. TITLE. Title to the Evaluation Materials remains with MIPS or its suppliers. Recipient shall not mortgage, pledge or encumber the Evaluation Materials in any way. Recipient shall return all Evaluation Materials, keeping no copies, upon termination or expiration of this Agreement.
build	Setup Android SDK	2026-07-29T15:56:15.0576486Z 
build	Setup Android SDK	2026-07-29T15:56:15.0582785Z 4. LICENSE. MIPS grants Recipient a royalty-free, personal, nontransferable, nonexclusive license under its copyrights to use the Evaluation Software only for the purposes described in paragraph 2 above and only for a period beginning on the Effective Date and extending to the first anniversary of the Effective Date (the “Evaluation Period”). Unless otherwise communicated in writing by MIPS to Recipient, to the extent the Evaluation Software is provided in more than one delivery or release (each, a “Release”) the license grant in this Section 4 and the Evaluation Period shall apply to each Release, in which case the Evaluation Period shall begin on the date that the Release is made generally available and continue to the first anniversary of such date. Recipient may not make modifications to the Evaluation Software. Recipient shall not disassemble, reverse-engineer, or decompile any software that is not provided to Recipient in source code form.
build	Setup Android SDK	2026-07-29T15:56:15.0588727Z 
build	Setup Android SDK	2026-07-29T15:56:15.0588744Z 
build	Setup Android SDK	2026-07-29T15:56:15.0590601Z EXCEPT AS PROVIDED HEREIN, NO OTHER LICENSE, EXPRESS OR IMPLIED, BY ESTOPPEL OR OTHERWISE, TO ANY OTHER MIPS INTELLECTUAL PROPERTY RIGHTS IS GRANTED TO THE RECIPIENT. OTHER THAN AS EXPLICITLY SET FORTH IN PARAGRAPH 2 ABOVE, NO RIGHT TO COPY, TO REPRODUCE, TO MODIFY, OR TO CREATE DERIVATIVE WORKS OF, THE EVALUATION MATERIALS IS GRANTED HEREIN.
build	Setup Android SDK	2026-07-29T15:56:15.0592628Z 
build	Setup Android SDK	2026-07-29T15:56:15.0594189Z 5. NO OBLIGATION. Recipient shall have no duty to purchase or license any product from MIPS. MIPS and its suppliers shall have no obligation to provide support for, or develop a non-evaluation version of, the Evaluation Software or to license any version of it.
build	Setup Android SDK	2026-07-29T15:56:15.0595784Z 
build	Setup Android SDK	2026-07-29T15:56:15.0602450Z 6. MODIFICATIONS. This Agreement does not obligate Recipient to provide MIPS with comments or suggestions regarding Evaluation Materials. However, should Recipient provide MIPS with comments or suggestions for the modification, correction, improvement or enhancement of (a) the Evaluation Materials or (b) MIPS products or processes which may embody the Evaluation Materials, then Recipient agrees to grant and hereby grants to MIPS a non-exclusive, irrevocable, worldwide, fully paid-up, royalty-free license, with the right to sublicense MIPS’ licensees and customers, under Recipient’s Intellectual property rights, to use and disclose such comments and suggestions in any manner MIPS chooses and to display, perform, copy, make, have made, use, sell, offer to sell, import, and otherwise dispose of MIPS’ and its sublicensee’s products embodying such comments and suggestions in any manner and via any media MIPS chooses, without reference to the source.
build	Setup Android SDK	2026-07-29T15:56:15.0608704Z 
build	Setup Android SDK	2026-07-29T15:56:15.0611715Z 7. WARRANTY DISCLAIMER. MIPS AND ITS SUPPLIERS MAKE NO WARRANTIES WITH RESPECT TO EVALUATION MATERIALS, EITHER EXPRESS OR IMPLIED, INCLUDING ANY IMPLIED WARRANTIES OF MERCHANTABILITY OR FITNESS FOR A PARTICULAR PURPOSE, OR ANY IMPLIED WARRANTY OF NONINFRINGEMENT WITH RESPECT TO THIRD PARTY INTELLECTUAL PROPERTY. RECIPIENT ACKNOWLEDGES AND AGREES THAT THE EVALUATION MATERIALS ARE PROVIDED “AS IS,” WITHOUT WARRANTY OF ANY KIND.
build	Setup Android SDK	2026-07-29T15:56:15.0614578Z 
build	Setup Android SDK	2026-07-29T15:56:15.0617850Z 8. LIMITATION OF LIABILITY. MIPS AND ITS SUPPLIERS SHALL NOT BE LIABLE FOR ANY PROPERTY DAMAGE, PERSONAL INJURY, LOSS OF PROFITS, INTERRUPTION OF BUSINESS OR FOR ANY DIRECT, INDIRECT, SPECIAL, CONSEQUENTIAL OR INCIDENTAL DAMAGES, HOWEVER CAUSED OR ALLEGED, WHETHER FOR BREACH OF WARRANTY, CONTRACT, STRICT LIABILITY OR OTHERWISE, INCLUDING WITHOUT LIMITATION, UNDER TORT OR OTHER LEGAL THEORY. MIPS AND ITS SUPPLIERS DISCLAIM ANY AND ALL LIABILITY, INCLUDING LIABILITY FOR INFRINGEMENT OF ANY INTELLECTUAL PROPERTY RIGHTS OF ANY KIND RELATING TO THE EVALUATION MATERIALS.
build	Setup Android SDK	2026-07-29T15:56:15.0621489Z 
build	Setup Android SDK	2026-07-29T15:56:15.0622754Z 9. EXPIRATION. MIPS may terminate this Agreement immediately after a breach by Recipient or otherwise at MIPS’ reasonable discretion and upon five (5) business days’ notice to Recipient.
build	Setup Android SDK	2026-07-29T15:56:15.0624118Z 
build	Setup Android SDK	2026-07-29T15:56:15.0624265Z 10. GENERAL.
build	Setup Android SDK	2026-07-29T15:56:15.0624454Z 
build	Setup Android SDK	2026-07-29T15:56:15.0630237Z 10.1 Controlling Law. This Agreement shall be governed by California law excluding its choice of law rules. With the exception of MIPS’ rights to enforce its intellectual property rights and any confidentiality obligations under this Agreement or any licenses distributed with the Evaluation Materials, all disputes and any claims arising under or relating to this Agreement shall be subject to the exclusive jurisdiction and venue of the state and federal courts located in Santa Clara County, California. Each party hereby agrees to jurisdiction and venue in the courts set forth in the preceding sentence. The parties agree that the United Nations Convention on Contracts for the International Sale of Goods is specifically excluded from application to this Agreement. The parties consent to the personal jurisdiction of the above courts.
build	Setup Android SDK	2026-07-29T15:56:15.0635515Z 
build	Setup Android SDK	2026-07-29T15:56:15.0638300Z 10.2 Remedies. Recipient acknowledges and agrees that any breach of confidentiality obligations under this Agreement or any licenses distributed with the Evaluation Materials, as well as any disclosure, commercialization, or public use of the Evaluation Materials, would cause irreparable injury to MIPS, and therefore Recipient agrees to consent to, and hereby consents to, the grant of an injunction by any court of competent jurisdiction in the event of an actual or threatened breach.
build	Setup Android SDK	2026-07-29T15:56:15.0641244Z 
build	Setup Android SDK	2026-07-29T15:56:15.0645071Z 10.3 Assignment. Recipient may not delegate, assign or transfer this Agreement, the license granted or any of Recipient’s rights, obligations, or duties hereunder, expressly, by implication, by operation of law, by way of merger (regardless of whether Recipient is the surviving entity) or acquisition, or otherwise and any attempt to do so, without MIPS’ express prior written consent, shall be ineffective, null and void. MIPS may freely assign this Agreement, and its rights and obligations hereunder, in its sole discretion.
build	Setup Android SDK	2026-07-29T15:56:15.0648241Z 
build	Setup Android SDK	2026-07-29T15:56:15.0650880Z 10.4 Entire Agreement. This Agreement constitutes the entire agreement between Recipient and MIPS and supersedes in their entirety any and all oral or written agreements previously existing between Recipient and MIPS with respect to the subject matter hereof. This Agreement may only be amended or supplemented by a writing that refers explicitly to this Agreement and that is signed or otherwise accepted by duly authorized representatives of Recipient and MIPS.
build	Setup Android SDK	2026-07-29T15:56:15.0654120Z 
build	Setup Android SDK	2026-07-29T15:56:15.0656723Z 10.5 Severability. In the event that any provision of this Agreement is finally adjudicated to be unenforceable or invalid under any applicable law, such unenforceability or invalidity shall not render this Agreement unenforceable or invalid as a whole, and, in such event, such unenforceable or invalid provision shall be interpreted so as to best accomplish the objectives of such provision within the limits of applicable law or applicable court decisions.
build	Setup Android SDK	2026-07-29T15:56:15.0659504Z 
build	Setup Android SDK	2026-07-29T15:56:15.0668015Z 10.6 Export Regulations / Export Control. Recipient shall not export, either directly or indirectly, any product, service or technical data or system incorporating the Evaluation Materials without first obtaining any required license or other necessary approval from the U.S. Department of Commerce or any other governing agency or department of the United States Government. In the event any product is exported from the United States or re-exported from a foreign destination by Recipient, Recipient shall ensure that the distribution and export/re-export or import of the product is in compliance with all applicable laws, regulations, orders, or other restrictions of the U.S. Export Administration Regulations and the appropriate foreign government. Recipient agrees that neither it nor any of its subsidiaries will export/re-export any technical data, process, product, or service, directly or indirectly, to any country for which the United States government or any agency thereof or the foreign government from where it is shipping requires an export license, or other governmental approval, without first obtaining such license or approval. Recipient also agrees to implement measures to ensure that foreign national employees are authorized to receive any information controlled by U.S. export control laws. An export is "deemed" to take place when information is released to a foreign national wherever located.
build	Setup Android SDK	2026-07-29T15:56:15.0677147Z 
build	Setup Android SDK	2026-07-29T15:56:15.0683679Z 10.7 Special Terms for Pre-Release Materials. If so indicated in the description of the Evaluation Software, the Evaluation Software may contain Pre-Release Materials. Recipient hereby understands, acknowledges and agrees that: (i) Pre-Release Materials may not be fully tested and may contain bugs or errors; (ii) Pre-Release materials are not suitable for commercial release in their current state; (iii) regulatory approvals for Pre-Release Materials (such as UL or FCC) have not been obtained, and Pre-Release Materials may therefore not be certified for use in certain countries or environments or may not be suitable for certain applications and (iv) MIPS can provide no assurance that it will ever produce or make generally available a production version of the Pre-Release Materials . MIPS is not under any obligation to develop and/or release or offer for sale or license a final product based upon the Pre-Release Materials and may unilaterally elect to abandon the Pre-Release Materials or any such development platform at any time and without any obligation or liability whatsoever to Recipient or any other person.
build	Setup Android SDK	2026-07-29T15:56:15.0690765Z 
build	Setup Android SDK	2026-07-29T15:56:15.0692169Z ANY PRE-RELEASE MATERIALS ARE NON-QUALIFIED AND, AS SUCH, ARE PROVIDED “AS IS” AND “AS AVAILABLE”, POSSIBLY WITH FAULTS, AND WITHOUT REPRESENTATION OR WARRANTY OF ANY KIND.
build	Setup Android SDK	2026-07-29T15:56:15.0693267Z 
build	Setup Android SDK	2026-07-29T15:56:15.0697081Z 10.8 Open Source Software. In the event Open Source software is included with Evaluation Software, such Open Source software is licensed pursuant to the applicable Open Source software license agreement identified in the Open Source software comments in the applicable source code file(s) and/or file header as indicated in the Evaluation Software. Additional detail may be available (where applicable) in the accompanying on-line documentation. With respect to the Open Source software, nothing in this Agreement limits any rights under, or grants rights that supersede, the terms of any applicable Open Source software license agreement.
build	Setup Android SDK	2026-07-29T15:56:15.0701253Z ---------------------------------------
build	Setup Android SDK	2026-07-29T15:56:15.0701794Z Accept? (y/N): All SDK package licenses accepted
build	Setup Android SDK	2026-07-29T15:56:15.0702146Z 
build	Setup Android SDK	2026-07-29T15:56:15.0702502Z [command]/usr/local/lib/android/sdk/cmdline-tools/16.0/bin/sdkmanager tools
build	Setup Android SDK	2026-07-29T15:56:15.8125472Z Loading package information...                                                  
build	Setup Android SDK	2026-07-29T15:56:15.9026317Z Loading local repository...                                                     
build	Setup Android SDK	2026-07-29T15:56:15.9030153Z [                                       ] 3% Loading local repository...        
build	Setup Android SDK	2026-07-29T15:56:15.9070974Z [                                       ] 3% Fetch remote repository...         
build	Setup Android SDK	2026-07-29T15:56:16.3222682Z [=                                      ] 3% Fetch remote repository...         
build	Setup Android SDK	2026-07-29T15:56:16.3965362Z [=                                      ] 4% Fetch remote repository...         
build	Setup Android SDK	2026-07-29T15:56:16.4344543Z [=                                      ] 5% Fetch remote repository...         
build	Setup Android SDK	2026-07-29T15:56:16.4982150Z [==                                     ] 5% Fetch remote repository...         
build	Setup Android SDK	2026-07-29T15:56:16.5972725Z [==                                     ] 6% Fetch remote repository...         
build	Setup Android SDK	2026-07-29T15:56:16.6755062Z [==                                     ] 7% Fetch remote repository...         
build	Setup Android SDK	2026-07-29T15:56:16.6757720Z [==                                     ] 7% Computing updates...               
build	Setup Android SDK	2026-07-29T15:56:16.6904957Z [===                                    ] 8% Computing updates...               
build	Setup Android SDK	2026-07-29T15:56:16.7036875Z [===                                    ] 10% Computing updates...              
build	Setup Android SDK	2026-07-29T15:56:17.1370602Z [===                                    ] 10% Installing Android Emulator       
build	Setup Android SDK	2026-07-29T15:56:17.3066529Z [===                                    ] 10% Downloading emulator-linux_x64-155
build	Setup Android SDK	2026-07-29T15:56:17.4196480Z [====                                   ] 10% Downloading emulator-linux_x64-155
build	Setup Android SDK	2026-07-29T15:56:17.5573026Z [====                                   ] 11% Downloading emulator-linux_x64-155
build	Setup Android SDK	2026-07-29T15:56:17.6861808Z [====                                   ] 12% Downloading emulator-linux_x64-155
build	Setup Android SDK	2026-07-29T15:56:17.8058134Z [=====                                  ] 13% Downloading emulator-linux_x64-155
build	Setup Android SDK	2026-07-29T15:56:17.8973401Z [=====                                  ] 14% Downloading emulator-linux_x64-155
build	Setup Android SDK	2026-07-29T15:56:17.9408449Z [=====                                  ] 15% Downloading emulator-linux_x64-155
build	Setup Android SDK	2026-07-29T15:56:17.9761715Z [======                                 ] 15% Downloading emulator-linux_x64-155
build	Setup Android SDK	2026-07-29T15:56:18.0552798Z [======                                 ] 16% Downloading emulator-linux_x64-155
build	Setup Android SDK	2026-07-29T15:56:18.1332473Z [======                                 ] 17% Downloading emulator-linux_x64-155
build	Setup Android SDK	2026-07-29T15:56:18.2132160Z [=======                                ] 18% Downloading emulator-linux_x64-155
build	Setup Android SDK	2026-07-29T15:56:18.2924689Z [=======                                ] 19% Downloading emulator-linux_x64-155
build	Setup Android SDK	2026-07-29T15:56:18.3272149Z [=======                                ] 20% Downloading emulator-linux_x64-155
build	Setup Android SDK	2026-07-29T15:56:18.3701192Z [========                               ] 20% Downloading emulator-linux_x64-155
build	Setup Android SDK	2026-07-29T15:56:18.4190932Z [========                               ] 21% Downloading emulator-linux_x64-155
build	Setup Android SDK	2026-07-29T15:56:18.4992423Z [========                               ] 21% Unzipping...                      
build	Setup Android SDK	2026-07-29T15:56:18.4993454Z [========                               ] 21% Unzipping... emulator/            
build	Setup Android SDK	2026-07-29T15:56:18.4994494Z [========                               ] 21% Unzipping... emulator/resources/  
build	Setup Android SDK	2026-07-29T15:56:18.5435415Z [========                               ] 21% Unzipping... emulator/qsn         
build	Setup Android SDK	2026-07-29T15:56:18.5549190Z [========                               ] 21% Unzipping... emulator/emulator    
build	Setup Android SDK	2026-07-29T15:56:18.6561796Z [========                               ] 21% Unzipping... emulator/netsimd     
build	Setup Android SDK	2026-07-29T15:56:18.7185576Z [========                               ] 22% Unzipping... emulator/netsimd     
build	Setup Android SDK	2026-07-29T15:56:18.7186498Z [========                               ] 22% Unzipping... emulator/bin64/      
build	Setup Android SDK	2026-07-29T15:56:18.7187198Z [========                               ] 22% Unzipping... emulator/qemu/       
build	Setup Android SDK	2026-07-29T15:56:18.7202594Z [========                               ] 22% Unzipping... emulator/NOTICE.txt  
build	Setup Android SDK	2026-07-29T15:56:18.7428367Z [========                               ] 22% Unzipping... emulator/crashpad_han
build	Setup Android SDK	2026-07-29T15:56:18.7430515Z [========                               ] 22% Unzipping... emulator/source.prope
build	Setup Android SDK	2026-07-29T15:56:18.7995554Z [========                               ] 22% Unzipping... emulator/nimble_bridg
build	Setup Android SDK	2026-07-29T15:56:18.7998257Z [========                               ] 22% Unzipping... emulator/LICENSE     
build	Setup Android SDK	2026-07-29T15:56:18.7999661Z [========                               ] 22% Unzipping... emulator/lib/        
build	Setup Android SDK	2026-07-29T15:56:18.8096921Z [========                               ] 22% Unzipping... emulator/qemu-img    
build	Setup Android SDK	2026-07-29T15:56:18.8105150Z [========                               ] 22% Unzipping... emulator/include/    
build	Setup Android SDK	2026-07-29T15:56:18.8115642Z [========                               ] 22% Unzipping... emulator/NOTICE.csv  
build	Setup Android SDK	2026-07-29T15:56:18.8116550Z [========                               ] 22% Unzipping... emulator/lib64/      
build	Setup Android SDK	2026-07-29T15:56:18.8296278Z [========                               ] 22% Unzipping... emulator/emulator-che
build	Setup Android SDK	2026-07-29T15:56:18.8513095Z [========                               ] 22% Unzipping... emulator/crashreport 
build	Setup Android SDK	2026-07-29T15:56:18.8516973Z [========                               ] 22% Unzipping... emulator/mksdcard    
build	Setup Android SDK	2026-07-29T15:56:18.8886580Z [========                               ] 22% Unzipping... emulator/resources/To
build	Setup Android SDK	2026-07-29T15:56:18.8907907Z [========                               ] 22% Unzipping... emulator/resources/de
build	Setup Android SDK	2026-07-29T15:56:18.9051241Z [========                               ] 22% Unzipping... emulator/resources/To
build	Setup Android SDK	2026-07-29T15:56:18.9052414Z [========                               ] 22% Unzipping... emulator/resources/ma
build	Setup Android SDK	2026-07-29T15:56:18.9094549Z [========                               ] 22% Unzipping... emulator/resources/de
build	Setup Android SDK	2026-07-29T15:56:18.9095717Z [========                               ] 22% Unzipping... emulator/resources/sk
build	Setup Android SDK	2026-07-29T15:56:18.9147140Z [========                               ] 22% Unzipping... emulator/resources/de
build	Setup Android SDK	2026-07-29T15:56:18.9153348Z [========                               ] 22% Unzipping... emulator/resources/ma
build	Setup Android SDK	2026-07-29T15:56:18.9169454Z [========                               ] 22% Unzipping... emulator/resources/po
build	Setup Android SDK	2026-07-29T15:56:18.9302751Z [========                               ] 22% Unzipping... emulator/resources/ma
build	Setup Android SDK	2026-07-29T15:56:18.9395683Z [========                               ] 22% Unzipping... emulator/resources/sk
build	Setup Android SDK	2026-07-29T15:56:18.9415074Z [========                               ] 22% Unzipping... emulator/resources/ma
build	Setup Android SDK	2026-07-29T15:56:18.9467758Z [========                               ] 22% Unzipping... emulator/bin64/e2fsck
build	Setup Android SDK	2026-07-29T15:56:18.9507918Z [========                               ] 22% Unzipping... emulator/bin64/fsck.e
build	Setup Android SDK	2026-07-29T15:56:18.9532635Z [========                               ] 22% Unzipping... emulator/bin64/tune2f
build	Setup Android SDK	2026-07-29T15:56:18.9548606Z [========                               ] 22% Unzipping... emulator/bin64/resize
build	Setup Android SDK	2026-07-29T15:56:18.9573024Z [========                               ] 22% Unzipping... emulator/bin64/mkfs.e
build	Setup Android SDK	2026-07-29T15:56:18.9885287Z [========                               ] 22% Unzipping... emulator/qemu/linux-x
build	Setup Android SDK	2026-07-29T15:56:19.3799599Z [=========                              ] 23% Unzipping... emulator/qemu/linux-x
build	Setup Android SDK	2026-07-29T15:56:19.7419845Z [=========                              ] 24% Unzipping... emulator/qemu/linux-x
build	Setup Android SDK	2026-07-29T15:56:19.9159371Z [=========                              ] 25% Unzipping... emulator/qemu/linux-x
build	Setup Android SDK	2026-07-29T15:56:20.0935447Z [==========                             ] 25% Unzipping... emulator/qemu/linux-x
build	Setup Android SDK	2026-07-29T15:56:20.0937465Z [==========                             ] 25% Unzipping... emulator/lib/emulator
build	Setup Android SDK	2026-07-29T15:56:20.0942827Z [==========                             ] 25% Unzipping... emulator/lib/rtc_serv
build	Setup Android SDK	2026-07-29T15:56:20.0944759Z [==========                             ] 25% Unzipping... emulator/lib/advanced
build	Setup Android SDK	2026-07-29T15:56:20.0946978Z [==========                             ] 25% Unzipping... emulator/lib/cmake/  
build	Setup Android SDK	2026-07-29T15:56:20.0949912Z [==========                             ] 25% Unzipping... emulator/lib/emulator
build	Setup Android SDK	2026-07-29T15:56:20.0953171Z [==========                             ] 25% Unzipping... emulator/lib/control_
build	Setup Android SDK	2026-07-29T15:56:20.0956384Z [==========                             ] 25% Unzipping... emulator/lib/emulated
build	Setup Android SDK	2026-07-29T15:56:20.0959834Z [==========                             ] 25% Unzipping... emulator/lib/rtc_serv
build	Setup Android SDK	2026-07-29T15:56:20.0967034Z [==========                             ] 25% Unzipping... emulator/lib/emu-orig
build	Setup Android SDK	2026-07-29T15:56:20.0968533Z [==========                             ] 25% Unzipping... emulator/lib/hardware
build	Setup Android SDK	2026-07-29T15:56:20.0969753Z [==========                             ] 25% Unzipping... emulator/lib/pkgconfi
build	Setup Android SDK	2026-07-29T15:56:20.0970863Z [==========                             ] 25% Unzipping... emulator/lib/pc-bios/
build	Setup Android SDK	2026-07-29T15:56:20.0974110Z [==========                             ] 25% Unzipping... emulator/lib/snapshot
build	Setup Android SDK	2026-07-29T15:56:20.0977701Z [==========                             ] 25% Unzipping... emulator/lib/adb_serv
build	Setup Android SDK	2026-07-29T15:56:20.0994741Z [==========                             ] 25% Unzipping... emulator/lib/hostapd.
build	Setup Android SDK	2026-07-29T15:56:20.0995461Z [==========                             ] 25% Unzipping... emulator/lib/grpc_end
build	Setup Android SDK	2026-07-29T15:56:20.1016048Z [==========                             ] 25% Unzipping... emulator/lib/ca-bundl
build	Setup Android SDK	2026-07-29T15:56:20.1018977Z [==========                             ] 25% Unzipping... emulator/lib/ui_contr
build	Setup Android SDK	2026-07-29T15:56:20.1023271Z [==========                             ] 25% Unzipping... emulator/lib/snapshot
build	Setup Android SDK	2026-07-29T15:56:20.1027649Z [==========                             ] 25% Unzipping... emulator/lib/ice_conf
build	Setup Android SDK	2026-07-29T15:56:20.1278026Z [==========                             ] 25% Unzipping... emulator/lib/libflatb
build	Setup Android SDK	2026-07-29T15:56:20.1378491Z [==========                             ] 26% Unzipping... emulator/lib/libflatb
build	Setup Android SDK	2026-07-29T15:56:20.1387668Z [==========                             ] 26% Unzipping... emulator/lib/emulator
build	Setup Android SDK	2026-07-29T15:56:20.1390499Z [==========                             ] 26% Unzipping... emulator/lib/waterfal
build	Setup Android SDK	2026-07-29T15:56:20.1393667Z [==========                             ] 26% Unzipping... emulator/lib/emulated
build	Setup Android SDK	2026-07-29T15:56:20.1415657Z [==========                             ] 26% Unzipping... emulator/lib/cmake/fl
build	Setup Android SDK	2026-07-29T15:56:20.1416919Z [==========                             ] 26% Unzipping... emulator/lib/pkgconfi
build	Setup Android SDK	2026-07-29T15:56:20.1626964Z [==========                             ] 26% Unzipping... emulator/lib/pc-bios/
build	Setup Android SDK	2026-07-29T15:56:20.1718381Z [==========                             ] 26% Unzipping... emulator/include/flat
build	Setup Android SDK	2026-07-29T15:56:20.1795815Z [==========                             ] 26% Unzipping... emulator/lib64/libgli
build	Setup Android SDK	2026-07-29T15:56:20.1929829Z [==========                             ] 26% Unzipping... emulator/lib64/libpro
build	Setup Android SDK	2026-07-29T15:56:20.1930735Z [==========                             ] 26% Unzipping... emulator/lib64/qt/   
build	Setup Android SDK	2026-07-29T15:56:20.2363006Z [==========                             ] 26% Unzipping... emulator/lib64/liband
build	Setup Android SDK	2026-07-29T15:56:20.3116744Z [==========                             ] 26% Unzipping... emulator/lib64/libgfx
build	Setup Android SDK	2026-07-29T15:56:20.3117950Z [==========                             ] 26% Unzipping... emulator/lib64/gles_l
build	Setup Android SDK	2026-07-29T15:56:20.3127264Z [==========                             ] 26% Unzipping... emulator/lib64/liband
build	Setup Android SDK	2026-07-29T15:56:20.3128735Z [==========                             ] 26% Unzipping... emulator/lib64/vulkan
build	Setup Android SDK	2026-07-29T15:56:20.3129688Z [==========                             ] 26% Unzipping... emulator/lib64/gles_s
build	Setup Android SDK	2026-07-29T15:56:20.3133931Z [==========                             ] 26% Unzipping... emulator/lib64/libemu
build	Setup Android SDK	2026-07-29T15:56:20.3271021Z [==========                             ] 26% Unzipping... emulator/lib64/libpro
build	Setup Android SDK	2026-07-29T15:56:20.4752458Z [==========                             ] 26% Unzipping... emulator/lib64/liband
build	Setup Android SDK	2026-07-29T15:56:20.4773827Z [==========                             ] 26% Unzipping... emulator/lib64/libtcm
build	Setup Android SDK	2026-07-29T15:56:20.4780605Z [==========                             ] 26% Unzipping... emulator/lib64/libima
build	Setup Android SDK	2026-07-29T15:56:20.4852921Z [==========                             ] 26% Unzipping... emulator/lib64/libc++
build	Setup Android SDK	2026-07-29T15:56:20.5145346Z [==========                             ] 26% Unzipping... emulator/lib64/liband
build	Setup Android SDK	2026-07-29T15:56:20.5198167Z [==========                             ] 26% Unzipping... emulator/lib64/libabs
build	Setup Android SDK	2026-07-29T15:56:20.5199622Z [==========                             ] 26% Unzipping... emulator/lib64/gles_a
build	Setup Android SDK	2026-07-29T15:56:20.5278110Z [==========                             ] 26% Unzipping... emulator/lib64/libsha
build	Setup Android SDK	2026-07-29T15:56:20.5361356Z [==========                             ] 26% Unzipping... emulator/lib64/libc++
build	Setup Android SDK	2026-07-29T15:56:20.5364150Z [==========                             ] 26% Unzipping... emulator/lib64/qt/res
build	Setup Android SDK	2026-07-29T15:56:20.5365192Z [==========                             ] 26% Unzipping... emulator/lib64/qt/lib
build	Setup Android SDK	2026-07-29T15:56:20.5366115Z [==========                             ] 26% Unzipping... emulator/lib64/qt/tra
build	Setup Android SDK	2026-07-29T15:56:20.5367079Z [==========                             ] 26% Unzipping... emulator/lib64/qt/plu
build	Setup Android SDK	2026-07-29T15:56:20.5421260Z [==========                             ] 26% Unzipping... emulator/lib64/qt/res
build	Setup Android SDK	2026-07-29T15:56:20.6197558Z [==========                             ] 27% Unzipping... emulator/lib64/qt/res
build	Setup Android SDK	2026-07-29T15:56:20.7225446Z [==========                             ] 27% Unzipping... emulator/lib64/qt/lib
build	Setup Android SDK	2026-07-29T15:56:21.1335478Z [===========                            ] 28% Unzipping... emulator/lib64/qt/lib
build	Setup Android SDK	2026-07-29T15:56:21.5519754Z [===========                            ] 29% Unzipping... emulator/lib64/qt/lib
build	Setup Android SDK	2026-07-29T15:56:21.7405543Z [===========                            ] 30% Unzipping... emulator/lib64/qt/lib
build	Setup Android SDK	2026-07-29T15:56:21.8996839Z [============                           ] 30% Unzipping... emulator/lib64/qt/lib
build	Setup Android SDK	2026-07-29T15:56:21.9716706Z [============                           ] 30% Unzipping... emulator/lib64/qt/tra
build	Setup Android SDK	2026-07-29T15:56:22.0211759Z [============                           ] 31% Unzipping... emulator/lib64/qt/tra
build	Setup Android SDK	2026-07-29T15:56:22.0345403Z [============                           ] 31% Unzipping... emulator/lib64/qt/plu
build	Setup Android SDK	2026-07-29T15:56:22.1269504Z [============                           ] 31% Unzipping... emulator/lib64/gles_l
build	Setup Android SDK	2026-07-29T15:56:22.3810737Z [============                           ] 31% Unzipping... emulator/lib64/vulkan
build	Setup Android SDK	2026-07-29T15:56:22.7323316Z [============                           ] 32% Unzipping... emulator/lib64/vulkan
build	Setup Android SDK	2026-07-29T15:56:22.8056164Z [============                           ] 32% Unzipping... emulator/lib64/gles_s
build	Setup Android SDK	2026-07-29T15:56:22.8691524Z [============                           ] 32% Unzipping... emulator/lib64/gles_a
build	Setup Android SDK	2026-07-29T15:56:22.9302929Z [=============                          ] 33% Unzipping... emulator/lib64/gles_a
build	Setup Android SDK	2026-07-29T15:56:23.3722410Z [=====================                  ] 55% Unzipping... emulator/lib64/gles_a
build	Setup Android SDK	2026-07-29T15:56:23.3969045Z [=====================                  ] 55% Installing Android SDK Tools emula
build	Setup Android SDK	2026-07-29T15:56:23.4072408Z [=====================                  ] 55% Downloading sdk-tools-linux-433379
build	Setup Android SDK	2026-07-29T15:56:23.4250684Z [======================                 ] 55% Downloading sdk-tools-linux-433379
build	Setup Android SDK	2026-07-29T15:56:23.4642772Z [======================                 ] 56% Downloading sdk-tools-linux-433379
build	Setup Android SDK	2026-07-29T15:56:23.4906457Z [======================                 ] 57% Downloading sdk-tools-linux-433379
build	Setup Android SDK	2026-07-29T15:56:23.5277227Z [=======================                ] 58% Downloading sdk-tools-linux-433379
build	Setup Android SDK	2026-07-29T15:56:23.5552266Z [=======================                ] 59% Downloading sdk-tools-linux-433379
build	Setup Android SDK	2026-07-29T15:56:23.5692171Z [=======================                ] 60% Downloading sdk-tools-linux-433379
build	Setup Android SDK	2026-07-29T15:56:23.5805280Z [========================               ] 60% Downloading sdk-tools-linux-433379
build	Setup Android SDK	2026-07-29T15:56:23.6061522Z [========================               ] 61% Downloading sdk-tools-linux-433379
build	Setup Android SDK	2026-07-29T15:56:23.6315885Z [========================               ] 62% Downloading sdk-tools-linux-433379
build	Setup Android SDK	2026-07-29T15:56:23.6567080Z [=========================              ] 63% Downloading sdk-tools-linux-433379
build	Setup Android SDK	2026-07-29T15:56:23.6820832Z [=========================              ] 64% Downloading sdk-tools-linux-433379
build	Setup Android SDK	2026-07-29T15:56:23.6934708Z [=========================              ] 65% Downloading sdk-tools-linux-433379
build	Setup Android SDK	2026-07-29T15:56:23.7074708Z [==========================             ] 65% Downloading sdk-tools-linux-433379
build	Setup Android SDK	2026-07-29T15:56:23.7257037Z [==========================             ] 66% Downloading sdk-tools-linux-433379
build	Setup Android SDK	2026-07-29T15:56:23.7778521Z [==========================             ] 66% Unzipping... emulator/lib64/gles_a
build	Setup Android SDK	2026-07-29T15:56:23.7779508Z [==========================             ] 66% Unzipping... tools/               
build	Setup Android SDK	2026-07-29T15:56:23.7780289Z [==========================             ] 66% Unzipping... tools/proguard/      
build	Setup Android SDK	2026-07-29T15:56:23.7781069Z [==========================             ] 66% Unzipping... tools/proguard/licens
build	Setup Android SDK	2026-07-29T15:56:23.7781841Z [==========================             ] 66% Unzipping... tools/proguard/lib/  
build	Setup Android SDK	2026-07-29T15:56:23.7825529Z [==========================             ] 66% Unzipping... tools/proguard/lib/pr
build	Setup Android SDK	2026-07-29T15:56:23.7828194Z [==========================             ] 66% Unzipping... tools/proguard/lib/re
build	Setup Android SDK	2026-07-29T15:56:23.7836743Z [==========================             ] 66% Unzipping... tools/proguard/lib/pr
build	Setup Android SDK	2026-07-29T15:56:23.7838981Z [==========================             ] 66% Unzipping... tools/proguard/ant/  
build	Setup Android SDK	2026-07-29T15:56:23.7839976Z [==========================             ] 66% Unzipping... tools/proguard/ant/ta
build	Setup Android SDK	2026-07-29T15:56:23.7841518Z [==========================             ] 66% Unzipping... tools/proguard/docs/ 
build	Setup Android SDK	2026-07-29T15:56:23.7845308Z [==========================             ] 66% Unzipping... tools/proguard/docs/f
build	Setup Android SDK	2026-07-29T15:56:23.7854899Z [==========================             ] 66% Unzipping... tools/proguard/docs/s
build	Setup Android SDK	2026-07-29T15:56:23.7856928Z [==========================             ] 66% Unzipping... tools/proguard/docs/d
build	Setup Android SDK	2026-07-29T15:56:23.7861599Z [==========================             ] 66% Unzipping... tools/proguard/docs/s
build	Setup Android SDK	2026-07-29T15:56:23.7867611Z [==========================             ] 66% Unzipping... tools/proguard/docs/F
build	Setup Android SDK	2026-07-29T15:56:23.7872433Z [==========================             ] 66% Unzipping... tools/proguard/docs/s
build	Setup Android SDK	2026-07-29T15:56:23.7875860Z [==========================             ] 66% Unzipping... tools/proguard/docs/l
build	Setup Android SDK	2026-07-29T15:56:23.7881713Z [==========================             ] 66% Unzipping... tools/proguard/docs/s
build	Setup Android SDK	2026-07-29T15:56:23.7885987Z [==========================             ] 66% Unzipping... tools/proguard/docs/d
build	Setup Android SDK	2026-07-29T15:56:23.7894358Z [==========================             ] 66% Unzipping... tools/proguard/docs/s
build	Setup Android SDK	2026-07-29T15:56:23.7896638Z [==========================             ] 66% Unzipping... tools/proguard/docs/r
build	Setup Android SDK	2026-07-29T15:56:23.7898678Z [==========================             ] 66% Unzipping... tools/proguard/docs/d
build	Setup Android SDK	2026-07-29T15:56:23.7901110Z [==========================             ] 66% Unzipping... tools/proguard/docs/t
build	Setup Android SDK	2026-07-29T15:56:23.7903367Z [==========================             ] 66% Unzipping... tools/proguard/docs/f
build	Setup Android SDK	2026-07-29T15:56:23.7907715Z [==========================             ] 66% Unzipping... tools/proguard/docs/s
build	Setup Android SDK	2026-07-29T15:56:23.7910049Z [==========================             ] 66% Unzipping... tools/proguard/docs/t
build	Setup Android SDK	2026-07-29T15:56:23.7912614Z [==========================             ] 66% Unzipping... tools/proguard/docs/i
build	Setup Android SDK	2026-07-29T15:56:23.7916839Z [==========================             ] 66% Unzipping... tools/proguard/docs/s
build	Setup Android SDK	2026-07-29T15:56:23.7919571Z [==========================             ] 66% Unzipping... tools/proguard/docs/m
build	Setup Android SDK	2026-07-29T15:56:23.7921849Z [==========================             ] 66% Unzipping... tools/proguard/docs/s
build	Setup Android SDK	2026-07-29T15:56:23.7924312Z [==========================             ] 66% Unzipping... tools/proguard/docs/q
build	Setup Android SDK	2026-07-29T15:56:23.7927820Z [==========================             ] 66% Unzipping... tools/proguard/docs/G
build	Setup Android SDK	2026-07-29T15:56:23.7930264Z [==========================             ] 66% Unzipping... tools/proguard/docs/t
build	Setup Android SDK	2026-07-29T15:56:23.7944751Z [==========================             ] 66% Unzipping... tools/proguard/docs/s
build	Setup Android SDK	2026-07-29T15:56:23.7987248Z [==========================             ] 66% Unzipping... tools/proguard/docs/m
build	Setup Android SDK	2026-07-29T15:56:23.7989273Z [==========================             ] 66% Unzipping... tools/proguard/docs/s
build	Setup Android SDK	2026-07-29T15:56:23.7992334Z [==========================             ] 66% Unzipping... tools/proguard/docs/G
build	Setup Android SDK	2026-07-29T15:56:23.7995462Z [==========================             ] 66% Unzipping... tools/proguard/docs/c
build	Setup Android SDK	2026-07-29T15:56:23.8002108Z [==========================             ] 66% Unzipping... tools/proguard/docs/a
build	Setup Android SDK	2026-07-29T15:56:23.8013622Z [==========================             ] 66% Unzipping... tools/proguard/docs/s
build	Setup Android SDK	2026-07-29T15:56:23.8015378Z [==========================             ] 66% Unzipping... tools/proguard/docs/d
build	Setup Android SDK	2026-07-29T15:56:23.8092918Z [==========================             ] 66% Unzipping... tools/proguard/exampl
build	Setup Android SDK	2026-07-29T15:56:23.8094234Z [==========================             ] 66% Unzipping... tools/proguard/bin/  
build	Setup Android SDK	2026-07-29T15:56:23.8098453Z [==========================             ] 66% Unzipping... tools/proguard/bin/pr
build	Setup Android SDK	2026-07-29T15:56:23.8101874Z [==========================             ] 66% Unzipping... tools/proguard/bin/re
build	Setup Android SDK	2026-07-29T15:56:23.8105098Z [==========================             ] 66% Unzipping... tools/proguard/README
build	Setup Android SDK	2026-07-29T15:56:23.8114265Z [==========================             ] 66% Unzipping... tools/proguard/progua
build	Setup Android SDK	2026-07-29T15:56:23.8116531Z [==========================             ] 66% Unzipping... tools/lib/           
build	Setup Android SDK	2026-07-29T15:56:23.8151643Z [==========================             ] 66% Unzipping... tools/lib/bcpkix-jdk1
build	Setup Android SDK	2026-07-29T15:56:23.8160091Z [==========================             ] 66% Unzipping... tools/lib/org-eclipse
build	Setup Android SDK	2026-07-29T15:56:23.8170418Z [==========================             ] 66% Unzipping... tools/lib/manifest-me
build	Setup Android SDK	2026-07-29T15:56:23.8176386Z [==========================             ] 66% Unzipping... tools/lib/jcommander-
build	Setup Android SDK	2026-07-29T15:56:23.8189510Z [==========================             ] 66% Unzipping... tools/lib/gson-2.3.ja
build	Setup Android SDK	2026-07-29T15:56:23.8204812Z [==========================             ] 66% Unzipping... tools/lib/ddms-26.0.0
build	Setup Android SDK	2026-07-29T15:56:23.8205791Z [==========================             ] 66% Unzipping... tools/lib/asm-tree-5.
build	Setup Android SDK	2026-07-29T15:56:23.8248810Z [==========================             ] 66% Unzipping... tools/lib/uast-26.0.0
build	Setup Android SDK	2026-07-29T15:56:23.8258225Z [==========================             ] 66% Unzipping... tools/lib/dexlib2-2.2
build	Setup Android SDK	2026-07-29T15:56:23.8299032Z [==========================             ] 67% Unzipping... tools/lib/dexlib2-2.2
build	Setup Android SDK	2026-07-29T15:56:23.8301503Z [==========================             ] 67% Unzipping... tools/lib/android.el 
build	Setup Android SDK	2026-07-29T15:56:23.8307492Z [==========================             ] 67% Unzipping... tools/lib/apkanalyzer
build	Setup Android SDK	2026-07-29T15:56:23.8434307Z [==========================             ] 67% Unzipping... tools/lib/guava-22.0.
build	Setup Android SDK	2026-07-29T15:56:23.8467344Z [==========================             ] 67% Unzipping... tools/lib/lint-api-26
build	Setup Android SDK	2026-07-29T15:56:23.8474651Z [==========================             ] 67% Unzipping... tools/lib/baksmali-2.
build	Setup Android SDK	2026-07-29T15:56:23.8480130Z [==========================             ] 67% Unzipping... tools/lib/shared.jar 
build	Setup Android SDK	2026-07-29T15:56:23.8483000Z [==========================             ] 67% Unzipping... tools/lib/jsr305-1.3.
build	Setup Android SDK	2026-07-29T15:56:23.8509389Z [==========================             ] 67% Unzipping... tools/lib/httpclient-
build	Setup Android SDK	2026-07-29T15:56:23.8624966Z [==========================             ] 67% Unzipping... tools/lib/ecj-4.6.1.j
build	Setup Android SDK	2026-07-29T15:56:23.8628809Z [==========================             ] 67% Unzipping... tools/lib/jobb-26.0.0
build	Setup Android SDK	2026-07-29T15:56:23.8648835Z [==========================             ] 67% Unzipping... tools/lib/jcommon-1.0
build	Setup Android SDK	2026-07-29T15:56:23.8653269Z [==========================             ] 67% Unzipping... tools/lib/kxml2-2.3.0
build	Setup Android SDK	2026-07-29T15:56:23.8720073Z [==========================             ] 67% Unzipping... tools/lib/jfreechart-
build	Setup Android SDK	2026-07-29T15:56:23.8734598Z [==========================             ] 67% Unzipping... tools/lib/common-26.0
build	Setup Android SDK	2026-07-29T15:56:23.8794813Z [==========================             ] 67% Unzipping... tools/lib/lint-checks
build	Setup Android SDK	2026-07-29T15:56:23.8913271Z [==========================             ] 67% Unzipping... tools/lib/kotlin-refl
build	Setup Android SDK	2026-07-29T15:56:23.8917425Z [==========================             ] 67% Unzipping... tools/lib/builder-mod
build	Setup Android SDK	2026-07-29T15:56:23.8960895Z [==========================             ] 67% Unzipping... tools/lib/sdklib-26.0
build	Setup Android SDK	2026-07-29T15:56:23.8969141Z [==========================             ] 67% Unzipping... tools/lib/layoutlib-a
build	Setup Android SDK	2026-07-29T15:56:23.8971677Z [==========================             ] 67% Unzipping... tools/lib/annotations
build	Setup Android SDK	2026-07-29T15:56:23.8981842Z [==========================             ] 67% Unzipping... tools/lib/fat32lib.ja
build	Setup Android SDK	2026-07-29T15:56:23.8983996Z [==========================             ] 67% Unzipping... tools/lib/jsr305-3.0.
build	Setup Android SDK	2026-07-29T15:56:23.9044735Z [==========================             ] 67% Unzipping... tools/lib/org-eclipse
build	Setup Android SDK	2026-07-29T15:56:23.9045521Z [==========================             ] 67% Unzipping... tools/lib/error_prone
build	Setup Android SDK	2026-07-29T15:56:23.9053462Z [==========================             ] 67% Unzipping... tools/lib/org-eclipse
build	Setup Android SDK	2026-07-29T15:56:23.9056171Z [==========================             ] 67% Unzipping... tools/lib/animal-snif
build	Setup Android SDK	2026-07-29T15:56:23.9097735Z [==========================             ] 67% Unzipping... tools/lib/asset-studi
build	Setup Android SDK	2026-07-29T15:56:23.9127247Z [===========================            ] 68% Unzipping... tools/lib/asset-studi
build	Setup Android SDK	2026-07-29T15:56:23.9141528Z [===========================            ] 68% Unzipping... tools/lib/repository-
build	Setup Android SDK	2026-07-29T15:56:23.9146186Z [===========================            ] 68% Unzipping... tools/lib/dvlib-26.0.
build	Setup Android SDK	2026-07-29T15:56:23.9175301Z [===========================            ] 68% Unzipping... tools/lib/jsilver-1.0
build	Setup Android SDK	2026-07-29T15:56:23.9182369Z [===========================            ] 68% Unzipping... tools/lib/asm-5.1.jar
build	Setup Android SDK	2026-07-29T15:56:23.9187143Z [===========================            ] 68% Unzipping... tools/lib/devices.xml
build	Setup Android SDK	2026-07-29T15:56:23.9190702Z [===========================            ] 68% Unzipping... tools/lib/asm-analysi
build	Setup Android SDK	2026-07-29T15:56:23.9225120Z [===========================            ] 68% Unzipping... tools/lib/hierarchyvi
build	Setup Android SDK	2026-07-29T15:56:23.9235750Z [===========================            ] 68% Unzipping... tools/lib/monkeyrunne
build	Setup Android SDK	2026-07-29T15:56:23.9245136Z [===========================            ] 68% Unzipping... tools/lib/uiautomator
build	Setup Android SDK	2026-07-29T15:56:23.9245943Z [===========================            ] 68% Unzipping... tools/lib/archquery-2
build	Setup Android SDK	2026-07-29T15:56:23.9254736Z [===========================            ] 68% Unzipping... tools/lib/chimpchat-2
build	Setup Android SDK	2026-07-29T15:56:23.9255554Z [===========================            ] 68% Unzipping... tools/lib/explainer.j
build	Setup Android SDK	2026-07-29T15:56:23.9295863Z [===========================            ] 68% Unzipping... tools/lib/ddmlib-26.0
build	Setup Android SDK	2026-07-29T15:56:23.9296807Z [===========================            ] 68% Unzipping... tools/lib/swtmenubar-
build	Setup Android SDK	2026-07-29T15:56:23.9359184Z [===========================            ] 68% Unzipping... tools/lib/osgi-4.0.0.
build	Setup Android SDK	2026-07-29T15:56:23.9360413Z [===========================            ] 68% Unzipping... tools/lib/x86_64/    
build	Setup Android SDK	2026-07-29T15:56:23.9437994Z [===========================            ] 68% Unzipping... tools/lib/x86_64/swt.
build	Setup Android SDK	2026-07-29T15:56:23.9968141Z [===========================            ] 68% Unzipping... tools/lib/monitor-x86
build	Setup Android SDK	2026-07-29T15:56:24.0769050Z [===========================            ] 69% Unzipping... tools/lib/monitor-x86
build	Setup Android SDK	2026-07-29T15:56:24.1257700Z [===========================            ] 70% Unzipping... tools/lib/monitor-x86
build	Setup Android SDK	2026-07-29T15:56:24.1673611Z [============================           ] 70% Unzipping... tools/lib/monitor-x86
build	Setup Android SDK	2026-07-29T15:56:24.3338695Z [============================           ] 71% Unzipping... tools/lib/monitor-x86
build	Setup Android SDK	2026-07-29T15:56:24.3340818Z [============================           ] 71% Unzipping... tools/lib/httpmime-4.
build	Setup Android SDK	2026-07-29T15:56:24.3342931Z [============================           ] 71% Unzipping... tools/lib/annotations
build	Setup Android SDK	2026-07-29T15:56:24.3357140Z [============================           ] 71% Unzipping... tools/lib/lint-26.0.0
build	Setup Android SDK	2026-07-29T15:56:24.3363388Z [============================           ] 71% Unzipping... tools/lib/apkanalyzer
build	Setup Android SDK	2026-07-29T15:56:24.3369885Z [============================           ] 71% Unzipping... tools/lib/binary-reso
build	Setup Android SDK	2026-07-29T15:56:24.3376799Z [============================           ] 71% Unzipping... tools/lib/jopt-simple
build	Setup Android SDK	2026-07-29T15:56:24.3382975Z [============================           ] 71% Unzipping... tools/lib/util-2.2.1.
build	Setup Android SDK	2026-07-29T15:56:24.3400871Z [============================           ] 71% Unzipping... tools/lib/ddmuilib-26
build	Setup Android SDK	2026-07-29T15:56:24.3416038Z [============================           ] 72% Unzipping... tools/lib/ddmuilib-26
build	Setup Android SDK	2026-07-29T15:56:24.3463332Z [============================           ] 72% Unzipping... tools/lib/sdk-common-
build	Setup Android SDK	2026-07-29T15:56:24.3472715Z [============================           ] 72% Unzipping... tools/lib/traceview-2
build	Setup Android SDK	2026-07-29T15:56:24.3486655Z [============================           ] 72% Unzipping... tools/lib/httpcore-4.
build	Setup Android SDK	2026-07-29T15:56:24.3489671Z [============================           ] 72% Unzipping... tools/lib/screenshot2
build	Setup Android SDK	2026-07-29T15:56:24.3502667Z [============================           ] 72% Unzipping... tools/lib/commons-cod
build	Setup Android SDK	2026-07-29T15:56:24.3505329Z [============================           ] 72% Unzipping... tools/lib/proguard-pr
build	Setup Android SDK	2026-07-29T15:56:24.4076243Z [============================           ] 72% Unzipping... tools/lib/jython-stan
build	Setup Android SDK	2026-07-29T15:56:24.4130651Z [=============================          ] 73% Unzipping... tools/lib/jython-stan
build	Setup Android SDK	2026-07-29T15:56:24.4134408Z [=============================          ] 73% Unzipping... tools/lib/annotations
build	Setup Android SDK	2026-07-29T15:56:24.4140715Z [=============================          ] 73% Unzipping... tools/lib/commons-log
build	Setup Android SDK	2026-07-29T15:56:24.4211238Z [=============================          ] 73% Unzipping... tools/lib/protobuf-ja
build	Setup Android SDK	2026-07-29T15:56:24.4217783Z [=============================          ] 73% Unzipping... tools/lib/fakeadbserv
build	Setup Android SDK	2026-07-29T15:56:24.4373267Z [=============================          ] 73% Unzipping... tools/lib/bcprov-jdk1
build	Setup Android SDK	2026-07-29T15:56:24.4374378Z [=============================          ] 73% Unzipping... tools/lib/x86/       
build	Setup Android SDK	2026-07-29T15:56:24.4443723Z [=============================          ] 73% Unzipping... tools/lib/x86/swt.jar
build	Setup Android SDK	2026-07-29T15:56:24.4489385Z [=============================          ] 73% Unzipping... tools/lib/kotlin-stdl
build	Setup Android SDK	2026-07-29T15:56:24.4513493Z [=============================          ] 73% Unzipping... tools/lib/commons-com
build	Setup Android SDK	2026-07-29T15:56:24.4550412Z [=============================          ] 73% Unzipping... tools/lib/lombok-ast-
build	Setup Android SDK	2026-07-29T15:56:24.4582445Z [=============================          ] 73% Unzipping... tools/lib/trove4j-201
build	Setup Android SDK	2026-07-29T15:56:24.4823408Z [=============================          ] 73% Unzipping... tools/lib/intellij-co
build	Setup Android SDK	2026-07-29T15:56:24.4978100Z [=============================          ] 74% Unzipping... tools/lib/intellij-co
build	Setup Android SDK	2026-07-29T15:56:24.4992298Z [=============================          ] 74% Unzipping... tools/lib/jimfs-1.1.j
build	Setup Android SDK	2026-07-29T15:56:24.4995001Z [=============================          ] 74% Unzipping... tools/lib/j2objc-anno
build	Setup Android SDK	2026-07-29T15:56:24.5001941Z [=============================          ] 74% Unzipping... tools/lib/jfreechart-
build	Setup Android SDK	2026-07-29T15:56:24.5487943Z [=============================          ] 74% Unzipping... tools/lib/monitor-x86
build	Setup Android SDK	2026-07-29T15:56:24.5902097Z [=============================          ] 75% Unzipping... tools/lib/monitor-x86
build	Setup Android SDK	2026-07-29T15:56:24.6276888Z [==============================         ] 75% Unzipping... tools/lib/monitor-x86
build	Setup Android SDK	2026-07-29T15:56:24.7182949Z [==============================         ] 76% Unzipping... tools/lib/monitor-x86
build	Setup Android SDK	2026-07-29T15:56:24.8704445Z [==============================         ] 77% Unzipping... tools/lib/monitor-x86
build	Setup Android SDK	2026-07-29T15:56:24.8710357Z [==============================         ] 77% Unzipping... tools/lib/generator.j
build	Setup Android SDK	2026-07-29T15:56:24.8712001Z [==============================         ] 77% Unzipping... tools/source.properti
build	Setup Android SDK	2026-07-29T15:56:24.8712732Z [==============================         ] 77% Unzipping... tools/bin/           
build	Setup Android SDK	2026-07-29T15:56:24.8716097Z [==============================         ] 77% Unzipping... tools/bin/avdmanager 
build	Setup Android SDK	2026-07-29T15:56:24.8720789Z [==============================         ] 77% Unzipping... tools/bin/jobb       
build	Setup Android SDK	2026-07-29T15:56:24.8722884Z [==============================         ] 77% Unzipping... tools/bin/uiautomator
build	Setup Android SDK	2026-07-29T15:56:24.8725693Z [==============================         ] 77% Unzipping... tools/bin/apkanalyzer
build	Setup Android SDK	2026-07-29T15:56:24.8728175Z [==============================         ] 77% Unzipping... tools/bin/monkeyrunne
build	Setup Android SDK	2026-07-29T15:56:24.8731122Z [==============================         ] 77% Unzipping... tools/bin/archquery  
build	Setup Android SDK	2026-07-29T15:56:24.8733787Z [==============================         ] 77% Unzipping... tools/bin/sdkmanager 
build	Setup Android SDK	2026-07-29T15:56:24.8737057Z [==============================         ] 77% Unzipping... tools/bin/lint       
build	Setup Android SDK	2026-07-29T15:56:24.8739808Z [==============================         ] 77% Unzipping... tools/bin/screenshot2
build	Setup Android SDK	2026-07-29T15:56:24.8765245Z [==============================         ] 77% Unzipping... tools/NOTICE.txt     
build	Setup Android SDK	2026-07-29T15:56:24.8804368Z [==============================         ] 77% Unzipping... tools/emulator       
build	Setup Android SDK	2026-07-29T15:56:24.8830319Z [==============================         ] 77% Unzipping... tools/emulator-check 
build	Setup Android SDK	2026-07-29T15:56:24.8832815Z [==============================         ] 77% Unzipping... tools/monitor        
build	Setup Android SDK	2026-07-29T15:56:24.8836183Z [==============================         ] 77% Unzipping... tools/android        
build	Setup Android SDK	2026-07-29T15:56:24.8839331Z [==============================         ] 77% Unzipping... tools/mksdcard       
build	Setup Android SDK	2026-07-29T15:56:24.8840195Z [==============================         ] 77% Unzipping... tools/support/       
build	Setup Android SDK	2026-07-29T15:56:24.8846864Z [==============================         ] 77% Unzipping... tools/support/typos-d
build	Setup Android SDK	2026-07-29T15:56:24.8850662Z [==============================         ] 77% Unzipping... tools/support/typos-e
build	Setup Android SDK	2026-07-29T15:56:24.8853191Z [==============================         ] 77% Unzipping... tools/support/annotat
build	Setup Android SDK	2026-07-29T15:56:24.8862301Z [==============================         ] 77% Unzipping... tools/support/typos-e
build	Setup Android SDK	2026-07-29T15:56:24.8865950Z [==============================         ] 77% Unzipping... tools/support/typos-t
build	Setup Android SDK	2026-07-29T15:56:24.8871049Z [==============================         ] 77% Unzipping... tools/support/typos-p
build	Setup Android SDK	2026-07-29T15:56:24.8874782Z [==============================         ] 77% Unzipping... tools/support/typos-i
build	Setup Android SDK	2026-07-29T15:56:24.8878264Z [==============================         ] 77% Unzipping... tools/support/typos-n
build	Setup Android SDK	2026-07-29T15:56:24.8881890Z [==============================         ] 77% Unzipping... tools/support/typos-h
build	Setup Android SDK	2026-07-29T15:56:24.9166639Z [==============================         ] 78% Unzipping... tools/support/typos-h
build	Setup Android SDK	2026-07-29T15:56:24.9167792Z [=======================================] 100% Unzipping... tools/support/typos-
build	Setup Android SDK	2026-07-29T15:56:24.9215706Z 
build	Setup Android SDK	2026-07-29T15:56:24.9434824Z [command]/usr/local/lib/android/sdk/cmdline-tools/16.0/bin/sdkmanager platform-tools
build	Setup Android SDK	2026-07-29T15:56:25.7425296Z Loading package information...                                                  
build	Setup Android SDK	2026-07-29T15:56:25.8331818Z Loading local repository...                                                     
build	Setup Android SDK	2026-07-29T15:56:25.8337609Z [                                       ] 3% Loading local repository...        
build	Setup Android SDK	2026-07-29T15:56:25.8372992Z [                                       ] 3% Fetch remote repository...         
build	Setup Android SDK	2026-07-29T15:56:26.2755195Z [=                                      ] 3% Fetch remote repository...         
build	Setup Android SDK	2026-07-29T15:56:26.3567230Z [=                                      ] 4% Fetch remote repository...         
build	Setup Android SDK	2026-07-29T15:56:26.3929155Z [=                                      ] 5% Fetch remote repository...         
build	Setup Android SDK	2026-07-29T15:56:26.4481077Z [==                                     ] 5% Fetch remote repository...         
build	Setup Android SDK	2026-07-29T15:56:26.5325159Z [==                                     ] 6% Fetch remote repository...         
build	Setup Android SDK	2026-07-29T15:56:26.6345284Z [==                                     ] 7% Fetch remote repository...         
build	Setup Android SDK	2026-07-29T15:56:26.6354844Z [==                                     ] 7% Computing updates...               
build	Setup Android SDK	2026-07-29T15:56:26.6464321Z [===                                    ] 8% Computing updates...               
build	Setup Android SDK	2026-07-29T15:56:26.6525031Z [===                                    ] 10% Computing updates...              
build	Setup Android SDK	2026-07-29T15:56:26.6526268Z [=======================================] 100% Computing updates...             
build	Setup Android SDK	2026-07-29T15:56:26.6527009Z 
build	Install Android SDK Components	﻿2026-07-29T15:56:26.6903625Z ##[group]Run yes | sdkmanager --licenses
build	Install Android SDK Components	2026-07-29T15:56:26.6904449Z [36;1myes | sdkmanager --licenses[0m
build	Install Android SDK Components	2026-07-29T15:56:26.6904740Z [36;1m[0m
build	Install Android SDK Components	2026-07-29T15:56:26.6904944Z [36;1msdkmanager \[0m
build	Install Android SDK Components	2026-07-29T15:56:26.6905188Z [36;1m  "platform-tools" \[0m
build	Install Android SDK Components	2026-07-29T15:56:26.6905462Z [36;1m  "platforms;android-35" \[0m
build	Install Android SDK Components	2026-07-29T15:56:26.6905726Z [36;1m  "build-tools;35.0.0" \[0m
build	Install Android SDK Components	2026-07-29T15:56:26.6905965Z [36;1m  "cmake;3.31.6" \[0m
build	Install Android SDK Components	2026-07-29T15:56:26.6906190Z [36;1m  "ndk;29.0.14206865"[0m
build	Install Android SDK Components	2026-07-29T15:56:26.6951514Z shell: /usr/bin/bash -e {0}
build	Install Android SDK Components	2026-07-29T15:56:26.6951787Z env:
build	Install Android SDK Components	2026-07-29T15:56:26.6952115Z   JAVA_HOME: /opt/hostedtoolcache/Java_Temurin-Hotspot_jdk/21.0.11-10/x64
build	Install Android SDK Components	2026-07-29T15:56:26.6952669Z   JAVA_HOME_21_X64: /opt/hostedtoolcache/Java_Temurin-Hotspot_jdk/21.0.11-10/x64
build	Install Android SDK Components	2026-07-29T15:56:26.6953116Z   ANDROID_HOME: /usr/local/lib/android/sdk
build	Install Android SDK Components	2026-07-29T15:56:26.6953450Z   ANDROID_SDK_ROOT: /usr/local/lib/android/sdk
build	Install Android SDK Components	2026-07-29T15:56:26.6954032Z ##[endgroup]
build	Install Android SDK Components	2026-07-29T15:56:27.6252327Z Loading local repository...                                                     
build	Install Android SDK Components	2026-07-29T15:56:27.6257556Z [=========                              ] 25% Loading local repository...       
build	Install Android SDK Components	2026-07-29T15:56:27.6365119Z [=========                              ] 25% Fetch remote repository...        
build	Install Android SDK Components	2026-07-29T15:56:27.7705436Z [==========                             ] 26% Fetch remote repository...        
build	Install Android SDK Components	2026-07-29T15:56:27.7717012Z [============                           ] 31% Fetch remote repository...        
build	Install Android SDK Components	2026-07-29T15:56:27.8359724Z [============                           ] 32% Fetch remote repository...        
build	Install Android SDK Components	2026-07-29T15:56:27.8365332Z [=============                          ] 33% Fetch remote repository...        
build	Install Android SDK Components	2026-07-29T15:56:27.8656771Z [=============                          ] 35% Fetch remote repository...        
build	Install Android SDK Components	2026-07-29T15:56:27.8658890Z [==============                         ] 36% Fetch remote repository...        
build	Install Android SDK Components	2026-07-29T15:56:28.0228651Z [==============                         ] 37% Fetch remote repository...        
build	Install Android SDK Components	2026-07-29T15:56:28.0230022Z [===============                        ] 38% Fetch remote repository...        
build	Install Android SDK Components	2026-07-29T15:56:28.0417811Z [===============                        ] 39% Fetch remote repository...        
build	Install Android SDK Components	2026-07-29T15:56:28.0419403Z [================                       ] 40% Fetch remote repository...        
build	Install Android SDK Components	2026-07-29T15:56:28.0628991Z [================                       ] 41% Fetch remote repository...        
build	Install Android SDK Components	2026-07-29T15:56:28.0634283Z [================                       ] 42% Fetch remote repository...        
build	Install Android SDK Components	2026-07-29T15:56:28.1024512Z [=================                      ] 44% Fetch remote repository...        
build	Install Android SDK Components	2026-07-29T15:56:28.1025785Z [=================                      ] 45% Fetch remote repository...        
build	Install Android SDK Components	2026-07-29T15:56:28.1235370Z [==================                     ] 46% Fetch remote repository...        
build	Install Android SDK Components	2026-07-29T15:56:28.1239153Z [==================                     ] 47% Fetch remote repository...        
build	Install Android SDK Components	2026-07-29T15:56:28.1432349Z [===================                    ] 48% Fetch remote repository...        
build	Install Android SDK Components	2026-07-29T15:56:28.1434097Z [===================                    ] 49% Fetch remote repository...        
build	Install Android SDK Components	2026-07-29T15:56:28.1632974Z [====================                   ] 50% Fetch remote repository...        
build	Install Android SDK Components	2026-07-29T15:56:28.1637808Z [====================                   ] 51% Fetch remote repository...        
build	Install Android SDK Components	2026-07-29T15:56:28.1823518Z [====================                   ] 53% Fetch remote repository...        
build	Install Android SDK Components	2026-07-29T15:56:28.1825128Z [=====================                  ] 54% Fetch remote repository...        
build	Install Android SDK Components	2026-07-29T15:56:28.2113441Z [=====================                  ] 55% Fetch remote repository...        
build	Install Android SDK Components	2026-07-29T15:56:28.2117780Z [======================                 ] 56% Fetch remote repository...        
build	Install Android SDK Components	2026-07-29T15:56:28.2278585Z [======================                 ] 57% Fetch remote repository...        
build	Install Android SDK Components	2026-07-29T15:56:28.2286656Z [=======================                ] 58% Fetch remote repository...        
build	Install Android SDK Components	2026-07-29T15:56:28.2439583Z [=======================                ] 59% Fetch remote repository...        
build	Install Android SDK Components	2026-07-29T15:56:28.2442874Z [========================               ] 60% Fetch remote repository...        
build	Install Android SDK Components	2026-07-29T15:56:28.2963347Z [========================               ] 61% Fetch remote repository...        
build	Install Android SDK Components	2026-07-29T15:56:28.2984433Z [=========================              ] 63% Fetch remote repository...        
build	Install Android SDK Components	2026-07-29T15:56:28.3124706Z [=========================              ] 64% Fetch remote repository...        
build	Install Android SDK Components	2026-07-29T15:56:28.3155503Z [=========================              ] 65% Fetch remote repository...        
build	Install Android SDK Components	2026-07-29T15:56:28.3441154Z [==========================             ] 66% Fetch remote repository...        
build	Install Android SDK Components	2026-07-29T15:56:28.3447778Z [==========================             ] 67% Fetch remote repository...        
build	Install Android SDK Components	2026-07-29T15:56:28.3589747Z [===========================            ] 68% Fetch remote repository...        
build	Install Android SDK Components	2026-07-29T15:56:28.3591123Z [===========================            ] 69% Fetch remote repository...        
build	Install Android SDK Components	2026-07-29T15:56:28.3740140Z [============================           ] 70% Fetch remote repository...        
build	Install Android SDK Components	2026-07-29T15:56:28.3765106Z [============================           ] 72% Fetch remote repository...        
build	Install Android SDK Components	2026-07-29T15:56:28.3882354Z [=============================          ] 73% Fetch remote repository...        
build	Install Android SDK Components	2026-07-29T15:56:28.3887115Z [=============================          ] 74% Fetch remote repository...        
build	Install Android SDK Components	2026-07-29T15:56:28.3995214Z [=============================          ] 75% Fetch remote repository...        
build	Install Android SDK Components	2026-07-29T15:56:28.4125395Z [=============================          ] 75% Computing updates...              
build	Install Android SDK Components	2026-07-29T15:56:28.4126508Z [=======================================] 100% Computing updates...             
build	Install Android SDK Components	2026-07-29T15:56:28.4475742Z All SDK package licenses accepted.
build	Install Android SDK Components	2026-07-29T15:56:28.4476471Z 
build	Install Android SDK Components	2026-07-29T15:56:28.4669186Z yes: standard output: Broken pipe
build	Install Android SDK Components	2026-07-29T15:56:29.2890678Z Loading package information...                                                  
build	Install Android SDK Components	2026-07-29T15:56:29.3841580Z Loading local repository...                                                     
build	Install Android SDK Components	2026-07-29T15:56:29.3844861Z [                                       ] 3% Loading local repository...        
build	Install Android SDK Components	2026-07-29T15:56:29.3881697Z [                                       ] 3% Fetch remote repository...         
build	Install Android SDK Components	2026-07-29T15:56:29.6696412Z [=                                      ] 3% Fetch remote repository...         
build	Install Android SDK Components	2026-07-29T15:56:29.7188112Z [=                                      ] 4% Fetch remote repository...         
build	Install Android SDK Components	2026-07-29T15:56:29.7460349Z [=                                      ] 5% Fetch remote repository...         
build	Install Android SDK Components	2026-07-29T15:56:29.8205275Z [==                                     ] 5% Fetch remote repository...         
build	Install Android SDK Components	2026-07-29T15:56:29.9029356Z [==                                     ] 6% Fetch remote repository...         
build	Install Android SDK Components	2026-07-29T15:56:29.9589815Z [==                                     ] 7% Fetch remote repository...         
build	Install Android SDK Components	2026-07-29T15:56:29.9601353Z [==                                     ] 7% Computing updates...               
build	Install Android SDK Components	2026-07-29T15:56:29.9745408Z [===                                    ] 8% Computing updates...               
build	Install Android SDK Components	2026-07-29T15:56:29.9855576Z [===                                    ] 10% Computing updates...              
build	Install Android SDK Components	2026-07-29T15:56:30.4331653Z [===                                    ] 10% Installing CMake 3.31.6           
build	Install Android SDK Components	2026-07-29T15:56:30.4687225Z [===                                    ] 10% Downloading cmake-3.31.6-linux.zip
build	Install Android SDK Components	2026-07-29T15:56:30.5104210Z [====                                   ] 10% Downloading cmake-3.31.6-linux.zip
build	Install Android SDK Components	2026-07-29T15:56:30.5669035Z [====                                   ] 11% Downloading cmake-3.31.6-linux.zip
build	Install Android SDK Components	2026-07-29T15:56:30.5979620Z [====                                   ] 12% Downloading cmake-3.31.6-linux.zip
build	Install Android SDK Components	2026-07-29T15:56:30.6227457Z [=====                                  ] 13% Downloading cmake-3.31.6-linux.zip
build	Install Android SDK Components	2026-07-29T15:56:30.6429668Z [=====                                  ] 14% Downloading cmake-3.31.6-linux.zip
build	Install Android SDK Components	2026-07-29T15:56:30.6634936Z [=====                                  ] 15% Downloading cmake-3.31.6-linux.zip
build	Install Android SDK Components	2026-07-29T15:56:30.6849028Z [======                                 ] 15% Downloading cmake-3.31.6-linux.zip
build	Install Android SDK Components	2026-07-29T15:56:30.7585219Z [======                                 ] 16% Downloading cmake-3.31.6-linux.zip
build	Install Android SDK Components	2026-07-29T15:56:30.8227378Z [======                                 ] 17% Downloading cmake-3.31.6-linux.zip
build	Install Android SDK Components	2026-07-29T15:56:30.8357829Z [=======                                ] 18% Downloading cmake-3.31.6-linux.zip
build	Install Android SDK Components	2026-07-29T15:56:30.8606133Z [=======                                ] 19% Downloading cmake-3.31.6-linux.zip
build	Install Android SDK Components	2026-07-29T15:56:30.8749360Z [=======                                ] 20% Downloading cmake-3.31.6-linux.zip
build	Install Android SDK Components	2026-07-29T15:56:30.8851779Z [========                               ] 20% Downloading cmake-3.31.6-linux.zip
build	Install Android SDK Components	2026-07-29T15:56:30.9610393Z [========                               ] 21% Downloading cmake-3.31.6-linux.zip
build	Install Android SDK Components	2026-07-29T15:56:30.9729207Z [========                               ] 22% Downloading cmake-3.31.6-linux.zip
build	Install Android SDK Components	2026-07-29T15:56:30.9817395Z [=========                              ] 23% Downloading cmake-3.31.6-linux.zip
build	Install Android SDK Components	2026-07-29T15:56:31.0245846Z [=========                              ] 24% Downloading cmake-3.31.6-linux.zip
build	Install Android SDK Components	2026-07-29T15:56:31.0335274Z [=========                              ] 25% Downloading cmake-3.31.6-linux.zip
build	Install Android SDK Components	2026-07-29T15:56:31.0653377Z [==========                             ] 25% Downloading cmake-3.31.6-linux.zip
build	Install Android SDK Components	2026-07-29T15:56:31.1018880Z [==========                             ] 26% Downloading cmake-3.31.6-linux.zip
build	Install Android SDK Components	2026-07-29T15:56:31.1264993Z [==========                             ] 27% Downloading cmake-3.31.6-linux.zip
build	Install Android SDK Components	2026-07-29T15:56:31.1771827Z [===========                            ] 28% Downloading cmake-3.31.6-linux.zip
build	Install Android SDK Components	2026-07-29T15:56:31.2108270Z [===========                            ] 29% Downloading cmake-3.31.6-linux.zip
build	Install Android SDK Components	2026-07-29T15:56:31.2267695Z [===========                            ] 30% Downloading cmake-3.31.6-linux.zip
build	Install Android SDK Components	2026-07-29T15:56:31.2348833Z [============                           ] 30% Downloading cmake-3.31.6-linux.zip
build	Install Android SDK Components	2026-07-29T15:56:31.3402180Z [============                           ] 31% Downloading cmake-3.31.6-linux.zip
build	Install Android SDK Components	2026-07-29T15:56:31.4253664Z [============                           ] 32% Downloading cmake-3.31.6-linux.zip
build	Install Android SDK Components	2026-07-29T15:56:31.4259601Z [============                           ] 33% Downloading cmake-3.31.6-linux.zip
build	Install Android SDK Components	2026-07-29T15:56:31.5879449Z [============                           ] 33% Unzipping...                      
build	Install Android SDK Components	2026-07-29T15:56:31.5945170Z [============                           ] 33% Unzipping... bin/cmake            
build	Install Android SDK Components	2026-07-29T15:56:31.6193582Z [=============                          ] 33% Unzipping... bin/cmake            
build	Install Android SDK Components	2026-07-29T15:56:31.6414592Z [=============                          ] 34% Unzipping... bin/cmake            
build	Install Android SDK Components	2026-07-29T15:56:31.6534883Z [=============                          ] 35% Unzipping... bin/cmake            
build	Install Android SDK Components	2026-07-29T15:56:31.6665567Z [==============                         ] 35% Unzipping... bin/cmake            
build	Install Android SDK Components	2026-07-29T15:56:31.6887811Z [==============                         ] 36% Unzipping... bin/cmake            
build	Install Android SDK Components	2026-07-29T15:56:31.7062815Z [==============                         ] 37% Unzipping... bin/cmake            
build	Install Android SDK Components	2026-07-29T15:56:31.7221706Z [===============                        ] 38% Unzipping... bin/cmake            
build	Install Android SDK Components	2026-07-29T15:56:31.7318649Z [===============                        ] 39% Unzipping... bin/cmake            
build	Install Android SDK Components	2026-07-29T15:56:31.7454892Z [===============                        ] 39% Unzipping... bin/cpack            
build	Install Android SDK Components	2026-07-29T15:56:31.7547731Z [===============                        ] 40% Unzipping... bin/cpack            
build	Install Android SDK Components	2026-07-29T15:56:31.7651926Z [================                       ] 40% Unzipping... bin/cpack            
build	Install Android SDK Components	2026-07-29T15:56:31.7857799Z [================                       ] 41% Unzipping... bin/cpack            
build	Install Android SDK Components	2026-07-29T15:56:31.8082670Z [================                       ] 42% Unzipping... bin/cpack            
build	Install Android SDK Components	2026-07-29T15:56:31.8242734Z [=================                      ] 43% Unzipping... bin/cpack            
build	Install Android SDK Components	2026-07-29T15:56:31.8408292Z [=================                      ] 44% Unzipping... bin/cpack            
build	Install Android SDK Components	2026-07-29T15:56:31.8480498Z [=================                      ] 45% Unzipping... bin/cpack            
build	Install Android SDK Components	2026-07-29T15:56:31.8551901Z [==================                     ] 45% Unzipping... bin/cpack            
build	Install Android SDK Components	2026-07-29T15:56:31.8591490Z [==================                     ] 45% Unzipping... bin/ctest            
build	Install Android SDK Components	2026-07-29T15:56:31.8781557Z [==================                     ] 46% Unzipping... bin/ctest            
build	Install Android SDK Components	2026-07-29T15:56:31.8974671Z [==================                     ] 47% Unzipping... bin/ctest            
build	Install Android SDK Components	2026-07-29T15:56:31.9178013Z [===================                    ] 48% Unzipping... bin/ctest            
build	Install Android SDK Components	2026-07-29T15:56:31.9393459Z [===================                    ] 49% Unzipping... bin/ctest            
build	Install Android SDK Components	2026-07-29T15:56:31.9460182Z [===================                    ] 50% Unzipping... bin/ctest            
build	Install Android SDK Components	2026-07-29T15:56:31.9541733Z [====================                   ] 50% Unzipping... bin/ctest            
build	Install Android SDK Components	2026-07-29T15:56:31.9699348Z [====================                   ] 51% Unzipping... bin/ctest            
build	Install Android SDK Components	2026-07-29T15:56:31.9813377Z [====================                   ] 52% Unzipping... bin/ctest            
build	Install Android SDK Components	2026-07-29T15:56:31.9863365Z [====================                   ] 52% Unzipping... doc/openssl-openssl-3
build	Install Android SDK Components	2026-07-29T15:56:31.9868168Z [====================                   ] 52% Unzipping... doc/cmake-3.31/Copyri
build	Install Android SDK Components	2026-07-29T15:56:31.9873239Z [====================                   ] 52% Unzipping... doc/cmake-3.31/cmlibl
build	Install Android SDK Components	2026-07-29T15:56:31.9877946Z [====================                   ] 52% Unzipping... doc/cmake-3.31/cmlibr
build	Install Android SDK Components	2026-07-29T15:56:31.9881862Z [====================                   ] 52% Unzipping... doc/cmake-3.31/cmzstd
build	Install Android SDK Components	2026-07-29T15:56:31.9894913Z [====================                   ] 52% Unzipping... doc/cmake-3.31/cmcurl
build	Install Android SDK Components	2026-07-29T15:56:31.9896232Z [====================                   ] 52% Unzipping... doc/cmake-3.31/cmzlib
build	Install Android SDK Components	2026-07-29T15:56:31.9897393Z [====================                   ] 52% Unzipping... doc/cmake-3.31/cmnght
build	Install Android SDK Components	2026-07-29T15:56:31.9898420Z [====================                   ] 52% Unzipping... doc/cmake-3.31/cmcppd
build	Install Android SDK Components	2026-07-29T15:56:31.9900986Z [====================                   ] 52% Unzipping... doc/cmake-3.31/cmliba
build	Install Android SDK Components	2026-07-29T15:56:31.9905532Z [====================                   ] 52% Unzipping... doc/cmake-3.31/cmsys/
build	Install Android SDK Components	2026-07-29T15:56:31.9910815Z [====================                   ] 52% Unzipping... doc/cmake-3.31/cmlibu
build	Install Android SDK Components	2026-07-29T15:56:31.9917984Z [====================                   ] 52% Unzipping... share/emacs/site-lisp
build	Install Android SDK Components	2026-07-29T15:56:31.9931311Z [====================                   ] 52% Unzipping... share/vim/vimfiles/sy
build	Install Android SDK Components	2026-07-29T15:56:31.9935577Z [====================                   ] 52% Unzipping... share/vim/vimfiles/in
build	Install Android SDK Components	2026-07-29T15:56:31.9939743Z [====================                   ] 52% Unzipping... share/aclocal/cmake.m
build	Install Android SDK Components	2026-07-29T15:56:31.9951668Z [====================                   ] 52% Unzipping... share/bash-completion
build	Install Android SDK Components	2026-07-29T15:56:32.0515792Z [====================                   ] 52% Unzipping... share/cmake-3.31/Modu
build	Install Android SDK Components	2026-07-29T15:56:32.3237149Z [=====================                  ] 53% Unzipping... share/cmake-3.31/Modu
build	Install Android SDK Components	2026-07-29T15:56:32.3352129Z [=====================                  ] 53% Unzipping... share/cmake-3.31/Temp
build	Install Android SDK Components	2026-07-29T15:56:32.3700051Z [=====================                  ] 53% Unzipping... share/cmake-3.31/Help
build	Install Android SDK Components	2026-07-29T15:56:32.6800979Z [=====================                  ] 54% Unzipping... share/cmake-3.31/Help
build	Install Android SDK Components	2026-07-29T15:56:32.6802824Z [=====================                  ] 54% Unzipping... share/cmake-3.31/incl
build	Install Android SDK Components	2026-07-29T15:56:32.6804884Z [=====================                  ] 54% Unzipping... source.properties    
build	Install Android SDK Components	2026-07-29T15:56:32.6868375Z [=====================                  ] 54% Unzipping... bin/ninja            
build	Install Android SDK Components	2026-07-29T15:56:32.6872517Z [=====================                  ] 54% Unzipping... doc/ninja/LICENSE    
build	Install Android SDK Components	2026-07-29T15:56:32.6876496Z [=====================                  ] 54% Unzipping... share/cmake-3.31/Modu
build	Install Android SDK Components	2026-07-29T15:56:32.6958746Z [=====================                  ] 55% Unzipping... share/cmake-3.31/Modu
build	Install Android SDK Components	2026-07-29T15:56:32.6959297Z [=======================================] 100% Unzipping... share/cmake-3.31/Mod
build	Install Android SDK Components	2026-07-29T15:56:32.8307186Z 
build	Verify installation	﻿2026-07-29T15:56:32.8579391Z ##[group]Run java -version
build	Verify installation	2026-07-29T15:56:32.8579737Z [36;1mjava -version[0m
build	Verify installation	2026-07-29T15:56:32.8579981Z [36;1mcmake --version || true[0m
build	Verify installation	2026-07-29T15:56:32.8580288Z [36;1mls -lah "$ANDROID_SDK_ROOT/cmake"[0m
build	Verify installation	2026-07-29T15:56:32.8580591Z [36;1mls -lah "$ANDROID_SDK_ROOT/ndk"[0m
build	Verify installation	2026-07-29T15:56:32.8625982Z shell: /usr/bin/bash -e {0}
build	Verify installation	2026-07-29T15:56:32.8626262Z env:
build	Verify installation	2026-07-29T15:56:32.8626590Z   JAVA_HOME: /opt/hostedtoolcache/Java_Temurin-Hotspot_jdk/21.0.11-10/x64
build	Verify installation	2026-07-29T15:56:32.8627156Z   JAVA_HOME_21_X64: /opt/hostedtoolcache/Java_Temurin-Hotspot_jdk/21.0.11-10/x64
build	Verify installation	2026-07-29T15:56:32.8627616Z   ANDROID_HOME: /usr/local/lib/android/sdk
build	Verify installation	2026-07-29T15:56:32.8627943Z   ANDROID_SDK_ROOT: /usr/local/lib/android/sdk
build	Verify installation	2026-07-29T15:56:32.8628249Z ##[endgroup]
build	Verify installation	2026-07-29T15:56:32.9021372Z openjdk version "21.0.11" 2026-04-21 LTS
build	Verify installation	2026-07-29T15:56:32.9022486Z OpenJDK Runtime Environment Temurin-21.0.11+10 (build 21.0.11+10-LTS)
build	Verify installation	2026-07-29T15:56:32.9023867Z OpenJDK 64-Bit Server VM Temurin-21.0.11+10 (build 21.0.11+10-LTS, mixed mode, sharing)
build	Verify installation	2026-07-29T15:56:33.4606450Z cmake version 3.31.6
build	Verify installation	2026-07-29T15:56:33.4606823Z 
build	Verify installation	2026-07-29T15:56:33.4607426Z CMake suite maintained and supported by Kitware (kitware.com/cmake).
build	Verify installation	2026-07-29T15:56:33.4629995Z total 20K
build	Verify installation	2026-07-29T15:56:33.4630713Z drwxrwxrwx  5 root   root   4.0K Jul 29 15:56 .
build	Verify installation	2026-07-29T15:56:33.4631426Z drwxrwxrwx 13 root   root   4.0K Jul 29 15:56 ..
build	Verify installation	2026-07-29T15:56:33.4631951Z drwxrwxrwx  5 root   root   4.0K Jul 20 08:43 3.31.5
build	Verify installation	2026-07-29T15:56:33.4632523Z drwxr-xr-x  5 runner runner 4.0K Jul 29 15:56 3.31.6
build	Verify installation	2026-07-29T15:56:33.4633173Z drwxrwxrwx  5 root   root   4.0K Jul 20 08:43 4.1.2
build	Verify installation	2026-07-29T15:56:33.4645862Z total 20K
build	Verify installation	2026-07-29T15:56:33.4646361Z drwxrwxrwx  5 root root 4.0K Jul 20 08:43 .
build	Verify installation	2026-07-29T15:56:33.4646919Z drwxrwxrwx 13 root root 4.0K Jul 29 15:56 ..
build	Verify installation	2026-07-29T15:56:33.4647347Z drwxrwxrwx 11 root root 4.0K Jul 20 08:43 27.3.13750724
build	Verify installation	2026-07-29T15:56:33.4647807Z drwxrwxrwx 11 root root 4.0K Jul 20 08:42 28.2.13676358
build	Verify installation	2026-07-29T15:56:33.4648278Z drwxrwxrwx 11 root root 4.0K Jul 20 08:42 29.0.14206865
build	Make Gradle executable	﻿2026-07-29T15:56:33.4678795Z ##[group]Run chmod +x gradlew
build	Make Gradle executable	2026-07-29T15:56:33.4679281Z [36;1mchmod +x gradlew[0m
build	Make Gradle executable	2026-07-29T15:56:33.4723676Z shell: /usr/bin/bash -e {0}
build	Make Gradle executable	2026-07-29T15:56:33.4724206Z env:
build	Make Gradle executable	2026-07-29T15:56:33.4724524Z   JAVA_HOME: /opt/hostedtoolcache/Java_Temurin-Hotspot_jdk/21.0.11-10/x64
build	Make Gradle executable	2026-07-29T15:56:33.4725064Z   JAVA_HOME_21_X64: /opt/hostedtoolcache/Java_Temurin-Hotspot_jdk/21.0.11-10/x64
build	Make Gradle executable	2026-07-29T15:56:33.4725497Z   ANDROID_HOME: /usr/local/lib/android/sdk
build	Make Gradle executable	2026-07-29T15:56:33.4725802Z   ANDROID_SDK_ROOT: /usr/local/lib/android/sdk
build	Make Gradle executable	2026-07-29T15:56:33.4726085Z ##[endgroup]
build	Install required packages	﻿2026-07-29T15:56:33.4837678Z ##[group]Run sudo apt-get update
build	Install required packages	2026-07-29T15:56:33.4838026Z [36;1msudo apt-get update[0m
build	Install required packages	2026-07-29T15:56:33.4838341Z [36;1msudo apt-get install -y curl wget tar unzip xz-utils[0m
build	Install required packages	2026-07-29T15:56:33.4883318Z shell: /usr/bin/bash -e {0}
build	Install required packages	2026-07-29T15:56:33.4883590Z env:
build	Install required packages	2026-07-29T15:56:33.4884199Z   JAVA_HOME: /opt/hostedtoolcache/Java_Temurin-Hotspot_jdk/21.0.11-10/x64
build	Install required packages	2026-07-29T15:56:33.4884719Z   JAVA_HOME_21_X64: /opt/hostedtoolcache/Java_Temurin-Hotspot_jdk/21.0.11-10/x64
build	Install required packages	2026-07-29T15:56:33.4885142Z   ANDROID_HOME: /usr/local/lib/android/sdk
build	Install required packages	2026-07-29T15:56:33.4885439Z   ANDROID_SDK_ROOT: /usr/local/lib/android/sdk
build	Install required packages	2026-07-29T15:56:33.4885719Z ##[endgroup]
build	Install required packages	2026-07-29T15:56:33.5865610Z Get:1 file:/etc/apt/apt-mirrors.txt Mirrorlist [144 B]
build	Install required packages	2026-07-29T15:56:33.6266933Z Hit:6 https://packages.microsoft.com/repos/azure-cli noble InRelease
build	Install required packages	2026-07-29T15:56:33.6272647Z Hit:2 http://azure.archive.ubuntu.com/ubuntu noble InRelease
build	Install required packages	2026-07-29T15:56:33.6274157Z Get:7 https://packages.microsoft.com/ubuntu/24.04/prod noble InRelease [3600 B]
build	Install required packages	2026-07-29T15:56:33.6288942Z Get:3 http://azure.archive.ubuntu.com/ubuntu noble-updates InRelease [126 kB]
build	Install required packages	2026-07-29T15:56:33.6349756Z Get:4 http://azure.archive.ubuntu.com/ubuntu noble-backports InRelease [126 kB]
build	Install required packages	2026-07-29T15:56:33.6384245Z Get:5 http://azure.archive.ubuntu.com/ubuntu noble-security InRelease [126 kB]
build	Install required packages	2026-07-29T15:56:33.6408683Z Get:8 https://dl.google.com/linux/chrome-stable/deb stable InRelease [2548 B]
build	Install required packages	2026-07-29T15:56:33.8249920Z Get:9 https://packages.microsoft.com/ubuntu/24.04/prod noble/main amd64 Packages [252 kB]
build	Install required packages	2026-07-29T15:56:33.8385352Z Get:10 https://packages.microsoft.com/ubuntu/24.04/prod noble/main arm64 Packages [217 kB]
build	Install required packages	2026-07-29T15:56:33.8838797Z Get:11 http://azure.archive.ubuntu.com/ubuntu noble-updates/main amd64 Packages [1153 kB]
build	Install required packages	2026-07-29T15:56:33.8929102Z Get:12 http://azure.archive.ubuntu.com/ubuntu noble-updates/main Translation-en [278 kB]
build	Install required packages	2026-07-29T15:56:33.8956825Z Get:13 http://azure.archive.ubuntu.com/ubuntu noble-updates/main amd64 Components [180 kB]
build	Install required packages	2026-07-29T15:56:33.8980918Z Get:14 http://azure.archive.ubuntu.com/ubuntu noble-updates/universe amd64 Packages [1678 kB]
build	Install required packages	2026-07-29T15:56:33.9101419Z Get:15 http://azure.archive.ubuntu.com/ubuntu noble-updates/universe Translation-en [334 kB]
build	Install required packages	2026-07-29T15:56:33.9125232Z Get:16 http://azure.archive.ubuntu.com/ubuntu noble-updates/universe amd64 Components [388 kB]
build	Install required packages	2026-07-29T15:56:33.9155077Z Get:17 http://azure.archive.ubuntu.com/ubuntu noble-updates/restricted amd64 Packages [1367 kB]
build	Install required packages	2026-07-29T15:56:33.9233340Z Get:18 http://azure.archive.ubuntu.com/ubuntu noble-updates/restricted Translation-en [308 kB]
build	Install required packages	2026-07-29T15:56:33.9261130Z Get:19 http://azure.archive.ubuntu.com/ubuntu noble-updates/multiverse amd64 Packages [45.4 kB]
build	Install required packages	2026-07-29T15:56:33.9277977Z Get:20 http://azure.archive.ubuntu.com/ubuntu noble-updates/multiverse Translation-en [12.3 kB]
build	Install required packages	2026-07-29T15:56:33.9741430Z Get:21 http://azure.archive.ubuntu.com/ubuntu noble-updates/multiverse amd64 Components [940 B]
build	Install required packages	2026-07-29T15:56:33.9760504Z Get:22 http://azure.archive.ubuntu.com/ubuntu noble-backports/main amd64 Components [5740 B]
build	Install required packages	2026-07-29T15:56:33.9774710Z Get:23 http://azure.archive.ubuntu.com/ubuntu noble-backports/universe amd64 Packages [32.5 kB]
build	Install required packages	2026-07-29T15:56:33.9788974Z Get:24 http://azure.archive.ubuntu.com/ubuntu noble-backports/universe amd64 Components [12.6 kB]
build	Install required packages	2026-07-29T15:56:34.0076562Z Get:25 http://azure.archive.ubuntu.com/ubuntu noble-security/main amd64 Packages [898 kB]
build	Install required packages	2026-07-29T15:56:34.0144265Z Get:26 http://azure.archive.ubuntu.com/ubuntu noble-security/main Translation-en [198 kB]
build	Install required packages	2026-07-29T15:56:34.0156897Z Get:27 http://azure.archive.ubuntu.com/ubuntu noble-security/main amd64 Components [46.4 kB]
build	Install required packages	2026-07-29T15:56:34.0195543Z Get:28 http://azure.archive.ubuntu.com/ubuntu noble-security/universe amd64 Packages [1199 kB]
build	Install required packages	2026-07-29T15:56:34.0258755Z Get:29 http://azure.archive.ubuntu.com/ubuntu noble-security/universe Translation-en [239 kB]
build	Install required packages	2026-07-29T15:56:34.0356294Z Get:30 http://azure.archive.ubuntu.com/ubuntu noble-security/universe amd64 Components [76.2 kB]
build	Install required packages	2026-07-29T15:56:34.0405660Z Get:31 http://azure.archive.ubuntu.com/ubuntu noble-security/restricted amd64 Packages [1273 kB]
build	Install required packages	2026-07-29T15:56:34.0439755Z Get:32 http://azure.archive.ubuntu.com/ubuntu noble-security/restricted Translation-en [290 kB]
build	Install required packages	2026-07-29T15:56:34.0466772Z Get:33 http://azure.archive.ubuntu.com/ubuntu noble-security/multiverse amd64 Packages [40.3 kB]
build	Install required packages	2026-07-29T15:56:34.0483231Z Get:34 http://azure.archive.ubuntu.com/ubuntu noble-security/multiverse Translation-en [10.6 kB]
build	Install required packages	2026-07-29T15:56:34.0872133Z Get:35 https://dl.google.com/linux/chrome-stable/deb stable/main amd64 Packages [1425 B]
build	Install required packages	2026-07-29T15:56:38.2649369Z Fetched 10.9 MB in 1s (8078 kB/s)
build	Install required packages	2026-07-29T15:56:39.0076080Z Reading package lists...
build	Install required packages	2026-07-29T15:56:39.0405174Z Reading package lists...
build	Install required packages	2026-07-29T15:56:39.2386055Z Building dependency tree...
build	Install required packages	2026-07-29T15:56:39.2393304Z Reading state information...
build	Install required packages	2026-07-29T15:56:39.3945552Z curl is already the newest version (8.5.0-2ubuntu10.11).
build	Install required packages	2026-07-29T15:56:39.3946402Z unzip is already the newest version (6.0-28ubuntu4.1).
build	Install required packages	2026-07-29T15:56:39.3947211Z xz-utils is already the newest version (5.6.1+really5.4.5-1ubuntu0.3).
build	Install required packages	2026-07-29T15:56:39.3947852Z Suggested packages:
build	Install required packages	2026-07-29T15:56:39.3948275Z   ncompress tar-scripts tar-doc
build	Install required packages	2026-07-29T15:56:39.4179291Z The following packages will be upgraded:
build	Install required packages	2026-07-29T15:56:39.4180095Z   tar wget
build	Install required packages	2026-07-29T15:56:39.4362427Z 2 upgraded, 0 newly installed, 0 to remove and 71 not upgraded.
build	Install required packages	2026-07-29T15:56:39.4363295Z Need to get 590 kB of archives.
build	Install required packages	2026-07-29T15:56:39.4364386Z After this operation, 0 B of additional disk space will be used.
build	Install required packages	2026-07-29T15:56:39.4365356Z Get:1 file:/etc/apt/apt-mirrors.txt Mirrorlist [144 B]
build	Install required packages	2026-07-29T15:56:39.4629257Z Get:2 http://azure.archive.ubuntu.com/ubuntu noble-updates/main amd64 tar amd64 1.35+dfsg-3ubuntu0.4 [256 kB]
build	Install required packages	2026-07-29T15:56:39.4769698Z Get:3 http://azure.archive.ubuntu.com/ubuntu noble-updates/main amd64 wget amd64 1.21.4-1ubuntu4.4 [334 kB]
build	Install required packages	2026-07-29T15:56:39.7473197Z Fetched 590 kB in 0s (11.0 MB/s)
build	Install required packages	2026-07-29T15:56:39.8075723Z (Reading database ... 
build	Install required packages	2026-07-29T15:56:39.8076752Z (Reading database ... 5%
build	Install required packages	2026-07-29T15:56:39.8077557Z (Reading database ... 10%
build	Install required packages	2026-07-29T15:56:39.8077941Z (Reading database ... 15%
build	Install required packages	2026-07-29T15:56:39.8078241Z (Reading database ... 20%
build	Install required packages	2026-07-29T15:56:39.8078531Z (Reading database ... 25%
build	Install required packages	2026-07-29T15:56:39.8078849Z (Reading database ... 30%
build	Install required packages	2026-07-29T15:56:39.8079128Z (Reading database ... 35%
build	Install required packages	2026-07-29T15:56:39.8079405Z (Reading database ... 40%
build	Install required packages	2026-07-29T15:56:39.8079684Z (Reading database ... 45%
build	Install required packages	2026-07-29T15:56:39.8080106Z (Reading database ... 50%
build	Install required packages	2026-07-29T15:56:39.8140470Z (Reading database ... 55%
build	Install required packages	2026-07-29T15:56:39.9240928Z (Reading database ... 60%
build	Install required packages	2026-07-29T15:56:40.1027753Z (Reading database ... 65%
build	Install required packages	2026-07-29T15:56:40.3019580Z (Reading database ... 70%
build	Install required packages	2026-07-29T15:56:40.4022965Z (Reading database ... 75%
build	Install required packages	2026-07-29T15:56:40.5644896Z (Reading database ... 80%
build	Install required packages	2026-07-29T15:56:40.7280382Z (Reading database ... 85%
build	Install required packages	2026-07-29T15:56:40.8067424Z (Reading database ... 90%
build	Install required packages	2026-07-29T15:56:40.9218566Z (Reading database ... 95%
build	Install required packages	2026-07-29T15:56:40.9219332Z (Reading database ... 100%
build	Install required packages	2026-07-29T15:56:40.9220223Z (Reading database ... 202954 files and directories currently installed.)
build	Install required packages	2026-07-29T15:56:40.9265342Z Preparing to unpack .../tar_1.35+dfsg-3ubuntu0.4_amd64.deb ...
build	Install required packages	2026-07-29T15:56:40.9392006Z Unpacking tar (1.35+dfsg-3ubuntu0.4) over (1.35+dfsg-3ubuntu0.3) ...
build	Install required packages	2026-07-29T15:56:40.9909185Z Setting up tar (1.35+dfsg-3ubuntu0.4) ...
build	Install required packages	2026-07-29T15:56:41.0330205Z (Reading database ... 
build	Install required packages	2026-07-29T15:56:41.0330867Z (Reading database ... 5%
build	Install required packages	2026-07-29T15:56:41.0331620Z (Reading database ... 10%
build	Install required packages	2026-07-29T15:56:41.0332268Z (Reading database ... 15%
build	Install required packages	2026-07-29T15:56:41.0332884Z (Reading database ... 20%
build	Install required packages	2026-07-29T15:56:41.0333495Z (Reading database ... 25%
build	Install required packages	2026-07-29T15:56:41.0334441Z (Reading database ... 30%
build	Install required packages	2026-07-29T15:56:41.0334971Z (Reading database ... 35%
build	Install required packages	2026-07-29T15:56:41.0335899Z (Reading database ... 40%
build	Install required packages	2026-07-29T15:56:41.0336425Z (Reading database ... 45%
build	Install required packages	2026-07-29T15:56:41.0336966Z (Reading database ... 50%
build	Install required packages	2026-07-29T15:56:41.0342204Z (Reading database ... 55%
build	Install required packages	2026-07-29T15:56:41.0455593Z (Reading database ... 60%
build	Install required packages	2026-07-29T15:56:41.0484155Z (Reading database ... 65%
build	Install required packages	2026-07-29T15:56:41.0510471Z (Reading database ... 70%
build	Install required packages	2026-07-29T15:56:41.0540246Z (Reading database ... 75%
build	Install required packages	2026-07-29T15:56:41.0578116Z (Reading database ... 80%
build	Install required packages	2026-07-29T15:56:41.0728030Z (Reading database ... 85%
build	Install required packages	2026-07-29T15:56:41.0803103Z (Reading database ... 90%
build	Install required packages	2026-07-29T15:56:41.1036314Z (Reading database ... 95%
build	Install required packages	2026-07-29T15:56:41.1037013Z (Reading database ... 100%
build	Install required packages	2026-07-29T15:56:41.1037880Z (Reading database ... 202954 files and directories currently installed.)
build	Install required packages	2026-07-29T15:56:41.1083058Z Preparing to unpack .../wget_1.21.4-1ubuntu4.4_amd64.deb ...
build	Install required packages	2026-07-29T15:56:41.1113505Z Unpacking wget (1.21.4-1ubuntu4.4) over (1.21.4-1ubuntu4.3) ...
build	Install required packages	2026-07-29T15:56:41.1668301Z Setting up wget (1.21.4-1ubuntu4.4) ...
build	Install required packages	2026-07-29T15:56:41.1718549Z Processing triggers for install-info (7.1-3build2) ...
build	Install required packages	2026-07-29T15:56:41.4077578Z Processing triggers for man-db (2.12.0-4build2) ...
build	Install required packages	2026-07-29T15:56:41.4107739Z Not building database; man-db/auto-update is not 'true'.
build	Install required packages	2026-07-29T15:56:42.0860659Z 
build	Install required packages	2026-07-29T15:56:42.0861528Z Running kernel seems to be up-to-date.
build	Install required packages	2026-07-29T15:56:42.0862040Z 
build	Install required packages	2026-07-29T15:56:42.0862248Z No services need to be restarted.
build	Install required packages	2026-07-29T15:56:42.0862487Z 
build	Install required packages	2026-07-29T15:56:42.0862682Z No containers need to be restarted.
build	Install required packages	2026-07-29T15:56:42.0862916Z 
build	Install required packages	2026-07-29T15:56:42.0863165Z No user sessions are running outdated binaries.
build	Install required packages	2026-07-29T15:56:42.0863446Z 
build	Install required packages	2026-07-29T15:56:42.0864195Z No VM guests are running outdated hypervisor (qemu) binaries on this host.
build	Download third-party sources	﻿2026-07-29T15:56:43.0670265Z ##[group]Run set -eux
build	Download third-party sources	2026-07-29T15:56:43.0670580Z [36;1mset -eux[0m
build	Download third-party sources	2026-07-29T15:56:43.0670772Z [36;1m[0m
build	Download third-party sources	2026-07-29T15:56:43.0670967Z [36;1mchmod +x bz2/downloadBz2.sh[0m
build	Download third-party sources	2026-07-29T15:56:43.0671226Z [36;1mchmod +x lz4/downloadLz4.sh[0m
build	Download third-party sources	2026-07-29T15:56:43.0671492Z [36;1mchmod +x snappy/downloadSnappy.sh[0m
build	Download third-party sources	2026-07-29T15:56:43.0671775Z [36;1mchmod +x zstd/downloadZstd.sh[0m
build	Download third-party sources	2026-07-29T15:56:43.0672020Z [36;1m[0m
build	Download third-party sources	2026-07-29T15:56:43.0672404Z [36;1m./bz2/downloadBz2.sh 1.0.8 ab5a03176ee106d3f0fa90e381da478ddae405918153cca248e682cd0c4a2269[0m
build	Download third-party sources	2026-07-29T15:56:43.0672905Z [36;1m./lz4/downloadLz4.sh 1.10.0[0m
build	Download third-party sources	2026-07-29T15:56:43.0673204Z [36;1mecho "=== Baixando Snappy manualmente ==="[0m
build	Download third-party sources	2026-07-29T15:56:43.0673485Z [36;1m[0m
build	Download third-party sources	2026-07-29T15:56:43.0673684Z [36;1mrm -rf snappy/snappy-1.2.2[0m
build	Download third-party sources	2026-07-29T15:56:43.0674283Z [36;1m[0m
build	Download third-party sources	2026-07-29T15:56:43.0674477Z [36;1mmkdir -p snappy[0m
build	Download third-party sources	2026-07-29T15:56:43.0674696Z [36;1m[0m
build	Download third-party sources	2026-07-29T15:56:43.0675075Z [36;1mcurl -L -o snappy.tar.gz https://github.com/google/snappy/archive/refs/tags/1.2.2.tar.gz[0m
build	Download third-party sources	2026-07-29T15:56:43.0675559Z [36;1m[0m
build	Download third-party sources	2026-07-29T15:56:43.0675757Z [36;1mtar -xzf snappy.tar.gz -C snappy[0m
build	Download third-party sources	2026-07-29T15:56:43.0676017Z [36;1m[0m
build	Download third-party sources	2026-07-29T15:56:43.0676231Z [36;1mmv snappy/snappy-1.2.2 snappy/snappy-1.2.2[0m
build	Download third-party sources	2026-07-29T15:56:43.0676509Z [36;1m[0m
build	Download third-party sources	2026-07-29T15:56:43.0676684Z [36;1mrm snappy.tar.gz[0m
build	Download third-party sources	2026-07-29T15:56:43.0676892Z [36;1m[0m
build	Download third-party sources	2026-07-29T15:56:43.0677266Z [36;1m./zstd/downloadZstd.sh 1.5.7 eb33e51f49a15e023950cd7825ca74a4a2b43db8354825ac24fc1b7ee09e6fa3[0m
build	Download third-party sources	2026-07-29T15:56:43.0677912Z [36;1m[0m
build	Download third-party sources	2026-07-29T15:56:43.0678103Z [36;1mecho "=== Verificando ==="[0m
build	Download third-party sources	2026-07-29T15:56:43.0678348Z [36;1m[0m
build	Download third-party sources	2026-07-29T15:56:43.0678523Z [36;1mls -lah bz2[0m
build	Download third-party sources	2026-07-29T15:56:43.0678723Z [36;1mls -lah lz4[0m
build	Download third-party sources	2026-07-29T15:56:43.0678963Z [36;1mls -lah snappy[0m
build	Download third-party sources	2026-07-29T15:56:43.0679185Z [36;1mls -lah zstd[0m
build	Download third-party sources	2026-07-29T15:56:43.0679380Z [36;1m[0m
build	Download third-party sources	2026-07-29T15:56:43.0679544Z [36;1m[0m
build	Download third-party sources	2026-07-29T15:56:43.0679763Z [36;1mecho "=== Corrigindo estrutura Snappy ==="[0m
build	Download third-party sources	2026-07-29T15:56:43.0680044Z [36;1m[0m
build	Download third-party sources	2026-07-29T15:56:43.0680252Z [36;1mif [ ! -d snappy/snappy-1.2.2 ]; then[0m
build	Download third-party sources	2026-07-29T15:56:43.0680672Z [36;1m  FOUND=$(find snappy -maxdepth 3 -type d -name "snappy-1.2.2" | head -1 || true)[0m
build	Download third-party sources	2026-07-29T15:56:43.0681085Z [36;1m[0m
build	Download third-party sources	2026-07-29T15:56:43.0681272Z [36;1m  if [ -n "$FOUND" ]; then[0m
build	Download third-party sources	2026-07-29T15:56:43.0681547Z [36;1m    mv "$FOUND" snappy/snappy-1.2.2[0m
build	Download third-party sources	2026-07-29T15:56:43.0681810Z [36;1m  else[0m
build	Download third-party sources	2026-07-29T15:56:43.0682073Z [36;1m    echo "Snappy não encontrado após download"[0m
build	Download third-party sources	2026-07-29T15:56:43.0682404Z [36;1m    find snappy -maxdepth 3 -type d[0m
build	Download third-party sources	2026-07-29T15:56:43.0682669Z [36;1m    exit 1[0m
build	Download third-party sources	2026-07-29T15:56:43.0682859Z [36;1m  fi[0m
build	Download third-party sources	2026-07-29T15:56:43.0683038Z [36;1mfi[0m
build	Download third-party sources	2026-07-29T15:56:43.0683213Z [36;1m[0m
build	Download third-party sources	2026-07-29T15:56:43.0683399Z [36;1mtest -d snappy/snappy-1.2.2[0m
build	Download third-party sources	2026-07-29T15:56:43.0730850Z shell: /usr/bin/bash --noprofile --norc -e -o pipefail {0}
build	Download third-party sources	2026-07-29T15:56:43.0731210Z env:
build	Download third-party sources	2026-07-29T15:56:43.0731519Z   JAVA_HOME: /opt/hostedtoolcache/Java_Temurin-Hotspot_jdk/21.0.11-10/x64
build	Download third-party sources	2026-07-29T15:56:43.0732013Z   JAVA_HOME_21_X64: /opt/hostedtoolcache/Java_Temurin-Hotspot_jdk/21.0.11-10/x64
build	Download third-party sources	2026-07-29T15:56:43.0732411Z   ANDROID_HOME: /usr/local/lib/android/sdk
build	Download third-party sources	2026-07-29T15:56:43.0732702Z   ANDROID_SDK_ROOT: /usr/local/lib/android/sdk
build	Download third-party sources	2026-07-29T15:56:43.0732974Z ##[endgroup]
build	Download third-party sources	2026-07-29T15:56:43.0799156Z + chmod +x bz2/downloadBz2.sh
build	Download third-party sources	2026-07-29T15:56:43.0810591Z + chmod +x lz4/downloadLz4.sh
build	Download third-party sources	2026-07-29T15:56:43.0820692Z + chmod +x snappy/downloadSnappy.sh
build	Download third-party sources	2026-07-29T15:56:43.0830710Z + chmod +x zstd/downloadZstd.sh
build	Download third-party sources	2026-07-29T15:56:43.0841049Z + ./bz2/downloadBz2.sh 1.0.8 ab5a03176ee106d3f0fa90e381da478ddae405918153cca248e682cd0c4a2269
build	Download third-party sources	2026-07-29T15:56:43.0861888Z Downloading bzip2 1.0.8 ...
build	Download third-party sources	2026-07-29T15:56:43.2696003Z Verifying bzip2-1.0.8...
build	Download third-party sources	2026-07-29T15:56:43.3335154Z bzip2 1.0.8 downloaded and extracted successfully!
build	Download third-party sources	2026-07-29T15:56:43.3337482Z + ./lz4/downloadLz4.sh 1.10.0
build	Download third-party sources	2026-07-29T15:56:43.3360038Z Downloading lz4 1.10.0 into lz4 ...
build	Download third-party sources	2026-07-29T15:56:43.5246845Z + echo '=== Baixando Snappy manualmente ==='
build	Download third-party sources	2026-07-29T15:56:43.5247610Z === Baixando Snappy manualmente ===
build	Download third-party sources	2026-07-29T15:56:43.5260060Z + rm -rf snappy/snappy-1.2.2
build	Download third-party sources	2026-07-29T15:56:43.5260432Z + mkdir -p snappy
build	Download third-party sources	2026-07-29T15:56:43.5273520Z + curl -L -o snappy.tar.gz https://github.com/google/snappy/archive/refs/tags/1.2.2.tar.gz
build	Download third-party sources	2026-07-29T15:56:43.5325382Z   % Total    % Received % Xferd  Average Speed   Time    Time     Time  Current
build	Download third-party sources	2026-07-29T15:56:43.5326361Z                                  Dload  Upload   Total   Spent    Left  Speed
build	Download third-party sources	2026-07-29T15:56:43.5326904Z 
build	Download third-party sources	2026-07-29T15:56:43.6422816Z   0     0    0     0    0     0      0      0 --:--:-- --:--:-- --:--:--     0
build	Download third-party sources	2026-07-29T15:56:43.6424224Z   0     0    0     0    0     0      0      0 --:--:-- --:--:-- --:--:--     0
build	Download third-party sources	2026-07-29T15:56:43.7025230Z 
build	Download third-party sources	2026-07-29T15:56:43.7026562Z 100 1082k  100 1082k    0     0  6362k      0 --:--:-- --:--:-- --:--:-- 6362k
build	Download third-party sources	2026-07-29T15:56:43.7058628Z + tar -xzf snappy.tar.gz -C snappy
build	Download third-party sources	2026-07-29T15:56:43.7286827Z + mv snappy/snappy-1.2.2 snappy/snappy-1.2.2
build	Download third-party sources	2026-07-29T15:56:43.7301092Z mv: cannot move 'snappy/snappy-1.2.2' to a subdirectory of itself, 'snappy/snappy-1.2.2/snappy-1.2.2'
build	Download third-party sources	2026-07-29T15:56:43.7316036Z ##[error]Process completed with exit code 1.
build	List outputs	﻿2026-07-29T15:56:43.7397097Z ##[group]Run find . -type f | grep -Ei "\.(aar|so|jar)$" || true
build	List outputs	2026-07-29T15:56:43.7397567Z [36;1mfind . -type f | grep -Ei "\.(aar|so|jar)$" || true[0m
build	List outputs	2026-07-29T15:56:43.7441555Z shell: /usr/bin/bash -e {0}
build	List outputs	2026-07-29T15:56:43.7441801Z env:
build	List outputs	2026-07-29T15:56:43.7442108Z   JAVA_HOME: /opt/hostedtoolcache/Java_Temurin-Hotspot_jdk/21.0.11-10/x64
build	List outputs	2026-07-29T15:56:43.7442602Z   JAVA_HOME_21_X64: /opt/hostedtoolcache/Java_Temurin-Hotspot_jdk/21.0.11-10/x64
build	List outputs	2026-07-29T15:56:43.7442995Z   ANDROID_HOME: /usr/local/lib/android/sdk
build	List outputs	2026-07-29T15:56:43.7443291Z   ANDROID_SDK_ROOT: /usr/local/lib/android/sdk
build	List outputs	2026-07-29T15:56:43.7443566Z ##[endgroup]
build	List outputs	2026-07-29T15:56:43.7582953Z ./gradle/wrapper/gradle-wrapper.jar
build	Upload Native Libraries	﻿2026-07-29T15:56:43.7637280Z Node 20 is being deprecated. This workflow is running with Node 24 by default. If you need to temporarily use Node 20, you can set the ACTIONS_ALLOW_USE_UNSECURE_NODE_VERSION=true environment variable. For more information see: https://github.blog/changelog/2025-09-19-deprecation-of-node-20-on-github-actions-runners/
build	Upload Native Libraries	2026-07-29T15:56:43.7638555Z ##[group]Run actions/upload-artifact@v4
build	Upload Native Libraries	2026-07-29T15:56:43.7638820Z with:
build	Upload Native Libraries	2026-07-29T15:56:43.7639044Z   name: rocksdb-native-libs
build	Upload Native Libraries	2026-07-29T15:56:43.7639317Z   path: **/*.so
build	Upload Native Libraries	
build	Upload Native Libraries	2026-07-29T15:56:43.7639521Z   if-no-files-found: warn
build	Upload Native Libraries	2026-07-29T15:56:43.7639743Z   compression-level: 6
build	Upload Native Libraries	2026-07-29T15:56:43.7639945Z   overwrite: false
build	Upload Native Libraries	2026-07-29T15:56:43.7640147Z   include-hidden-files: false
build	Upload Native Libraries	2026-07-29T15:56:43.7640364Z env:
build	Upload Native Libraries	2026-07-29T15:56:43.7640645Z   JAVA_HOME: /opt/hostedtoolcache/Java_Temurin-Hotspot_jdk/21.0.11-10/x64
build	Upload Native Libraries	2026-07-29T15:56:43.7641124Z   JAVA_HOME_21_X64: /opt/hostedtoolcache/Java_Temurin-Hotspot_jdk/21.0.11-10/x64
build	Upload Native Libraries	2026-07-29T15:56:43.7641510Z   ANDROID_HOME: /usr/local/lib/android/sdk
build	Upload Native Libraries	2026-07-29T15:56:43.7641823Z   ANDROID_SDK_ROOT: /usr/local/lib/android/sdk
build	Upload Native Libraries	2026-07-29T15:56:43.7642087Z ##[endgroup]
build	Upload Native Libraries	2026-07-29T15:56:43.9356440Z (node:3358) [DEP0040] DeprecationWarning: The `punycode` module is deprecated. Please use a userland alternative instead.
build	Upload Native Libraries	2026-07-29T15:56:43.9357273Z (Use `node --trace-deprecation ...` to show where the warning was created)
build	Upload Native Libraries	2026-07-29T15:56:44.1909518Z ##[warning]No files were found with the provided path: **/*.so. No artifacts will be uploaded.
build	Upload Build Logs	﻿2026-07-29T15:56:44.2041114Z Node 20 is being deprecated. This workflow is running with Node 24 by default. If you need to temporarily use Node 20, you can set the ACTIONS_ALLOW_USE_UNSECURE_NODE_VERSION=true environment variable. For more information see: https://github.blog/changelog/2025-09-19-deprecation-of-node-20-on-github-actions-runners/
build	Upload Build Logs	2026-07-29T15:56:44.2042396Z ##[group]Run actions/upload-artifact@v4
build	Upload Build Logs	2026-07-29T15:56:44.2042661Z with:
build	Upload Build Logs	2026-07-29T15:56:44.2042846Z   name: gradle-logs
build	Upload Build Logs	2026-07-29T15:56:44.2043111Z   path: **/build/reports/**
build	Upload Build Logs	**/build/outputs/logs/**
build	Upload Build Logs	**/*.log
build	Upload Build Logs	
build	Upload Build Logs	2026-07-29T15:56:44.2043434Z   if-no-files-found: warn
build	Upload Build Logs	2026-07-29T15:56:44.2043659Z   compression-level: 6
build	Upload Build Logs	2026-07-29T15:56:44.2044323Z   overwrite: false
build	Upload Build Logs	2026-07-29T15:56:44.2044676Z   include-hidden-files: false
build	Upload Build Logs	2026-07-29T15:56:44.2045054Z env:
build	Upload Build Logs	2026-07-29T15:56:44.2045410Z   JAVA_HOME: /opt/hostedtoolcache/Java_Temurin-Hotspot_jdk/21.0.11-10/x64
build	Upload Build Logs	2026-07-29T15:56:44.2045912Z   JAVA_HOME_21_X64: /opt/hostedtoolcache/Java_Temurin-Hotspot_jdk/21.0.11-10/x64
build	Upload Build Logs	2026-07-29T15:56:44.2046352Z   ANDROID_HOME: /usr/local/lib/android/sdk
build	Upload Build Logs	2026-07-29T15:56:44.2046642Z   ANDROID_SDK_ROOT: /usr/local/lib/android/sdk
build	Upload Build Logs	2026-07-29T15:56:44.2046908Z ##[endgroup]
build	Upload Build Logs	2026-07-29T15:56:44.3735359Z (node:3370) [DEP0040] DeprecationWarning: The `punycode` module is deprecated. Please use a userland alternative instead.
build	Upload Build Logs	2026-07-29T15:56:44.3736202Z (Use `node --trace-deprecation ...` to show where the warning was created)
build	Upload Build Logs	2026-07-29T15:56:44.6507410Z With the provided path, there will be 5 files uploaded
build	Upload Build Logs	2026-07-29T15:56:44.6515557Z Artifact name is valid!
build	Upload Build Logs	2026-07-29T15:56:44.6516139Z Root directory input is valid!
build	Upload Build Logs	2026-07-29T15:56:44.8074833Z Beginning upload of artifact content to blob storage
build	Upload Build Logs	2026-07-29T15:56:44.8644239Z (node:3370) [DEP0169] DeprecationWarning: `url.parse()` behavior is not standardized and prone to errors that have security implications. Use the WHATWG URL API instead. CVEs are not issued for `url.parse()` vulnerabilities.
build	Upload Build Logs	2026-07-29T15:56:44.9039287Z Uploaded bytes 265116
build	Upload Build Logs	2026-07-29T15:56:44.9206803Z Finished uploading artifact content to blob storage!
build	Upload Build Logs	2026-07-29T15:56:44.9207990Z SHA256 digest of uploaded artifact zip is 9629f815192857e31870dd67b58024070c7d5ce87dad53ff22bce27b05748351
build	Upload Build Logs	2026-07-29T15:56:44.9209515Z Finalizing artifact upload
build	Upload Build Logs	2026-07-29T15:56:45.0999746Z Artifact gradle-logs.zip successfully finalized. Artifact ID 8730523829
build	Upload Build Logs	2026-07-29T15:56:45.1000848Z Artifact gradle-logs has been successfully uploaded! Final size is 265116 bytes. Artifact ID is 8730523829
build	Upload Build Logs	2026-07-29T15:56:45.1007254Z Artifact download URL: https://github.com/NKellerMC/rocksdb-android/actions/runs/30468284628/artifacts/8730523829
build	Post Setup Java	﻿2026-07-29T15:56:45.1192741Z Node 20 is being deprecated. This workflow is running with Node 24 by default. If you need to temporarily use Node 20, you can set the ACTIONS_ALLOW_USE_UNSECURE_NODE_VERSION=true environment variable. For more information see: https://github.blog/changelog/2025-09-19-deprecation-of-node-20-on-github-actions-runners/
build	Post Setup Java	2026-07-29T15:56:45.1194263Z Post job cleanup.
build	Post Setup Java	2026-07-29T15:56:45.2595486Z (node:3383) [DEP0040] DeprecationWarning: The `punycode` module is deprecated. Please use a userland alternative instead.
build	Post Setup Java	2026-07-29T15:56:45.2596692Z (Use `node --trace-deprecation ...` to show where the warning was created)
build	Post Checkout repository	﻿2026-07-29T15:56:45.2764370Z Node 20 is being deprecated. This workflow is running with Node 24 by default. If you need to temporarily use Node 20, you can set the ACTIONS_ALLOW_USE_UNSECURE_NODE_VERSION=true environment variable. For more information see: https://github.blog/changelog/2025-09-19-deprecation-of-node-20-on-github-actions-runners/
build	Post Checkout repository	2026-07-29T15:56:45.2765658Z Post job cleanup.
build	Post Checkout repository	2026-07-29T15:56:45.3695410Z [command]/usr/bin/git version
build	Post Checkout repository	2026-07-29T15:56:45.3740884Z git version 2.54.0
build	Post Checkout repository	2026-07-29T15:56:45.3788462Z Temporarily overriding HOME='/home/runner/work/_temp/1b527496-8a10-47d8-bd32-b6e999b26866' before making global git config changes
build	Post Checkout repository	2026-07-29T15:56:45.3790179Z Adding repository directory to the temporary git global config as a safe directory
build	Post Checkout repository	2026-07-29T15:56:45.3795635Z [command]/usr/bin/git config --global --add safe.directory /home/runner/work/rocksdb-android/rocksdb-android
build	Post Checkout repository	2026-07-29T15:56:45.3840218Z [command]/usr/bin/git config --local --name-only --get-regexp core\.sshCommand
build	Post Checkout repository	2026-07-29T15:56:45.3886349Z [command]/usr/bin/git submodule foreach --recursive sh -c "git config --local --name-only --get-regexp 'core\.sshCommand' && git config --local --unset-all 'core.sshCommand' || :"
build	Post Checkout repository	2026-07-29T15:56:45.4150488Z [command]/usr/bin/git config --local --name-only --get-regexp http\.https\:\/\/github\.com\/\.extraheader
build	Post Checkout repository	2026-07-29T15:56:45.4185169Z http.https://github.com/.extraheader
build	Post Checkout repository	2026-07-29T15:56:45.4197645Z [command]/usr/bin/git config --local --unset-all http.https://github.com/.extraheader
build	Post Checkout repository	2026-07-29T15:56:45.4242843Z [command]/usr/bin/git submodule foreach --recursive sh -c "git config --local --name-only --get-regexp 'http\.https\:\/\/github\.com\/\.extraheader' && git config --local --unset-all 'http.https://github.com/.extraheader' || :"
build	Post Checkout repository	2026-07-29T15:56:45.4512418Z [command]/usr/bin/git config --local --name-only --get-regexp ^includeIf\.gitdir:
build	Post Checkout repository	2026-07-29T15:56:45.4561754Z [command]/usr/bin/git submodule foreach --recursive git config --local --show-origin --name-only --get-regexp remote.origin.url
build	Complete job	﻿2026-07-29T15:56:45.4954369Z Cleaning up orphan processes
build	Complete job	2026-07-29T15:56:45.5281841Z ##[warning]Node.js 20 is deprecated. The following actions target Node.js 20 but are being forced to run on Node.js 24: actions/checkout@v4, actions/setup-java@v4, actions/upload-artifact@v4, android-actions/setup-android@v3. For more information see: https://github.blog/changelog/2025-09-19-deprecation-of-node-20-on-github-actions-runners/
