build	Set up job	﻿2026-07-29T00:29:51.0206116Z Current runner version: '2.336.0'
build	Set up job	2026-07-29T00:29:51.0241188Z ##[group]Runner Image Provisioner
build	Set up job	2026-07-29T00:29:51.0242340Z Hosted Compute Agent
build	Set up job	2026-07-29T00:29:51.0243287Z Version: 20260707.563
build	Set up job	2026-07-29T00:29:51.0244178Z Commit: 02667638d2b423fbc733a8e32a88b44996a3ba6e
build	Set up job	2026-07-29T00:29:51.0245193Z Build Date: 2026-07-07T19:33:50Z
build	Set up job	2026-07-29T00:29:51.0246142Z Worker ID: {01ba2a2a-7703-4b7c-b494-a85c17b2150a}
build	Set up job	2026-07-29T00:29:51.0247374Z Azure Region: northcentralus
build	Set up job	2026-07-29T00:29:51.0248239Z ##[endgroup]
build	Set up job	2026-07-29T00:29:51.0250456Z ##[group]Operating System
build	Set up job	2026-07-29T00:29:51.0251391Z Ubuntu
build	Set up job	2026-07-29T00:29:51.0252116Z 24.04.4
build	Set up job	2026-07-29T00:29:51.0252796Z LTS
build	Set up job	2026-07-29T00:29:51.0253549Z ##[endgroup]
build	Set up job	2026-07-29T00:29:51.0254333Z ##[group]Runner Image
build	Set up job	2026-07-29T00:29:51.0255285Z Image: ubuntu-24.04
build	Set up job	2026-07-29T00:29:51.0256110Z Version: 20260720.247.2
build	Set up job	2026-07-29T00:29:51.0257774Z Included Software: https://github.com/actions/runner-images/blob/ubuntu24/20260720.247/images/ubuntu/Ubuntu2404-Readme.md
build	Set up job	2026-07-29T00:29:51.0260213Z Image Release: https://github.com/actions/runner-images/releases/tag/ubuntu24%2F20260720.247
build	Set up job	2026-07-29T00:29:51.0261917Z ##[endgroup]
build	Set up job	2026-07-29T00:29:51.0263651Z ##[group]GITHUB_TOKEN Permissions
build	Set up job	2026-07-29T00:29:51.0266962Z Contents: read
build	Set up job	2026-07-29T00:29:51.0268049Z Metadata: read
build	Set up job	2026-07-29T00:29:51.0268798Z Packages: read
build	Set up job	2026-07-29T00:29:51.0269604Z ##[endgroup]
build	Set up job	2026-07-29T00:29:51.0272231Z Secret source: Actions
build	Set up job	2026-07-29T00:29:51.0273974Z Prepare workflow directory
build	Set up job	2026-07-29T00:29:51.0678838Z Prepare all required actions
build	Set up job	2026-07-29T00:29:51.0750427Z Getting action download info
build	Set up job	2026-07-29T00:29:51.3018169Z Download action repository 'actions/checkout@v4' (SHA:11d5960a326750d5838078e36cf38b85af677262)
build	Set up job	2026-07-29T00:29:51.6274900Z Download action repository 'actions/setup-java@v4' (SHA:c1e323688fd81a25caa38c78aa6df2d33d3e20d9)
build	Set up job	2026-07-29T00:29:52.1578998Z Download action repository 'android-actions/setup-android@v3' (SHA:9fc6c4e9069bf8d3d10b2204b1fb8f6ef7065407)
build	Set up job	2026-07-29T00:29:52.3747724Z Download action repository 'actions/upload-artifact@v4' (SHA:ea165f8d65b6e75b540449e92b4886f43607fa02)
build	Set up job	2026-07-29T00:29:52.6015125Z Complete job name: build
build	Checkout repository	﻿2026-07-29T00:29:52.6869377Z Node 20 is being deprecated. This workflow is running with Node 24 by default. If you need to temporarily use Node 20, you can set the ACTIONS_ALLOW_USE_UNSECURE_NODE_VERSION=true environment variable. For more information see: https://github.blog/changelog/2025-09-19-deprecation-of-node-20-on-github-actions-runners/
build	Checkout repository	2026-07-29T00:29:52.6878471Z ##[group]Run actions/checkout@v4
build	Checkout repository	2026-07-29T00:29:52.6879314Z with:
build	Checkout repository	2026-07-29T00:29:52.6879974Z   repository: NKellerMC/rocksdb-android
build	Checkout repository	2026-07-29T00:29:52.6884721Z   token: ***
build	Checkout repository	2026-07-29T00:29:52.6885281Z   ssh-strict: true
build	Checkout repository	2026-07-29T00:29:52.6885949Z   ssh-user: git
build	Checkout repository	2026-07-29T00:29:52.6886531Z   persist-credentials: true
build	Checkout repository	2026-07-29T00:29:52.6887507Z   clean: true
build	Checkout repository	2026-07-29T00:29:52.6888499Z   sparse-checkout-cone-mode: true
build	Checkout repository	2026-07-29T00:29:52.6889186Z   fetch-depth: 1
build	Checkout repository	2026-07-29T00:29:52.6889815Z   fetch-tags: false
build	Checkout repository	2026-07-29T00:29:52.6890403Z   show-progress: true
build	Checkout repository	2026-07-29T00:29:52.6890960Z   lfs: false
build	Checkout repository	2026-07-29T00:29:52.6891523Z   submodules: false
build	Checkout repository	2026-07-29T00:29:52.6892208Z   set-safe-directory: true
build	Checkout repository	2026-07-29T00:29:52.6892847Z   allow-unsafe-pr-checkout: false
build	Checkout repository	2026-07-29T00:29:52.6893728Z ##[endgroup]
build	Checkout repository	2026-07-29T00:29:52.7950585Z Syncing repository: NKellerMC/rocksdb-android
build	Checkout repository	2026-07-29T00:29:52.7953672Z ##[group]Getting Git version info
build	Checkout repository	2026-07-29T00:29:52.7955125Z Working directory is '/home/runner/work/rocksdb-android/rocksdb-android'
build	Checkout repository	2026-07-29T00:29:52.7957398Z [command]/usr/bin/git version
build	Checkout repository	2026-07-29T00:29:52.7991107Z git version 2.54.0
build	Checkout repository	2026-07-29T00:29:52.8018006Z ##[endgroup]
build	Checkout repository	2026-07-29T00:29:52.8025687Z Temporarily overriding HOME='/home/runner/work/_temp/4fe31bbf-817f-49a4-a605-9ee898ba7ca7' before making global git config changes
build	Checkout repository	2026-07-29T00:29:52.8028185Z Adding repository directory to the temporary git global config as a safe directory
build	Checkout repository	2026-07-29T00:29:52.8030823Z [command]/usr/bin/git config --global --add safe.directory /home/runner/work/rocksdb-android/rocksdb-android
build	Checkout repository	2026-07-29T00:29:52.8091783Z Deleting the contents of '/home/runner/work/rocksdb-android/rocksdb-android'
build	Checkout repository	2026-07-29T00:29:52.8095386Z ##[group]Initializing the repository
build	Checkout repository	2026-07-29T00:29:52.8100300Z [command]/usr/bin/git init /home/runner/work/rocksdb-android/rocksdb-android
build	Checkout repository	2026-07-29T00:29:52.8189391Z hint: Using 'master' as the name for the initial branch. This default branch name
build	Checkout repository	2026-07-29T00:29:52.8191429Z hint: will change to "main" in Git 3.0. To configure the initial branch name
build	Checkout repository	2026-07-29T00:29:52.8193203Z hint: to use in all of your new repositories, which will suppress this warning,
build	Checkout repository	2026-07-29T00:29:52.8194794Z hint: call:
build	Checkout repository	2026-07-29T00:29:52.8195797Z hint:
build	Checkout repository	2026-07-29T00:29:52.8198092Z hint: 	git config --global init.defaultBranch <name>
build	Checkout repository	2026-07-29T00:29:52.8199515Z hint:
build	Checkout repository	2026-07-29T00:29:52.8200811Z hint: Names commonly chosen instead of 'master' are 'main', 'trunk' and
build	Checkout repository	2026-07-29T00:29:52.8202699Z hint: 'development'. The just-created branch can be renamed via this command:
build	Checkout repository	2026-07-29T00:29:52.8204281Z hint:
build	Checkout repository	2026-07-29T00:29:52.8205297Z hint: 	git branch -m <name>
build	Checkout repository	2026-07-29T00:29:52.8206419Z hint:
build	Checkout repository	2026-07-29T00:29:52.8208644Z hint: Disable this message with "git config set advice.defaultBranchName false"
build	Checkout repository	2026-07-29T00:29:52.8211182Z Initialized empty Git repository in /home/runner/work/rocksdb-android/rocksdb-android/.git/
build	Checkout repository	2026-07-29T00:29:52.8215081Z [command]/usr/bin/git remote add origin https://github.com/NKellerMC/rocksdb-android
build	Checkout repository	2026-07-29T00:29:52.8245589Z ##[endgroup]
build	Checkout repository	2026-07-29T00:29:52.8247471Z ##[group]Disabling automatic garbage collection
build	Checkout repository	2026-07-29T00:29:52.8249304Z [command]/usr/bin/git config --local gc.auto 0
build	Checkout repository	2026-07-29T00:29:52.8278475Z ##[endgroup]
build	Checkout repository	2026-07-29T00:29:52.8279892Z ##[group]Setting up auth
build	Checkout repository	2026-07-29T00:29:52.8285988Z [command]/usr/bin/git config --local --name-only --get-regexp core\.sshCommand
build	Checkout repository	2026-07-29T00:29:52.8317767Z [command]/usr/bin/git submodule foreach --recursive sh -c "git config --local --name-only --get-regexp 'core\.sshCommand' && git config --local --unset-all 'core.sshCommand' || :"
build	Checkout repository	2026-07-29T00:29:52.8670279Z [command]/usr/bin/git config --local --name-only --get-regexp http\.https\:\/\/github\.com\/\.extraheader
build	Checkout repository	2026-07-29T00:29:52.8698045Z [command]/usr/bin/git submodule foreach --recursive sh -c "git config --local --name-only --get-regexp 'http\.https\:\/\/github\.com\/\.extraheader' && git config --local --unset-all 'http.https://github.com/.extraheader' || :"
build	Checkout repository	2026-07-29T00:29:52.8900878Z [command]/usr/bin/git config --local --name-only --get-regexp ^includeIf\.gitdir:
build	Checkout repository	2026-07-29T00:29:52.8932938Z [command]/usr/bin/git submodule foreach --recursive git config --local --show-origin --name-only --get-regexp remote.origin.url
build	Checkout repository	2026-07-29T00:29:52.9121287Z [command]/usr/bin/git config --local http.https://github.com/.extraheader AUTHORIZATION: basic ***
build	Checkout repository	2026-07-29T00:29:52.9217728Z ##[endgroup]
build	Checkout repository	2026-07-29T00:29:52.9219422Z ##[group]Fetching the repository
build	Checkout repository	2026-07-29T00:29:52.9228508Z [command]/usr/bin/git -c protocol.version=2 fetch --no-tags --prune --no-recurse-submodules --depth=1 origin +5df994047c4e053448e0a2908211b78332126ca4:refs/remotes/origin/main
build	Checkout repository	2026-07-29T00:29:53.2080473Z From https://github.com/NKellerMC/rocksdb-android
build	Checkout repository	2026-07-29T00:29:53.2082169Z  * [new ref]         5df994047c4e053448e0a2908211b78332126ca4 -> origin/main
build	Checkout repository	2026-07-29T00:29:53.2112313Z ##[endgroup]
build	Checkout repository	2026-07-29T00:29:53.2113801Z ##[group]Determining the checkout info
build	Checkout repository	2026-07-29T00:29:53.2115347Z ##[endgroup]
build	Checkout repository	2026-07-29T00:29:53.2120254Z [command]/usr/bin/git sparse-checkout disable
build	Checkout repository	2026-07-29T00:29:53.2163553Z [command]/usr/bin/git config --local --unset-all extensions.worktreeConfig
build	Checkout repository	2026-07-29T00:29:53.2192962Z ##[group]Checking out the ref
build	Checkout repository	2026-07-29T00:29:53.2196628Z [command]/usr/bin/git checkout --progress --force -B main refs/remotes/origin/main
build	Checkout repository	2026-07-29T00:29:53.2253966Z Switched to a new branch 'main'
build	Checkout repository	2026-07-29T00:29:53.2255170Z branch 'main' set up to track 'origin/main'.
build	Checkout repository	2026-07-29T00:29:53.2294025Z ##[endgroup]
build	Checkout repository	2026-07-29T00:29:53.2329341Z [command]/usr/bin/git log -1 --format=%H
build	Checkout repository	2026-07-29T00:29:53.2350414Z 5df994047c4e053448e0a2908211b78332126ca4
build	Clone RocksDB	﻿2026-07-29T00:29:53.2680501Z ##[group]Run rm -rf rocksdb
build	Clone RocksDB	2026-07-29T00:29:53.2681421Z [36;1mrm -rf rocksdb[0m
build	Clone RocksDB	2026-07-29T00:29:53.2682271Z [36;1mgit clone --depth 1 https://github.com/marykdb/rocksdb.git rocksdb[0m
build	Clone RocksDB	2026-07-29T00:29:53.2683239Z [36;1mcd rocksdb[0m
build	Clone RocksDB	2026-07-29T00:29:53.2683964Z [36;1mgit submodule update --init --recursive || true[0m
build	Clone RocksDB	2026-07-29T00:29:53.2717721Z shell: /usr/bin/bash -e {0}
build	Clone RocksDB	2026-07-29T00:29:53.2718439Z ##[endgroup]
build	Clone RocksDB	2026-07-29T00:29:53.2979024Z Cloning into 'rocksdb'...
build	Setup Java	﻿2026-07-29T00:29:55.5667042Z Node 20 is being deprecated. This workflow is running with Node 24 by default. If you need to temporarily use Node 20, you can set the ACTIONS_ALLOW_USE_UNSECURE_NODE_VERSION=true environment variable. For more information see: https://github.blog/changelog/2025-09-19-deprecation-of-node-20-on-github-actions-runners/
build	Setup Java	2026-07-29T00:29:55.5669357Z ##[group]Run actions/setup-java@v4
build	Setup Java	2026-07-29T00:29:55.5669800Z with:
build	Setup Java	2026-07-29T00:29:55.5670198Z   distribution: temurin
build	Setup Java	2026-07-29T00:29:55.5670590Z   java-version: 21
build	Setup Java	2026-07-29T00:29:55.5670948Z   cache: gradle
build	Setup Java	2026-07-29T00:29:55.5671320Z   java-package: jdk
build	Setup Java	2026-07-29T00:29:55.5671686Z   check-latest: false
build	Setup Java	2026-07-29T00:29:55.5672059Z   server-id: github
build	Setup Java	2026-07-29T00:29:55.5672453Z   server-username: GITHUB_ACTOR
build	Setup Java	2026-07-29T00:29:55.5672878Z   server-password: GITHUB_TOKEN
build	Setup Java	2026-07-29T00:29:55.5673282Z   overwrite-settings: true
build	Setup Java	2026-07-29T00:29:55.5673685Z   job-status: success
build	Setup Java	2026-07-29T00:29:55.5676828Z   token: ***
build	Setup Java	2026-07-29T00:29:55.5677364Z ##[endgroup]
build	Setup Java	2026-07-29T00:29:55.7295892Z ##[group]Installed distributions
build	Setup Java	2026-07-29T00:29:55.7363310Z Resolved Java 21.0.11+10 from tool-cache
build	Setup Java	2026-07-29T00:29:55.7364114Z Setting Java 21.0.11+10 as the default
build	Setup Java	2026-07-29T00:29:55.7373547Z (node:2193) [DEP0040] DeprecationWarning: The `punycode` module is deprecated. Please use a userland alternative instead.
build	Setup Java	2026-07-29T00:29:55.7375028Z (Use `node --trace-deprecation ...` to show where the warning was created)
build	Setup Java	2026-07-29T00:29:55.7377361Z Creating toolchains.xml for JDK version 21 from temurin
build	Setup Java	2026-07-29T00:29:55.7446526Z Writing to /home/runner/.m2/toolchains.xml
build	Setup Java	2026-07-29T00:29:55.7447276Z 
build	Setup Java	2026-07-29T00:29:55.7447544Z Java configuration:
build	Setup Java	2026-07-29T00:29:55.7448309Z   Distribution: temurin
build	Setup Java	2026-07-29T00:29:55.7448951Z   Version: 21.0.11+10
build	Setup Java	2026-07-29T00:29:55.7449763Z   Path: /opt/hostedtoolcache/Java_Temurin-Hotspot_jdk/21.0.11-10/x64
build	Setup Java	2026-07-29T00:29:55.7450307Z 
build	Setup Java	2026-07-29T00:29:55.7458437Z ##[endgroup]
build	Setup Java	2026-07-29T00:29:55.7499790Z Creating settings.xml with server-id: github
build	Setup Java	2026-07-29T00:29:55.7500836Z Writing to /home/runner/.m2/settings.xml
build	Setup Java	2026-07-29T00:29:56.0816306Z gradle cache is not found
build	Setup Android SDK	﻿2026-07-29T00:29:56.0947473Z Node 20 is being deprecated. This workflow is running with Node 24 by default. If you need to temporarily use Node 20, you can set the ACTIONS_ALLOW_USE_UNSECURE_NODE_VERSION=true environment variable. For more information see: https://github.blog/changelog/2025-09-19-deprecation-of-node-20-on-github-actions-runners/
build	Setup Android SDK	2026-07-29T00:29:56.0948765Z ##[group]Run android-actions/setup-android@v3
build	Setup Android SDK	2026-07-29T00:29:56.0949202Z with:
build	Setup Android SDK	2026-07-29T00:29:56.0949500Z   cmdline-tools-version: 12266719
build	Setup Android SDK	2026-07-29T00:29:56.0949854Z   accept-android-sdk-licenses: true
build	Setup Android SDK	2026-07-29T00:29:56.0950272Z   log-accepted-android-sdk-licenses: true
build	Setup Android SDK	2026-07-29T00:29:56.0950649Z   packages: tools platform-tools
build	Setup Android SDK	2026-07-29T00:29:56.0951003Z env:
build	Setup Android SDK	2026-07-29T00:29:56.0951392Z   JAVA_HOME: /opt/hostedtoolcache/Java_Temurin-Hotspot_jdk/21.0.11-10/x64
build	Setup Android SDK	2026-07-29T00:29:56.0951948Z   JAVA_HOME_21_X64: /opt/hostedtoolcache/Java_Temurin-Hotspot_jdk/21.0.11-10/x64
build	Setup Android SDK	2026-07-29T00:29:56.0952415Z ##[endgroup]
build	Setup Android SDK	2026-07-29T00:29:56.1692105Z Found preinstalled sdkmanager in /usr/local/lib/android/sdk/cmdline-tools/latest with following source.properties:
build	Setup Android SDK	2026-07-29T00:29:56.1693702Z Pkg.Revision=12.0
build	Setup Android SDK	2026-07-29T00:29:56.1694150Z Pkg.Path=cmdline-tools;12.0
build	Setup Android SDK	2026-07-29T00:29:56.1694707Z Pkg.Desc=Android SDK Command-line Tools
build	Setup Android SDK	2026-07-29T00:29:56.1695033Z 
build	Setup Android SDK	2026-07-29T00:29:56.1695235Z Wrong version in preinstalled sdkmanager
build	Setup Android SDK	2026-07-29T00:29:56.1696186Z Downloading commandline tools from https://dl.google.com/android/repository/commandlinetools-linux-12266719_latest.zip
build	Setup Android SDK	2026-07-29T00:29:57.9703368Z [command]/usr/bin/unzip -o -q /home/runner/work/_temp/cf985aa1-c1e5-49ea-ab9e-c5538be2a066
build	Setup Android SDK	2026-07-29T00:29:58.9095740Z Accepting Android SDK licenses
build	Setup Android SDK	2026-07-29T00:29:58.9101312Z [command]/usr/local/lib/android/sdk/cmdline-tools/16.0/bin/sdkmanager --licenses
build	Setup Android SDK	2026-07-29T00:30:01.1339734Z Loading local repository...                                                     
build	Setup Android SDK	2026-07-29T00:30:01.1348474Z [=========                              ] 25% Loading local repository...       
build	Setup Android SDK	2026-07-29T00:30:02.4801621Z [=========                              ] 25% Fetch remote repository...        
build	Setup Android SDK	2026-07-29T00:30:02.8438123Z [==========                             ] 26% Fetch remote repository...        
build	Setup Android SDK	2026-07-29T00:30:02.8448128Z [============                           ] 31% Fetch remote repository...        
build	Setup Android SDK	2026-07-29T00:30:02.8554254Z [============                           ] 32% Fetch remote repository...        
build	Setup Android SDK	2026-07-29T00:30:02.8558048Z [=============                          ] 33% Fetch remote repository...        
build	Setup Android SDK	2026-07-29T00:30:02.8654991Z [=============                          ] 35% Fetch remote repository...        
build	Setup Android SDK	2026-07-29T00:30:02.8658502Z [==============                         ] 36% Fetch remote repository...        
build	Setup Android SDK	2026-07-29T00:30:02.8961891Z [==============                         ] 37% Fetch remote repository...        
build	Setup Android SDK	2026-07-29T00:30:02.8987941Z [===============                        ] 38% Fetch remote repository...        
build	Setup Android SDK	2026-07-29T00:30:02.9070349Z [===============                        ] 39% Fetch remote repository...        
build	Setup Android SDK	2026-07-29T00:30:02.9071955Z [================                       ] 40% Fetch remote repository...        
build	Setup Android SDK	2026-07-29T00:30:02.9193558Z [================                       ] 41% Fetch remote repository...        
build	Setup Android SDK	2026-07-29T00:30:02.9194788Z [================                       ] 42% Fetch remote repository...        
build	Setup Android SDK	2026-07-29T00:30:02.9316635Z [=================                      ] 44% Fetch remote repository...        
build	Setup Android SDK	2026-07-29T00:30:02.9318020Z [=================                      ] 45% Fetch remote repository...        
build	Setup Android SDK	2026-07-29T00:30:02.9446630Z [==================                     ] 46% Fetch remote repository...        
build	Setup Android SDK	2026-07-29T00:30:02.9449801Z [==================                     ] 47% Fetch remote repository...        
build	Setup Android SDK	2026-07-29T00:30:02.9570897Z [===================                    ] 48% Fetch remote repository...        
build	Setup Android SDK	2026-07-29T00:30:02.9575516Z [===================                    ] 49% Fetch remote repository...        
build	Setup Android SDK	2026-07-29T00:30:02.9687888Z [====================                   ] 50% Fetch remote repository...        
build	Setup Android SDK	2026-07-29T00:30:02.9689549Z [====================                   ] 51% Fetch remote repository...        
build	Setup Android SDK	2026-07-29T00:30:02.9816199Z [====================                   ] 53% Fetch remote repository...        
build	Setup Android SDK	2026-07-29T00:30:02.9818995Z [=====================                  ] 54% Fetch remote repository...        
build	Setup Android SDK	2026-07-29T00:30:02.9947514Z [=====================                  ] 55% Fetch remote repository...        
build	Setup Android SDK	2026-07-29T00:30:02.9968957Z [======================                 ] 56% Fetch remote repository...        
build	Setup Android SDK	2026-07-29T00:30:03.0230734Z [======================                 ] 57% Fetch remote repository...        
build	Setup Android SDK	2026-07-29T00:30:03.0249225Z [=======================                ] 58% Fetch remote repository...        
build	Setup Android SDK	2026-07-29T00:30:03.0358725Z [=======================                ] 59% Fetch remote repository...        
build	Setup Android SDK	2026-07-29T00:30:03.0359899Z [========================               ] 60% Fetch remote repository...        
build	Setup Android SDK	2026-07-29T00:30:03.0475636Z [========================               ] 61% Fetch remote repository...        
build	Setup Android SDK	2026-07-29T00:30:03.0477201Z [=========================              ] 63% Fetch remote repository...        
build	Setup Android SDK	2026-07-29T00:30:03.0570951Z [=========================              ] 64% Fetch remote repository...        
build	Setup Android SDK	2026-07-29T00:30:03.0588228Z [=========================              ] 65% Fetch remote repository...        
build	Setup Android SDK	2026-07-29T00:30:03.0719974Z [==========================             ] 66% Fetch remote repository...        
build	Setup Android SDK	2026-07-29T00:30:03.0724132Z [==========================             ] 67% Fetch remote repository...        
build	Setup Android SDK	2026-07-29T00:30:03.1320958Z [===========================            ] 68% Fetch remote repository...        
build	Setup Android SDK	2026-07-29T00:30:03.1325785Z [===========================            ] 69% Fetch remote repository...        
build	Setup Android SDK	2026-07-29T00:30:03.1475233Z [============================           ] 70% Fetch remote repository...        
build	Setup Android SDK	2026-07-29T00:30:03.1476281Z [============================           ] 72% Fetch remote repository...        
build	Setup Android SDK	2026-07-29T00:30:03.1780133Z [=============================          ] 73% Fetch remote repository...        
build	Setup Android SDK	2026-07-29T00:30:03.1784919Z [=============================          ] 74% Fetch remote repository...        
build	Setup Android SDK	2026-07-29T00:30:03.1867965Z [=============================          ] 75% Fetch remote repository...        
build	Setup Android SDK	2026-07-29T00:30:03.1967043Z [=============================          ] 75% Computing updates...              
build	Setup Android SDK	2026-07-29T00:30:03.1987933Z [=======================================] 100% Computing updates...             
build	Setup Android SDK	2026-07-29T00:30:03.2383806Z 6 of 7 SDK package licenses not accepted.
build	Setup Android SDK	2026-07-29T00:30:03.2419850Z Review licenses that have not been accepted (y/N)? 
build	Setup Android SDK	2026-07-29T00:30:03.2427558Z 1/6: License android-googletv-license:
build	Setup Android SDK	2026-07-29T00:30:03.2438001Z ---------------------------------------
build	Setup Android SDK	2026-07-29T00:30:03.2438890Z Terms and Conditions
build	Setup Android SDK	2026-07-29T00:30:03.2439268Z 
build	Setup Android SDK	2026-07-29T00:30:03.2439871Z This is the Google TV Add-on for the Android Software Development Kit License Agreement.
build	Setup Android SDK	2026-07-29T00:30:03.2440499Z 
build	Setup Android SDK	2026-07-29T00:30:03.2440895Z 1. Introduction
build	Setup Android SDK	2026-07-29T00:30:03.2441224Z 
build	Setup Android SDK	2026-07-29T00:30:03.2443309Z 1.1 The Google TV Add-on for the Android Software Development Kit (referred to in this License Agreement as the "Google TV Add-on" and specifically including the Android system files, packaged APIs, and Google APIs add-ons) is licensed to you subject to the terms of this License Agreement. This License Agreement forms a legally binding contract between you and Google in relation to your use of the Google TV Add-on.
build	Setup Android SDK	2026-07-29T00:30:03.2445665Z 
build	Setup Android SDK	2026-07-29T00:30:03.2446828Z 1.2 "Google" means Google Inc., a Delaware corporation with principal place of business at 1600 Amphitheatre Parkway, Mountain View, CA 94043, United States.
build	Setup Android SDK	2026-07-29T00:30:03.2461174Z 
build	Setup Android SDK	2026-07-29T00:30:03.2467287Z 2. Accepting this License Agreement
build	Setup Android SDK	2026-07-29T00:30:03.2467838Z 
build	Setup Android SDK	2026-07-29T00:30:03.2468866Z 2.1 In order to use the Google TV Add-on, you must first agree to this License Agreement. You may not use the Google TV Add-on if you do not accept this License Agreement.
build	Setup Android SDK	2026-07-29T00:30:03.2470057Z 
build	Setup Android SDK	2026-07-29T00:30:03.2470387Z 2.2 You can accept this License Agreement by:
build	Setup Android SDK	2026-07-29T00:30:03.2470898Z 
build	Setup Android SDK	2026-07-29T00:30:03.2471690Z (A) clicking to accept or agree to this License Agreement, where this option is made available to you; or
build	Setup Android SDK	2026-07-29T00:30:03.2494583Z 
build	Setup Android SDK	2026-07-29T00:30:03.2496002Z (B) by actually using the Google TV Add-on. In this case, you agree that use of the Google TV Add-on constitutes acceptance of the License Agreement from that point onwards.
build	Setup Android SDK	2026-07-29T00:30:03.2499489Z 
build	Setup Android SDK	2026-07-29T00:30:03.2501125Z 2.3 You may not use the Google TV Add-on and may not accept the Licensing Agreement if you are a person barred from receiving the Google TV Add-on under the laws of the United States or other countries including the country in which you are resident or from which you use the Google TV Add-on.
build	Setup Android SDK	2026-07-29T00:30:03.2514434Z 
build	Setup Android SDK	2026-07-29T00:30:03.2515829Z 2.4 If you are agreeing to be bound by this License Agreement on behalf of your employer or other entity, you represent and warrant that you have full legal authority to bind your employer or such entity to this License Agreement. If you do not have the requisite authority, you may not accept the Licensing Agreement or use the Google TV Add-on on behalf of your employer or other entity.
build	Setup Android SDK	2026-07-29T00:30:03.2517854Z 
build	Setup Android SDK	2026-07-29T00:30:03.2523678Z 3. Google TV Add-on License from Google
build	Setup Android SDK	2026-07-29T00:30:03.2524303Z 
build	Setup Android SDK	2026-07-29T00:30:03.2525357Z 3.1 Subject to the terms of this License Agreement, Google grants you a limited, worldwide, royalty-free, non- assignable and non-exclusive license to use the Google TV Add-on solely to develop applications to run on the Google TV platform.
build	Setup Android SDK	2026-07-29T00:30:03.2526428Z 
build	Setup Android SDK	2026-07-29T00:30:03.2528312Z 3.2 You agree that Google or third parties own all legal right, title and interest in and to the Google TV Add-on, including any Intellectual Property Rights that subsist in the Google TV Add-on. "Intellectual Property Rights" means any and all rights under patent law, copyright law, trade secret law, trademark law, and any and all other proprietary rights. Google reserves all rights not expressly granted to you.
build	Setup Android SDK	2026-07-29T00:30:03.2530375Z 
build	Setup Android SDK	2026-07-29T00:30:03.2533312Z 3.3 Except to the extent required by applicable third party licenses, you may not copy (except for backup purposes), modify, adapt, redistribute, decompile, reverse engineer, disassemble, or create derivative works of the Google TV Add-on or any part of the Google TV Add-on. Except to the extent required by applicable third party licenses, you may not load any part of the Google TV Add-on onto a mobile handset, television, or any other hardware device except a personal computer, combine any part of the Google TV Add-on with other software, or distribute any software or device incorporating a part of the Google TV Add-on.
build	Setup Android SDK	2026-07-29T00:30:03.2535238Z 
build	Setup Android SDK	2026-07-29T00:30:03.2535869Z 3.4 Use, reproduction and distribution of components of the Google TV Add-on licensed under an open source software license are governed solely by the terms of that open source software license and not this License Agreement.
build	Setup Android SDK	2026-07-29T00:30:03.2536617Z 
build	Setup Android SDK	2026-07-29T00:30:03.2539403Z 3.5 You agree that the form and nature of the Google TV Add-on that Google provides may change without prior notice to you and that future versions of the Google TV Add-on may be incompatible with applications developed on previous versions of the Google TV Add-on. You agree that Google may stop (permanently or temporarily) providing the Google TV Add-on (or any features within the Google TV Add-on) to you or to users generally at Google's sole discretion, without prior notice to you.
build	Setup Android SDK	2026-07-29T00:30:03.2540851Z 
build	Setup Android SDK	2026-07-29T00:30:03.2542234Z 3.6 Nothing in this License Agreement gives you a right to use any of Google's or it’s licensors’ trade names, trademarks, service marks, logos, domain names, or other distinctive brand features.
build	Setup Android SDK	2026-07-29T00:30:03.2543097Z 
build	Setup Android SDK	2026-07-29T00:30:03.2543770Z 3.7 You agree that you will not remove, obscure, or alter any proprietary rights notices (including copyright and trademark notices) that may be affixed to or contained within the Google TV Add-on.
build	Setup Android SDK	2026-07-29T00:30:03.2544446Z 
build	Setup Android SDK	2026-07-29T00:30:03.2544592Z 4. Use of the Google TV Add-on by You
build	Setup Android SDK	2026-07-29T00:30:03.2544828Z 
build	Setup Android SDK	2026-07-29T00:30:03.2545609Z 4.1 Google agrees that it obtains no right, title or interest from you (or your licensors) under this License Agreement in or to any software applications that you develop using the Google TV Add-on, including any intellectual property rights that subsist in those applications.
build	Setup Android SDK	2026-07-29T00:30:03.2546496Z 
build	Setup Android SDK	2026-07-29T00:30:03.2547836Z 4.2 You agree to use the Google TV Add-on and write applications only for purposes that are permitted by (a) this License Agreement and (b) any applicable law, regulation or generally accepted practices or guidelines in the relevant jurisdictions (including any laws regarding the export of data or software to and from the United States or other relevant countries).
build	Setup Android SDK	2026-07-29T00:30:03.2549153Z 
build	Setup Android SDK	2026-07-29T00:30:03.2551389Z 4.3 You agree that if you use the Google TV Add-on to develop applications for general public users, you will protect the privacy and legal rights of those users. If the users provide you with user names, passwords, or other login information or personal information, your must make the users aware that the information will be available to your application, and you must provide legally adequate privacy notice and protection for those users. If your application stores personal or sensitive information provided by users, it must do so securely. If the user provides your application with Google Account information, your application may only use that information to access the user's Google Account when, and for the limited purposes for which, the user has given you explicit permission to do so.
build	Setup Android SDK	2026-07-29T00:30:03.2553696Z 
build	Setup Android SDK	2026-07-29T00:30:03.2554879Z 4.4 You agree that you will not engage in any activity with the Google TV Add-on, including the development or distribution of an application, that interferes with, disrupts, damages, or accesses in an unauthorized manner the servers, networks, or other properties or services of any third party including, but not limited to, Google, Multichannel Video Program Distributors or any mobile communications carrier.
build	Setup Android SDK	2026-07-29T00:30:03.2556120Z 
build	Setup Android SDK	2026-07-29T00:30:03.2557321Z 4.5 You agree that you are solely responsible for (and that Google has no responsibility to you or to any third party for) any data, content, or resources that you create, transmit or display through the Google TV platform and/or applications for the Google TV platform, and for the consequences of your actions (including any loss or damage which Google may suffer) by doing so.
build	Setup Android SDK	2026-07-29T00:30:03.2558430Z 
build	Setup Android SDK	2026-07-29T00:30:03.2559531Z 4.6 You agree that you are solely responsible for (and that Google has no responsibility to you or to any third party for) any breach of your obligations under this License Agreement, any applicable third party contract or Terms of Service, or any applicable law or regulation, and for the consequences (including any loss or damage which Google or any third party may suffer) of any such breach.
build	Setup Android SDK	2026-07-29T00:30:03.2560734Z 
build	Setup Android SDK	2026-07-29T00:30:03.2560868Z 5. Your Developer Credentials
build	Setup Android SDK	2026-07-29T00:30:03.2561089Z 
build	Setup Android SDK	2026-07-29T00:30:03.2561934Z 5.1 You agree that you are responsible for maintaining the confidentiality of any developer credentials that may be issued to you by Google or which you may choose yourself and that you will be solely responsible for all applications that are developed under your developer credentials.
build	Setup Android SDK	2026-07-29T00:30:03.2562826Z 
build	Setup Android SDK	2026-07-29T00:30:03.2563021Z 6. Privacy and Information
build	Setup Android SDK	2026-07-29T00:30:03.2563200Z 
build	Setup Android SDK	2026-07-29T00:30:03.2564640Z 6.1 In order to continually innovate and improve the Google TV Add-on, Google may collect certain usage statistics from the software including but not limited to a unique identifier, associated IP address, version number of the software, and information on which tools and/or services in the Google TV Add-on are being used and how they are being used. Before any of this information is collected, the Google TV Add-on will notify you and seek your consent. If you withhold consent, the information will not be collected.
build	Setup Android SDK	2026-07-29T00:30:03.2566221Z 
build	Setup Android SDK	2026-07-29T00:30:03.2566617Z 6.2 The data collected is examined in the aggregate to improve the Google TV Add-on and is maintained in accordance with Google's Privacy Policy.
build	Setup Android SDK	2026-07-29T00:30:03.2567360Z 
build	Setup Android SDK	2026-07-29T00:30:03.2567530Z 7. Third Party Applications for the Google TV Platform
build	Setup Android SDK	2026-07-29T00:30:03.2567830Z 
build	Setup Android SDK	2026-07-29T00:30:03.2569588Z 7.1 If you use the Google TV Add-on to run applications developed by a third party or that access data, content or resources provided by a third party, you agree that Google is not responsible for those applications, data, content, or resources. You understand that all data, content or resources which you may access through such third party applications are the sole responsibility of the person from which they originated and that Google is not liable for any loss or damage that you may experience as a result of the use or access of any of those third party applications, data, content, or resources.
build	Setup Android SDK	2026-07-29T00:30:03.2571379Z 
build	Setup Android SDK	2026-07-29T00:30:03.2572741Z 7.2 You should be aware the data, content, and resources presented to you through such a third party application may be protected by intellectual property rights which are owned by the providers (or by other persons or companies on their behalf). You may not modify, rent, lease, loan, sell, distribute or create derivative works based on these data, content, or resources (either in whole or in part) unless you have been specifically given permission to do so by the relevant owners.
build	Setup Android SDK	2026-07-29T00:30:03.2574170Z 
build	Setup Android SDK	2026-07-29T00:30:03.2574919Z 7.3 You acknowledge that your use of such third party applications, data, content, or resources may be subject to separate terms between you and the relevant third party. In that case, this License Agreement does not affect your legal relationship with these third parties.
build	Setup Android SDK	2026-07-29T00:30:03.2575783Z 
build	Setup Android SDK	2026-07-29T00:30:03.2575888Z 8. Using Google TV APIs
build	Setup Android SDK	2026-07-29T00:30:03.2576122Z 
build	Setup Android SDK	2026-07-29T00:30:03.2578688Z 8.1 If you use any Google TV API to retrieve data from Google, you acknowledge that the data (“Google TV API Content”) may be protected by intellectual property rights which are owned by Google or those parties that provide the data (or by other persons or companies on their behalf). Your use of any such API may be subject to additional Terms of Service. You may not modify, rent, lease, loan, sell, distribute or create derivative works based on this data (either in whole or in part) unless allowed by the relevant Terms of Service. Some portions of the Google TV API Content are licensed to Google by third parties, including but not limited to Tribune Media Services
build	Setup Android SDK	2026-07-29T00:30:03.2580638Z 
build	Setup Android SDK	2026-07-29T00:30:03.2581326Z 8.2 If you use any API to retrieve a user's data from Google, you acknowledge and agree that you shall retrieve data only with the user's explicit consent and only when, and for the limited purposes for which, the user has given you permission to do so.
build	Setup Android SDK	2026-07-29T00:30:03.2582187Z 
build	Setup Android SDK	2026-07-29T00:30:03.2582481Z 8.3 Except as explicitly permitted in Section 3 (Google TV Add-on License from Google), you must:
build	Setup Android SDK	2026-07-29T00:30:03.2582877Z 
build	Setup Android SDK	2026-07-29T00:30:03.2583394Z (a) not modify nor format the Google TV API Content except to the extent reasonably and technically necessary to optimize the display such Google TV API Content in your application;
build	Setup Android SDK	2026-07-29T00:30:03.2584019Z 
build	Setup Android SDK	2026-07-29T00:30:03.2584608Z (b) not edit the Google TV API Content in a manner that renders the Google TV API Content inaccurate of alters its inherent meaning (provided that displaying excerpts will not violate the foregoing); or
build	Setup Android SDK	2026-07-29T00:30:03.2585500Z 
build	Setup Android SDK	2026-07-29T00:30:03.2585794Z (c) not create any commercial audience measurement tool or service using the Google TV API Content
build	Setup Android SDK	2026-07-29T00:30:03.2586220Z 
build	Setup Android SDK	2026-07-29T00:30:03.2586357Z 9. Terminating this License Agreement
build	Setup Android SDK	2026-07-29T00:30:03.2586594Z 
build	Setup Android SDK	2026-07-29T00:30:03.2587219Z 9.1 This License Agreement will continue to apply until terminated by either you or Google as set out below.
build	Setup Android SDK	2026-07-29T00:30:03.2587650Z 
build	Setup Android SDK	2026-07-29T00:30:03.2588058Z 9.2 If you want to terminate this License Agreement, you may do so by ceasing your use of the Google TV Add-on and any relevant developer credentials.
build	Setup Android SDK	2026-07-29T00:30:03.2588563Z 
build	Setup Android SDK	2026-07-29T00:30:03.2588754Z 9.3 Google may at any time, terminate this License Agreement with you if:
build	Setup Android SDK	2026-07-29T00:30:03.2589188Z 
build	Setup Android SDK	2026-07-29T00:30:03.2589408Z (A) you have breached any provision of this License Agreement; or
build	Setup Android SDK	2026-07-29T00:30:03.2589672Z 
build	Setup Android SDK	2026-07-29T00:30:03.2589842Z (B) Google is required to do so by law; or
build	Setup Android SDK	2026-07-29T00:30:03.2590040Z 
build	Setup Android SDK	2026-07-29T00:30:03.2590691Z (C) the partner with whom Google offered certain parts of Google TV Add-on (such as APIs) to you has terminated its relationship with Google or ceased to offer certain parts of the Google TV Add-on to you; or
build	Setup Android SDK	2026-07-29T00:30:03.2591428Z 
build	Setup Android SDK	2026-07-29T00:30:03.2592375Z (D) Google decides to no longer providing the Google TV Add-on or certain parts of the Google TV Add-on to users in the country in which you are resident or from which you use the service, or the provision of the Google TV Add-on or certain Google TV Add-on services to you by Google is, in Google's sole discretion, no longer commercially viable.
build	Setup Android SDK	2026-07-29T00:30:03.2593431Z 
build	Setup Android SDK	2026-07-29T00:30:03.2594629Z 9.4 When this License Agreement comes to an end, all of the legal rights, obligations and liabilities that you and Google have benefited from, been subject to (or which have accrued over time whilst this License Agreement has been in force) or which are expressed to continue indefinitely, shall be unaffected by this cessation, and the provisions of paragraph 14.7 shall continue to apply to such rights, obligations and liabilities indefinitely.
build	Setup Android SDK	2026-07-29T00:30:03.2595991Z 
build	Setup Android SDK	2026-07-29T00:30:03.2596151Z 10. DISCLAIMER OF WARRANTIES
build	Setup Android SDK	2026-07-29T00:30:03.2596331Z 
build	Setup Android SDK	2026-07-29T00:30:03.2597256Z 10.1 YOU EXPRESSLY UNDERSTAND AND AGREE THAT YOUR USE OF THE GOOGLE TV ADD-ON IS AT YOUR SOLE RISK AND THAT THE GOOGLE TV ADD-ON IS PROVIDED "AS IS" AND "AS AVAILABLE" WITHOUT WARRANTY OF ANY KIND FROM GOOGLE.
build	Setup Android SDK	2026-07-29T00:30:03.2597882Z 
build	Setup Android SDK	2026-07-29T00:30:03.2598729Z 10.2 YOUR USE OF THE GOOGLE TV ADD-ON AND ANY MATERIAL DOWNLOADED OR OTHERWISE OBTAINED THROUGH THE USE OF THE GOOGLE TV ADD-ON IS AT YOUR OWN DISCRETION AND RISK AND YOU ARE SOLELY RESPONSIBLE FOR ANY DAMAGE TO YOUR COMPUTER SYSTEM OR OTHER DEVICE OR LOSS OF DATA THAT RESULTS FROM SUCH USE.
build	Setup Android SDK	2026-07-29T00:30:03.2599630Z 
build	Setup Android SDK	2026-07-29T00:30:03.2600364Z 10.3 GOOGLE FURTHER EXPRESSLY DISCLAIMS ALL WARRANTIES AND CONDITIONS OF ANY KIND, WHETHER EXPRESS OR IMPLIED, INCLUDING, BUT NOT LIMITED TO THE IMPLIED WARRANTIES AND CONDITIONS OF MERCHANTABILITY, FITNESS FOR A PARTICULAR PURPOSE AND NON-INFRINGEMENT.
build	Setup Android SDK	2026-07-29T00:30:03.2601229Z 
build	Setup Android SDK	2026-07-29T00:30:03.2601339Z 11. LIMITATION OF LIABILITY
build	Setup Android SDK	2026-07-29T00:30:03.2601651Z 
build	Setup Android SDK	2026-07-29T00:30:03.2603225Z 11.1 YOU EXPRESSLY UNDERSTAND AND AGREE THAT GOOGLE, ITS SUBSIDIARIES AND AFFILIATES, AND ITS LICENSORS SHALL NOT BE LIABLE TO YOU UNDER ANY THEORY OF LIABILITY FOR ANY DIRECT, INDIRECT, INCIDENTAL, SPECIAL CONSEQUENTIAL OR EXEMPLARY DAMAGES THAT MAY BE INCURRED BY YOU, INCLUDING ANY LOSS OF DATA, WHETHER OR NOT GOOGLE OR ITS REPRESENTATIVES HAVE BEEN ADVISED OF OR SHOULD HAVE BEEN AWARE OF THE POSSIBILITY OF ANY SUCH LOSSES ARISING.
build	Setup Android SDK	2026-07-29T00:30:03.2605050Z 
build	Setup Android SDK	2026-07-29T00:30:03.2605231Z 12. Indemnification
build	Setup Android SDK	2026-07-29T00:30:03.2605407Z 
build	Setup Android SDK	2026-07-29T00:30:03.2608647Z 12.1 To the maximum extent permitted by law, you agree to defend, indemnify and hold harmless Google, its affiliates and their respective directors, officers, employees and agents from and against any and all claims, actions, suits or proceedings, as well as any and all losses, liabilities, damages, costs and expenses (including reasonable attorneys fees) arising out of or accruing from (a) your use of the Google TV Add-on, (b) any application you develop on the Google TV Add-on that infringes any copyright, trademark, trade secret, trade dress, patent or other intellectual property right of any person or defames any person or violates their rights of publicity or privacy, and (c) any non-compliance by you with this License Agreement.
build	Setup Android SDK	2026-07-29T00:30:03.2611434Z 
build	Setup Android SDK	2026-07-29T00:30:03.2611610Z 13. Changes to the License Agreement
build	Setup Android SDK	2026-07-29T00:30:03.2611841Z 
build	Setup Android SDK	2026-07-29T00:30:03.2612152Z 13.1 Google may make changes to the License Agreement as it distributes new versions of the Google TV Add-on.
build	Setup Android SDK	2026-07-29T00:30:03.2612569Z 
build	Setup Android SDK	2026-07-29T00:30:03.2612672Z 14. General Legal Terms
build	Setup Android SDK	2026-07-29T00:30:03.2612903Z 
build	Setup Android SDK	2026-07-29T00:30:03.2613818Z 14.1 This License Agreement constitute the whole legal agreement between you and Google and govern your use of the Google TV Add-on (excluding any services which Google may provide to you under a separate written agreement), and completely replace any prior agreements between you and Google in relation to the Google TV Add-on.
build	Setup Android SDK	2026-07-29T00:30:03.2614903Z 
build	Setup Android SDK	2026-07-29T00:30:03.2615809Z 14.2 You agree that if Google does not exercise or enforce any legal right or remedy which is contained in this License Agreement (or which Google has the benefit of under any applicable law), this will not be taken to be a formal waiver of Google's rights and that those rights or remedies will still be available to Google.
build	Setup Android SDK	2026-07-29T00:30:03.2616866Z 
build	Setup Android SDK	2026-07-29T00:30:03.2618064Z 14.3 If any court of law, having the jurisdiction to decide on this matter, rules that any provision of this License Agreement is invalid, then that provision will be removed from this License Agreement without affecting the rest of this License Agreement. The remaining provisions of this License Agreement will continue to be valid and enforceable.
build	Setup Android SDK	2026-07-29T00:30:03.2619122Z 
build	Setup Android SDK	2026-07-29T00:30:03.2620914Z 14.4 You acknowledge and agree that Google’s API data licensors and each member of the group of companies of which Google is the parent shall be third party beneficiaries to this License Agreement and that such other companies shall be entitled to directly enforce, and rely upon, any provision of this License Agreement that confers a benefit on (or rights in favor of) them. Other than this, no other person or company shall be third party beneficiaries to this License Agreement.
build	Setup Android SDK	2026-07-29T00:30:03.2622326Z 
build	Setup Android SDK	2026-07-29T00:30:03.2623170Z 14.5 EXPORT RESTRICTIONS. THE GOOGLE TV ADD-ON IS SUBJECT TO UNITED STATES EXPORT LAWS AND REGULATIONS. YOU MUST COMPLY WITH ALL DOMESTIC AND INTERNATIONAL EXPORT LAWS AND REGULATIONS THAT APPLY TO THE GOOGLE TV ADD-ON. THESE LAWS INCLUDE RESTRICTIONS ON DESTINATIONS, END USERS AND END USE.
build	Setup Android SDK	2026-07-29T00:30:03.2624068Z 
build	Setup Android SDK	2026-07-29T00:30:03.2625054Z 14.6 The rights granted in this License Agreement may not be assigned or transferred by either you or Google without the prior written approval of the other party. Neither you nor Google shall be permitted to delegate their responsibilities or obligations under this License Agreement without the prior written approval of the other party.
build	Setup Android SDK	2026-07-29T00:30:03.2626135Z 
build	Setup Android SDK	2026-07-29T00:30:03.2627947Z 14.7 This License Agreement, and your relationship with Google under this License Agreement, shall be governed by the laws of the State of California without regard to its conflict of laws provisions. You and Google agree to submit to the exclusive jurisdiction of the courts located within the county of Santa Clara, California to resolve any legal matter arising from this License Agreement. Notwithstanding this, you agree that Google shall still be allowed to apply for injunctive remedies (or an equivalent type of urgent legal relief) in any jurisdiction.
build	Setup Android SDK	2026-07-29T00:30:03.2629636Z 
build	Setup Android SDK	2026-07-29T00:30:03.2629707Z 
build	Setup Android SDK	2026-07-29T00:30:03.2629870Z August 15, 2011
build	Setup Android SDK	2026-07-29T00:30:03.2630194Z ---------------------------------------
build	Setup Android SDK	2026-07-29T00:30:03.2630568Z Accept? (y/N): 
build	Setup Android SDK	2026-07-29T00:30:03.2630906Z 2/6: License android-googlexr-license:
build	Setup Android SDK	2026-07-29T00:30:03.2631284Z ---------------------------------------
build	Setup Android SDK	2026-07-29T00:30:03.2632225Z To get started with the Android XR Emulator System Image SDK, you must agree to the following terms and conditions. As described below, please note that this is a preview, emulated version of the Android XR OS, subject to change, that you use at your own risk.
build	Setup Android SDK	2026-07-29T00:30:03.2632995Z 
build	Setup Android SDK	2026-07-29T00:30:03.2633220Z This is the Android XR Emulator System Image SDK License Agreement
build	Setup Android SDK	2026-07-29T00:30:03.2633526Z 
build	Setup Android SDK	2026-07-29T00:30:03.2633621Z 1. Introduction
build	Setup Android SDK	2026-07-29T00:30:03.2633827Z 
build	Setup Android SDK	2026-07-29T00:30:03.2635093Z 1.1 The Android Android XR Emulator System Image SDK (referred to in the License Agreement as the "SDK" and specifically including the Android system files,, packaged APIs, library files (if and when they are made available), and Google applications and APIs add-ons) is licensed to you subject to the terms of the License Agreement. The License Agreement forms a legally binding contract between you and Google in relation to your use of the SDK.
build	Setup Android SDK	2026-07-29T00:30:03.2636498Z 
build	Setup Android SDK	2026-07-29T00:30:03.2637330Z 1.2 "Android" means the Android software stack for devices, as made available under the Android Open Source Project, which is located at the following URL: https://source.android.com/, as updated from time to time.
build	Setup Android SDK	2026-07-29T00:30:03.2638032Z 
build	Setup Android SDK	2026-07-29T00:30:03.2638898Z 1.3 "Google" means Google LLC, organized under the laws of the State of Delaware, USA, and operating under the laws of the USA with principal place of business at 1600 Amphitheatre Parkway, Mountain View, CA 94043, USA.
build	Setup Android SDK	2026-07-29T00:30:03.2639578Z 
build	Setup Android SDK	2026-07-29T00:30:03.2639750Z 2. Accepting this License Agreement
build	Setup Android SDK	2026-07-29T00:30:03.2639949Z 
build	Setup Android SDK	2026-07-29T00:30:03.2640357Z 2.1 In order to use the SDK, you must first agree to the License Agreement. You may not use the SDK if you do not accept the License Agreement.
build	Setup Android SDK	2026-07-29T00:30:03.2640916Z 
build	Setup Android SDK	2026-07-29T00:30:03.2641203Z 2.2 By clicking to accept and/or using this SDK, you hereby agree to the terms of the License Agreement.
build	Setup Android SDK	2026-07-29T00:30:03.2641617Z 
build	Setup Android SDK	2026-07-29T00:30:03.2642287Z 2.3 You may not use the SDK and may not accept the License Agreement if you are a person barred from receiving the SDK under the laws of the United States or other countries, including the country in which you are resident or from which you use the SDK.
build	Setup Android SDK	2026-07-29T00:30:03.2643173Z 
build	Setup Android SDK	2026-07-29T00:30:03.2644198Z 2.4 If you are agreeing to be bound by the License Agreement on behalf of your employer or other entity, you represent and warrant that you have full legal authority to bind your employer or such entity to the License Agreement. If you do not have the requisite authority, you may not accept the License Agreement or use the SDK on behalf of your employer or other entity.
build	Setup Android SDK	2026-07-29T00:30:03.2645288Z 
build	Setup Android SDK	2026-07-29T00:30:03.2645447Z 3. SDK License from Google
build	Setup Android SDK	2026-07-29T00:30:03.2645622Z 
build	Setup Android SDK	2026-07-29T00:30:03.2646295Z 3.1 Subject to the terms of the License Agreement, Google grants you a limited, worldwide, royalty-free, non-assignable, non-exclusive, and non-sublicensable license to use the SDK solely to develop applications for Android XR.
build	Setup Android SDK	2026-07-29T00:30:03.2647272Z 
build	Setup Android SDK	2026-07-29T00:30:03.2647934Z 3.2 You may not use this SDK to develop applications for other platforms or to develop another SDK. You are of course free to develop applications for other platforms provided that this SDK is not used for that purpose.
build	Setup Android SDK	2026-07-29T00:30:03.2648666Z 
build	Setup Android SDK	2026-07-29T00:30:03.2649741Z 3.3 You agree that Google or third parties own all legal right, title and interest in and to the SDK, including any Intellectual Property Rights that subsist in the SDK. "Intellectual Property Rights" means any and all rights under patent law, copyright law, trade secret law, trademark law, and any and all other proprietary rights. Google reserves all rights not expressly granted to you.
build	Setup Android SDK	2026-07-29T00:30:03.2650964Z 
build	Setup Android SDK	2026-07-29T00:30:03.2652586Z 3.4 You may not use the SDK for any purpose not expressly permitted by the License Agreement. Except to the extent required by applicable third party licenses, you may not (a) copy (except for backup purposes), modify, adapt, redistribute, decompile, reverse engineer, disassemble, or create derivative works of the SDK or any part of the SDK; or (b) load any part of the SDK onto a mobile handset or any other hardware device except a personal computer, combine any part of the SDK with other software, or distribute any software or device incorporating a part of the SDK.
build	Setup Android SDK	2026-07-29T00:30:03.2654201Z 
build	Setup Android SDK	2026-07-29T00:30:03.2655362Z 3.5 Use, reproduction and distribution of components of the SDK licensed under an open source software license are governed solely by the terms of that open source software license and not the License Agreement. You agree to remain a licensee in good standing in regard to such open source software licenses under all the rights granted and to refrain from any actions that may terminate, suspend, or breach such rights.
build	Setup Android SDK	2026-07-29T00:30:03.2656803Z 
build	Setup Android SDK	2026-07-29T00:30:03.2658182Z 3.6 You agree that the form and nature of the SDK that Google provides may change without prior notice to you and that future versions of the SDK may be incompatible with applications developed on previous versions of the SDK. You agree that Google may stop (permanently or temporarily) providing the SDK (or any features within the SDK) to you or to users generally at Google's sole discretion, without prior notice to you.
build	Setup Android SDK	2026-07-29T00:30:03.2659486Z 
build	Setup Android SDK	2026-07-29T00:30:03.2660000Z 3.7 Nothing in the License Agreement gives you a right to use any of Google's trade names, trademarks, service marks, logos, domain names, or other distinctive brand features.
build	Setup Android SDK	2026-07-29T00:30:03.2660550Z 
build	Setup Android SDK	2026-07-29T00:30:03.2661097Z 3.8 You agree that you will not remove, obscure, or alter any proprietary rights notices (including copyright and trademark notices) that may be affixed to or contained within the SDK.
build	Setup Android SDK	2026-07-29T00:30:03.2661733Z 
build	Setup Android SDK	2026-07-29T00:30:03.2661869Z 4. Use of the SDK by You
build	Setup Android SDK	2026-07-29T00:30:03.2662072Z 
build	Setup Android SDK	2026-07-29T00:30:03.2662788Z 4.1 Google agrees that it obtains no right, title or interest from you (or your licensors) under the License Agreement in or to any software applications that you develop using the SDK, including any intellectual property rights that subsist in those applications.
build	Setup Android SDK	2026-07-29T00:30:03.2663614Z 
build	Setup Android SDK	2026-07-29T00:30:03.2664570Z 4.2 You agree to use the SDK and write applications only for purposes that are permitted by (a) the License Agreement and (b) any applicable law, regulation or generally accepted practices or guidelines in the relevant jurisdictions (including any laws regarding the export of data or software to and from the United States or other relevant countries).
build	Setup Android SDK	2026-07-29T00:30:03.2665690Z 
build	Setup Android SDK	2026-07-29T00:30:03.2668091Z 4.3 You agree that if you use the SDK to develop applications for general public users, you will protect the privacy and legal rights of those users. If the users provide you with user names, passwords, or other login information or personal information, you must make the users aware that the information will be available to your application, and you must provide legally adequate privacy notice and protection for those users. If your application stores personal or sensitive information provided by users, it must do so securely. If the user provides your application with Google Account information, your application may only use that information to access the user's Google Account when, and for the limited purposes for which, the user has given you permission to do so.
build	Setup Android SDK	2026-07-29T00:30:03.2670340Z 
build	Setup Android SDK	2026-07-29T00:30:03.2671332Z 4.4 You agree that you will not engage in any activity with the SDK, including the development or distribution of an application, that interferes with, disrupts, damages, or accesses in an unauthorized manner the servers, networks, or other properties or services of any third party including, but not limited to, Google or any mobile communications carrier.
build	Setup Android SDK	2026-07-29T00:30:03.2672509Z 
build	Setup Android SDK	2026-07-29T00:30:03.2673469Z 4.5 You agree that you are solely responsible for (and that Google has no responsibility to you or to any third party for) any data, content, or resources that you create, transmit or display through Android and/or applications for Android, and for the consequences of your actions (including any loss or damage which Google may suffer) by doing so.
build	Setup Android SDK	2026-07-29T00:30:03.2674511Z 
build	Setup Android SDK	2026-07-29T00:30:03.2675624Z 4.6 You agree that you are solely responsible for (and that Google has no responsibility to you or to any third party for) any breach of your obligations under the License Agreement, any applicable third party contract or Terms of Service, or any applicable law or regulation, and for the consequences (including any loss or damage which Google or any third party may suffer) of any such breach.
build	Setup Android SDK	2026-07-29T00:30:03.2677028Z 
build	Setup Android SDK	2026-07-29T00:30:03.2677878Z 4.7 The SDK is in development, and your testing and feedback are an important part of the development process. By using the SDK, you acknowledge that implementation of some features are still under development and that you should not rely on the SDK having the full functionality of a stable release.
build	Setup Android SDK	2026-07-29T00:30:03.2678870Z 
build	Setup Android SDK	2026-07-29T00:30:03.2678997Z 5. Your Developer Credentials
build	Setup Android SDK	2026-07-29T00:30:03.2679220Z 
build	Setup Android SDK	2026-07-29T00:30:03.2680025Z 5.1 You agree that you are responsible for maintaining the confidentiality of any developer credentials that may be issued to you by Google or which you may choose yourself and that you will be solely responsible for all applications that are developed under your developer credentials.
build	Setup Android SDK	2026-07-29T00:30:03.2680928Z 
build	Setup Android SDK	2026-07-29T00:30:03.2681099Z 6. Privacy and Information
build	Setup Android SDK	2026-07-29T00:30:03.2681277Z 
build	Setup Android SDK	2026-07-29T00:30:03.2682645Z 6.1 In order to continually innovate and improve the SDK, Google may collect certain usage statistics from the software including but not limited to a unique identifier, associated IP address, version number of the software, and information on which tools and/or services in the SDK are being used and how they are being used. Before any of this information is collected, the SDK will notify you and seek your consent. If you withhold consent, the information will not be collected.
build	Setup Android SDK	2026-07-29T00:30:03.2684042Z 
build	Setup Android SDK	2026-07-29T00:30:03.2684643Z 6.2 The data collected is examined in the aggregate to improve the SDK and is maintained in accordance with Google's Privacy Policy, which is located at the following URL: https://policies.google.com/privacy
build	Setup Android SDK	2026-07-29T00:30:03.2685344Z 
build	Setup Android SDK	2026-07-29T00:30:03.2685629Z 6.3 Anonymized and aggregated sets of the data may be shared with Google partners to improve the SDK.
build	Setup Android SDK	2026-07-29T00:30:03.2686032Z 
build	Setup Android SDK	2026-07-29T00:30:03.2686158Z 7. Third Party Applications
build	Setup Android SDK	2026-07-29T00:30:03.2686372Z 
build	Setup Android SDK	2026-07-29T00:30:03.2688445Z 7.1 If you use the SDK to run applications developed by a third party or that access data, content or resources provided by a third party, you agree that Google is not responsible for those applications, data, content, or resources. You understand that all data, content or resources which you may access through such third party applications are the sole responsibility of the person from which they originated and that Google is not liable for any loss or damage that you may experience as a result of the use or access of any of those third party applications, data, content, or resources.
build	Setup Android SDK	2026-07-29T00:30:03.2690523Z 
build	Setup Android SDK	2026-07-29T00:30:03.2691940Z 7.2 You should be aware that the data, content, and resources presented to you through such a third party application may be protected by intellectual property rights which are owned by the providers (or by other persons or companies on their behalf). You may not modify, rent, lease, loan, sell, distribute or create derivative works based on these data, content, or resources (either in whole or in part) unless you have been specifically given permission to do so by the relevant owners.
build	Setup Android SDK	2026-07-29T00:30:03.2693423Z 
build	Setup Android SDK	2026-07-29T00:30:03.2694203Z 7.3 You acknowledge that your use of such third party applications, data, content, or resources may be subject to separate terms between you and the relevant third party. In that case, the License Agreement does not affect your legal relationship with these third parties.
build	Setup Android SDK	2026-07-29T00:30:03.2695076Z 
build	Setup Android SDK	2026-07-29T00:30:03.2695227Z 8. Using Android APIs
build	Setup Android SDK	2026-07-29T00:30:03.2695393Z 
build	Setup Android SDK	2026-07-29T00:30:03.2695541Z 8.1 Google Data APIs
build	Setup Android SDK	2026-07-29T00:30:03.2695722Z 
build	Setup Android SDK	2026-07-29T00:30:03.2697376Z 8.1.1 If you use any API to retrieve data from Google, you acknowledge that the data may be protected by intellectual property rights which are owned by Google or those parties that provide the data (or by other persons or companies on their behalf). Your use of any such API may be subject to additional Terms of Service. You may not modify, rent, lease, loan, sell, distribute or create derivative works based on this data (either in whole or in part) unless allowed by the relevant Terms of Service.
build	Setup Android SDK	2026-07-29T00:30:03.2699046Z 
build	Setup Android SDK	2026-07-29T00:30:03.2701587Z 8.1.2 If you use any API to retrieve a user's data from Google, you acknowledge and agree that you shall retrieve data only with the user's explicit consent and only when, and for the limited purposes for which, the user has given you permission to do so. If you use the Android Recognition Service API, documented at the following URL: https://developer.android.com/reference/android/speech/RecognitionService, as updated from time to time, you acknowledge that the use of the API is subject to the Data Processing Addendum for Products where Google is a Data Processor, which is located at the following URL: https://privacy.google.com/businesses/gdprprocessorterms/, as updated from time to time. By clicking to accept, you hereby agree to the terms of the Data Processing Addendum for Products where Google is a Data Processor.
build	Setup Android SDK	2026-07-29T00:30:03.2703921Z 
build	Setup Android SDK	2026-07-29T00:30:03.2704149Z 9. Terminating this License Agreement
build	Setup Android SDK	2026-07-29T00:30:03.2704350Z 
build	Setup Android SDK	2026-07-29T00:30:03.2704699Z 9.1 The License Agreement will continue to apply until terminated by either you or Google as set out below.
build	Setup Android SDK	2026-07-29T00:30:03.2705088Z 
build	Setup Android SDK	2026-07-29T00:30:03.2705473Z 9.2 If you want to terminate the License Agreement, you may do so by ceasing your use of the SDK and any relevant developer credentials.
build	Setup Android SDK	2026-07-29T00:30:03.2705984Z 
build	Setup Android SDK	2026-07-29T00:30:03.2707842Z 9.3 Google may at any time, terminate the License Agreement with you if: (A) you have breached any provision of the License Agreement; or (B) Google is required to do so by law; or (C) the partner with whom Google offered certain parts of SDK (such as APIs) to you has terminated its relationship with Google or ceased to offer certain parts of the SDK to you; or (D) Google decides to no longer provide the SDK or certain parts of the SDK to users in the country in which you are resident or from which you use the service, or the provision of the SDK or certain SDK services to you by Google is, in Google's sole discretion, no longer commercially viable.
build	Setup Android SDK	2026-07-29T00:30:03.2709659Z 
build	Setup Android SDK	2026-07-29T00:30:03.2710939Z 9.4 When the License Agreement comes to an end, all of the legal rights, obligations and liabilities that you and Google have benefited from, been subject to (or which have accrued over time whilst the License Agreement has been in force) or which are expressed to continue indefinitely, shall be unaffected by this cessation, and the provisions of paragraph 14.7 shall continue to apply to such rights, obligations and liabilities indefinitely.
build	Setup Android SDK	2026-07-29T00:30:03.2712199Z 
build	Setup Android SDK	2026-07-29T00:30:03.2712396Z 10. DISCLAIMER OF WARRANTIES
build	Setup Android SDK	2026-07-29T00:30:03.2712573Z 
build	Setup Android SDK	2026-07-29T00:30:03.2713084Z 10.1 YOU EXPRESSLY UNDERSTAND AND AGREE THAT YOUR USE OF THE SDK IS AT YOUR SOLE RISK AND THAT THE SDK IS PROVIDED "AS IS" AND "AS AVAILABLE" WITHOUT WARRANTY OF ANY KIND FROM GOOGLE.
build	Setup Android SDK	2026-07-29T00:30:03.2713672Z 
build	Setup Android SDK	2026-07-29T00:30:03.2714375Z 10.2 YOUR USE OF THE SDK AND ANY MATERIAL DOWNLOADED OR OTHERWISE OBTAINED THROUGH THE USE OF THE SDK IS AT YOUR OWN DISCRETION AND RISK AND YOU ARE SOLELY RESPONSIBLE FOR ANY DAMAGE TO YOUR COMPUTER SYSTEM OR OTHER DEVICE OR LOSS OF DATA THAT RESULTS FROM SUCH USE.
build	Setup Android SDK	2026-07-29T00:30:03.2715315Z 
build	Setup Android SDK	2026-07-29T00:30:03.2716051Z 10.3 GOOGLE FURTHER EXPRESSLY DISCLAIMS ALL WARRANTIES AND CONDITIONS OF ANY KIND, WHETHER EXPRESS OR IMPLIED, INCLUDING, BUT NOT LIMITED TO THE IMPLIED WARRANTIES AND CONDITIONS OF MERCHANTABILITY, FITNESS FOR A PARTICULAR PURPOSE AND NON-INFRINGEMENT.
build	Setup Android SDK	2026-07-29T00:30:03.2716954Z 
build	Setup Android SDK	2026-07-29T00:30:03.2717118Z 11. LIMITATION OF LIABILITY
build	Setup Android SDK	2026-07-29T00:30:03.2717281Z 
build	Setup Android SDK	2026-07-29T00:30:03.2718562Z 11.1 YOU EXPRESSLY UNDERSTAND AND AGREE THAT GOOGLE, ITS SUBSIDIARIES AND AFFILIATES, AND ITS LICENSORS SHALL NOT BE LIABLE TO YOU UNDER ANY THEORY OF LIABILITY FOR ANY DIRECT, INDIRECT, INCIDENTAL, SPECIAL, CONSEQUENTIAL OR EXEMPLARY DAMAGES THAT MAY BE INCURRED BY YOU, INCLUDING ANY LOSS OF DATA, WHETHER OR NOT GOOGLE OR ITS REPRESENTATIVES HAVE BEEN ADVISED OF OR SHOULD HAVE BEEN AWARE OF THE POSSIBILITY OF ANY SUCH LOSSES ARISING.
build	Setup Android SDK	2026-07-29T00:30:03.2719952Z 
build	Setup Android SDK	2026-07-29T00:30:03.2720073Z 12. Indemnification
build	Setup Android SDK	2026-07-29T00:30:03.2720262Z 
build	Setup Android SDK	2026-07-29T00:30:03.2722228Z 12.1 To the maximum extent permitted by law, you agree to defend, indemnify and hold harmless Google, its affiliates and their respective directors, officers, employees and agents from and against any and all claims, actions, suits or proceedings, as well as any and all losses, liabilities, damages, costs and expenses (including reasonable attorneys fees) arising out of or accruing from (a) your use of the SDK, (b) any application you develop on the SDK that infringes any copyright, trademark, trade secret, trade dress, patent or other intellectual property right of any person or defames any person or violates their rights of publicity or privacy, and (c) any non-compliance by you with the License Agreement.
build	Setup Android SDK	2026-07-29T00:30:03.2724288Z 
build	Setup Android SDK	2026-07-29T00:30:03.2724454Z 13. Changes to the License Agreement
build	Setup Android SDK	2026-07-29T00:30:03.2724656Z 
build	Setup Android SDK	2026-07-29T00:30:03.2725356Z 13.1 Google may make changes to the License Agreement as it distributes new versions of the SDK. When these changes are made, Google will make a new version of the License Agreement available on the website where the SDK is made available.
build	Setup Android SDK	2026-07-29T00:30:03.2726059Z 
build	Setup Android SDK	2026-07-29T00:30:03.2726245Z 14. General Legal Terms
build	Setup Android SDK	2026-07-29T00:30:03.2726406Z 
build	Setup Android SDK	2026-07-29T00:30:03.2727345Z 14.1 The License Agreement constitutes the whole legal agreement between you and Google and governs your use of the SDK (excluding any services which Google may provide to you under a separate written agreement), and completely replaces any prior agreements between you and Google in relation to the SDK.
build	Setup Android SDK	2026-07-29T00:30:03.2728327Z 
build	Setup Android SDK	2026-07-29T00:30:03.2729200Z 14.2 You agree that if Google does not exercise or enforce any legal right or remedy which is contained in the License Agreement (or which Google has the benefit of under any applicable law), this will not be taken to be a formal waiver of Google's rights and that those rights or remedies will still be available to Google.
build	Setup Android SDK	2026-07-29T00:30:03.2730213Z 
build	Setup Android SDK	2026-07-29T00:30:03.2731187Z 14.3 If any court of law, having the jurisdiction to decide on this matter, rules that any provision of the License Agreement is invalid, then that provision will be removed from the License Agreement without affecting the rest of the License Agreement. The remaining provisions of the License Agreement will continue to be valid and enforceable.
build	Setup Android SDK	2026-07-29T00:30:03.2732190Z 
build	Setup Android SDK	2026-07-29T00:30:03.2733450Z 14.4 You acknowledge and agree that each member of the group of companies of which Google is the parent shall be third party beneficiaries to the License Agreement and that such other companies shall be entitled to directly enforce, and rely upon, any provision of the License Agreement that confers a benefit on (or rights in favor of) them. Other than this, no other person or company shall be third party beneficiaries to the License Agreement.
build	Setup Android SDK	2026-07-29T00:30:03.2734846Z 
build	Setup Android SDK	2026-07-29T00:30:03.2735596Z 14.5 EXPORT RESTRICTIONS. THE SDK IS SUBJECT TO UNITED STATES EXPORT LAWS AND REGULATIONS. YOU MUST COMPLY WITH ALL DOMESTIC AND INTERNATIONAL EXPORT LAWS AND REGULATIONS THAT APPLY TO THE SDK. THESE LAWS INCLUDE RESTRICTIONS ON DESTINATIONS, END USERS AND END USE.
build	Setup Android SDK	2026-07-29T00:30:03.2736429Z 
build	Setup Android SDK	2026-07-29T00:30:03.2737675Z 14.6 The rights granted in the License Agreement may not be assigned or transferred by either you or Google without the prior written approval of the other party. Neither you nor Google shall be permitted to delegate their responsibilities or obligations under the License Agreement without the prior written approval of the other party.
build	Setup Android SDK	2026-07-29T00:30:03.2738773Z 
build	Setup Android SDK	2026-07-29T00:30:03.2743117Z 14.7 The License Agreement, and your relationship with Google under the License Agreement, shall be governed by the laws of the State of California without regard to its conflict of laws provisions. You and Google agree to submit to the exclusive jurisdiction of the courts located within the county of Santa Clara, California to resolve any legal matter arising from the License Agreement. Notwithstanding this, you agree that Google shall still be allowed to apply for injunctive remedies (or an equivalent type of urgent legal relief) in any jurisdiction.
build	Setup Android SDK	2026-07-29T00:30:03.2746186Z ---------------------------------------
build	Setup Android SDK	2026-07-29T00:30:03.2746657Z Accept? (y/N): 
build	Setup Android SDK	2026-07-29T00:30:03.2747221Z 3/6: License android-sdk-arm-dbt-license:
build	Setup Android SDK	2026-07-29T00:30:03.2747763Z ---------------------------------------
build	Setup Android SDK	2026-07-29T00:30:03.2748206Z Terms and Conditions
build	Setup Android SDK	2026-07-29T00:30:03.2748516Z 
build	Setup Android SDK	2026-07-29T00:30:03.2748770Z This is the Android Software Development Kit License Agreement
build	Setup Android SDK	2026-07-29T00:30:03.2749193Z 
build	Setup Android SDK	2026-07-29T00:30:03.2749335Z 1. Introduction
build	Setup Android SDK	2026-07-29T00:30:03.2749554Z 
build	Setup Android SDK	2026-07-29T00:30:03.2751244Z 1.1 The Android Software Development Kit (referred to in the License Agreement as the "SDK" and specifically including the Android system files, packaged APIs, and Google APIs add-ons) is licensed to you subject to the terms of the License Agreement. The License Agreement forms a legally binding contract between you and Google in relation to your use of the SDK.
build	Setup Android SDK	2026-07-29T00:30:03.2753197Z 
build	Setup Android SDK	2026-07-29T00:30:03.2754245Z 1.2 "Android" means the Android software stack for devices, as made available under the Android Open Source Project, which is located at the following URL: http://source.android.com/, as updated from time to time.
build	Setup Android SDK	2026-07-29T00:30:03.2755353Z 
build	Setup Android SDK	2026-07-29T00:30:03.2757168Z 1.3 A "compatible implementation" means any Android device that (i) complies with the Android Compatibility Definition document, which can be found at the Android compatibility website (http://source.android.com/compatibility) and which may be updated from time to time; and (ii) successfully passes the Android Compatibility Test Suite (CTS).
build	Setup Android SDK	2026-07-29T00:30:03.2758948Z 
build	Setup Android SDK	2026-07-29T00:30:03.2759638Z 1.4 "Google" means Google Inc., a Delaware corporation with principal place of business at 1600 Amphitheatre Parkway, Mountain View, CA 94043, United States.
build	Setup Android SDK	2026-07-29T00:30:03.2760531Z 
build	Setup Android SDK	2026-07-29T00:30:03.2760538Z 
build	Setup Android SDK	2026-07-29T00:30:03.2760712Z 2. Accepting the License Agreement
build	Setup Android SDK	2026-07-29T00:30:03.2761019Z 
build	Setup Android SDK	2026-07-29T00:30:03.2761619Z 2.1 In order to use the SDK, you must first agree to the License Agreement. You may not use the SDK if you do not accept the License Agreement.
build	Setup Android SDK	2026-07-29T00:30:03.2762792Z 
build	Setup Android SDK	2026-07-29T00:30:03.2763173Z 2.2 By clicking to accept, you hereby agree to the terms of the License Agreement.
build	Setup Android SDK	2026-07-29T00:30:03.2763651Z 
build	Setup Android SDK	2026-07-29T00:30:03.2764749Z 2.3 You may not use the SDK and may not accept the License Agreement if you are a person barred from receiving the SDK under the laws of the United States or other countries, including the country in which you are resident or from which you use the SDK.
build	Setup Android SDK	2026-07-29T00:30:03.2766049Z 
build	Setup Android SDK	2026-07-29T00:30:03.2767874Z 2.4 If you are agreeing to be bound by the License Agreement on behalf of your employer or other entity, you represent and warrant that you have full legal authority to bind your employer or such entity to the License Agreement. If you do not have the requisite authority, you may not accept the License Agreement or use the SDK on behalf of your employer or other entity.
build	Setup Android SDK	2026-07-29T00:30:03.2769874Z 
build	Setup Android SDK	2026-07-29T00:30:03.2769882Z 
build	Setup Android SDK	2026-07-29T00:30:03.2770034Z 3. SDK License from Google
build	Setup Android SDK	2026-07-29T00:30:03.2770298Z 
build	Setup Android SDK	2026-07-29T00:30:03.2771465Z 3.1 Subject to the terms of the License Agreement, Google grants you a limited, worldwide, royalty-free, non-assignable, non-exclusive, and non-sublicensable license to use the SDK solely to develop applications for compatible implementations of Android.
build	Setup Android SDK	2026-07-29T00:30:03.2772855Z 
build	Setup Android SDK	2026-07-29T00:30:03.2774327Z 3.2 You may not use this SDK to develop applications for other platforms (including non-compatible implementations of Android) or to develop another SDK. You are of course free to develop applications for other platforms, including non-compatible implementations of Android, provided that this SDK is not used for that purpose.
build	Setup Android SDK	2026-07-29T00:30:03.2776059Z 
build	Setup Android SDK	2026-07-29T00:30:03.2777942Z 3.3 You agree that Google or third parties own all legal right, title and interest in and to the SDK, including any Intellectual Property Rights that subsist in the SDK. "Intellectual Property Rights" means any and all rights under patent law, copyright law, trade secret law, trademark law, and any and all other proprietary rights. Google reserves all rights not expressly granted to you.
build	Setup Android SDK	2026-07-29T00:30:03.2779901Z 
build	Setup Android SDK	2026-07-29T00:30:03.2781467Z 3.4 You may not use the SDK for any purpose not expressly permitted by the License Agreement. Except to the extent required by applicable third party licenses, you may not copy (except for backup purposes), modify, adapt, redistribute, decompile, reverse engineer, disassemble, or create derivative works of the SDK or any part of the SDK.
build	Setup Android SDK	2026-07-29T00:30:03.2783241Z 
build	Setup Android SDK	2026-07-29T00:30:03.2784197Z 3.5 Use, reproduction and distribution of components of the SDK licensed under an open source software license are governed solely by the terms of that open source software license and not the License Agreement.
build	Setup Android SDK	2026-07-29T00:30:03.2785345Z 
build	Setup Android SDK	2026-07-29T00:30:03.2787537Z 3.6 You agree that the form and nature of the SDK that Google provides may change without prior notice to you and that future versions of the SDK may be incompatible with applications developed on previous versions of the SDK. You agree that Google may stop (permanently or temporarily) providing the SDK (or any features within the SDK) to you or to users generally at Google's sole discretion, without prior notice to you.
build	Setup Android SDK	2026-07-29T00:30:03.2789642Z 
build	Setup Android SDK	2026-07-29T00:30:03.2790462Z 3.7 Nothing in the License Agreement gives you a right to use any of Google's trade names, trademarks, service marks, logos, domain names, or other distinctive brand features.
build	Setup Android SDK	2026-07-29T00:30:03.2791406Z 
build	Setup Android SDK	2026-07-29T00:30:03.2792240Z 3.8 You agree that you will not remove, obscure, or alter any proprietary rights notices (including copyright and trademark notices) that may be affixed to or contained within the SDK.
build	Setup Android SDK	2026-07-29T00:30:03.2793300Z 
build	Setup Android SDK	2026-07-29T00:30:03.2793308Z 
build	Setup Android SDK	2026-07-29T00:30:03.2793468Z 4. Use of the SDK by You
build	Setup Android SDK	2026-07-29T00:30:03.2793745Z 
build	Setup Android SDK	2026-07-29T00:30:03.2794892Z 4.1 Google agrees that it obtains no right, title or interest from you (or your licensors) under the License Agreement in or to any software applications that you develop using the SDK, including any intellectual property rights that subsist in those applications.
build	Setup Android SDK	2026-07-29T00:30:03.2796243Z 
build	Setup Android SDK	2026-07-29T00:30:03.2797949Z 4.2 You agree to use the SDK and write applications only for purposes that are permitted by (a) the License Agreement and (b) any applicable law, regulation or generally accepted practices or guidelines in the relevant jurisdictions (including any laws regarding the export of data or software to and from the United States or other relevant countries).
build	Setup Android SDK	2026-07-29T00:30:03.2799554Z 
build	Setup Android SDK	2026-07-29T00:30:03.2803254Z 4.3 You agree that if you use the SDK to develop applications for general public users, you will protect the privacy and legal rights of those users. If the users provide you with user names, passwords, or other login information or personal information, you must make the users aware that the information will be available to your application, and you must provide legally adequate privacy notice and protection for those users. If your application stores personal or sensitive information provided by users, it must do so securely. If the user provides your application with Google Account information, your application may only use that information to access the user's Google Account when, and for the limited purposes for which, the user has given you permission to do so.
build	Setup Android SDK	2026-07-29T00:30:03.2807180Z 
build	Setup Android SDK	2026-07-29T00:30:03.2808647Z 4.4 You agree that you will not engage in any activity with the SDK, including the development or distribution of an application, that interferes with, disrupts, damages, or accesses in an unauthorized manner the servers, networks, or other properties or services of any third party including, but not limited to, Google or any mobile communications carrier.
build	Setup Android SDK	2026-07-29T00:30:03.2810488Z 
build	Setup Android SDK	2026-07-29T00:30:03.2811921Z 4.5 You agree that you are solely responsible for (and that Google has no responsibility to you or to any third party for) any data, content, or resources that you create, transmit or display through Android and/or applications for Android, and for the consequences of your actions (including any loss or damage which Google may suffer) by doing so.
build	Setup Android SDK	2026-07-29T00:30:03.2813257Z 
build	Setup Android SDK	2026-07-29T00:30:03.2814311Z 4.6 You agree that you are solely responsible for (and that Google has no responsibility to you or to any third party for) any breach of your obligations under the License Agreement, any applicable third party contract or Terms of Service, or any applicable law or regulation, and for the consequences (including any loss or damage which Google or any third party may suffer) of any such breach.
build	Setup Android SDK	2026-07-29T00:30:03.2815506Z 
build	Setup Android SDK	2026-07-29T00:30:03.2817248Z 4.7 This software enables the execution of intellectual property owned by Arm Limited. You agree that your use of the software, that allows execution of ARM Instruction Set Architecture (“ISA”) compliant executables for application development and debug only on x86 desktop, laptop, customer on-premise servers, and customer-procured cloud-based environments.
build	Setup Android SDK	2026-07-29T00:30:03.2818375Z 
build	Setup Android SDK	2026-07-29T00:30:03.2818543Z 5. Your Developer Credentials
build	Setup Android SDK	2026-07-29T00:30:03.2818788Z 
build	Setup Android SDK	2026-07-29T00:30:03.2819670Z 5.1 You agree that you are responsible for maintaining the confidentiality of any developer credentials that may be issued to you by Google or which you may choose yourself and that you will be solely responsible for all applications that are developed under your developer credentials.
build	Setup Android SDK	2026-07-29T00:30:03.2820577Z 
build	Setup Android SDK	2026-07-29T00:30:03.2820703Z 6. Privacy and Information
build	Setup Android SDK	2026-07-29T00:30:03.2820939Z 
build	Setup Android SDK	2026-07-29T00:30:03.2822326Z 6.1 In order to continually innovate and improve the SDK, Google may collect certain usage statistics from the software including but not limited to a unique identifier, associated IP address, version number of the software, and information on which tools and/or services in the SDK are being used and how they are being used. Before any of this information is collected, the SDK will notify you and seek your consent. If you withhold consent, the information will not be collected.
build	Setup Android SDK	2026-07-29T00:30:03.2823773Z 
build	Setup Android SDK	2026-07-29T00:30:03.2824207Z 6.2 The data collected is examined in the aggregate to improve the SDK and is maintained in accordance with Google's Privacy Policy.
build	Setup Android SDK	2026-07-29T00:30:03.2824691Z 
build	Setup Android SDK	2026-07-29T00:30:03.2824696Z 
build	Setup Android SDK	2026-07-29T00:30:03.2824857Z 7. Third Party Applications
build	Setup Android SDK	2026-07-29T00:30:03.2825038Z 
build	Setup Android SDK	2026-07-29T00:30:03.2827581Z 7.1 If you use the SDK to run applications developed by a third party or that access data, content or resources provided by a third party, you agree that Google is not responsible for those applications, data, content, or resources. You understand that all data, content or resources which you may access through such third party applications are the sole responsibility of the person from which they originated and that Google is not liable for any loss or damage that you may experience as a result of the use or access of any of those third party applications, data, content, or resources.
build	Setup Android SDK	2026-07-29T00:30:03.2829547Z 
build	Setup Android SDK	2026-07-29T00:30:03.2830863Z 7.2 You should be aware the data, content, and resources presented to you through such a third party application may be protected by intellectual property rights which are owned by the providers (or by other persons or companies on their behalf). You may not modify, rent, lease, loan, sell, distribute or create derivative works based on these data, content, or resources (either in whole or in part) unless you have been specifically given permission to do so by the relevant owners.
build	Setup Android SDK	2026-07-29T00:30:03.2832275Z 
build	Setup Android SDK	2026-07-29T00:30:03.2833055Z 7.3 You acknowledge that your use of such third party applications, data, content, or resources may be subject to separate terms between you and the relevant third party. In that case, the License Agreement does not affect your legal relationship with these third parties.
build	Setup Android SDK	2026-07-29T00:30:03.2833994Z 
build	Setup Android SDK	2026-07-29T00:30:03.2833998Z 
build	Setup Android SDK	2026-07-29T00:30:03.2834161Z 8. Using Android APIs
build	Setup Android SDK	2026-07-29T00:30:03.2834322Z 
build	Setup Android SDK	2026-07-29T00:30:03.2834472Z 8.1 Google Data APIs
build	Setup Android SDK	2026-07-29T00:30:03.2834627Z 
build	Setup Android SDK	2026-07-29T00:30:03.2836004Z 8.1.1 If you use any API to retrieve data from Google, you acknowledge that the data may be protected by intellectual property rights which are owned by Google or those parties that provide the data (or by other persons or companies on their behalf). Your use of any such API may be subject to additional Terms of Service. You may not modify, rent, lease, loan, sell, distribute or create derivative works based on this data (either in whole or in part) unless allowed by the relevant Terms of Service.
build	Setup Android SDK	2026-07-29T00:30:03.2837608Z 
build	Setup Android SDK	2026-07-29T00:30:03.2839908Z 8.1.2 If you use any API to retrieve a user's data from Google, you acknowledge and agree that you shall retrieve data only with the user's explicit consent and only when, and for the limited purposes for which, the user has given you permission to do so. If you use the Android Recognition Service API, documented at the following URL: https://developer.android.com/reference/android/speech/RecognitionService, as updated from time to time, you acknowledge that the use of the API is subject to the Data Processing Addendum for Products where Google is a Data Processor, which is located at the following URL: https://privacy.google.com/businesses/gdprprocessorterms/, as updated from time to time. By clicking to accept, you hereby agree to the terms of the Data Processing Addendum for Products where Google is a Data Processor.
build	Setup Android SDK	2026-07-29T00:30:03.2842591Z 
build	Setup Android SDK	2026-07-29T00:30:03.2842600Z 
build	Setup Android SDK	2026-07-29T00:30:03.2842778Z 9. Terminating the License Agreement
build	Setup Android SDK	2026-07-29T00:30:03.2843010Z 
build	Setup Android SDK	2026-07-29T00:30:03.2843349Z 9.1 The License Agreement will continue to apply until terminated by either you or Google as set out below.
build	Setup Android SDK	2026-07-29T00:30:03.2843730Z 
build	Setup Android SDK	2026-07-29T00:30:03.2844123Z 9.2 If you want to terminate the License Agreement, you may do so by ceasing your use of the SDK and any relevant developer credentials.
build	Setup Android SDK	2026-07-29T00:30:03.2844550Z 
build	Setup Android SDK	2026-07-29T00:30:03.2846361Z 9.3 Google may at any time, terminate the License Agreement with you if: (A) you have breached any provision of the License Agreement; or (B) Google is required to do so by law; or (C) the partner with whom Google offered certain parts of SDK (such as APIs) to you has terminated its relationship with Google or ceased to offer certain parts of the SDK to you; or (D) Google decides to no longer provide the SDK or certain parts of the SDK to users in the country in which you are resident or from which you use the service, or the provision of the SDK or certain SDK services to you by Google is, in Google's sole discretion, no longer commercially viable.
build	Setup Android SDK	2026-07-29T00:30:03.2848616Z 
build	Setup Android SDK	2026-07-29T00:30:03.2849843Z 9.4 When the License Agreement comes to an end, all of the legal rights, obligations and liabilities that you and Google have benefited from, been subject to (or which have accrued over time whilst the License Agreement has been in force) or which are expressed to continue indefinitely, shall be unaffected by this cessation, and the provisions of paragraph 14.7 shall continue to apply to such rights, obligations and liabilities indefinitely.
build	Setup Android SDK	2026-07-29T00:30:03.2851148Z 
build	Setup Android SDK	2026-07-29T00:30:03.2851152Z 
build	Setup Android SDK	2026-07-29T00:30:03.2851322Z 10. DISCLAIMER OF WARRANTIES
build	Setup Android SDK	2026-07-29T00:30:03.2851514Z 
build	Setup Android SDK	2026-07-29T00:30:03.2852226Z 10.1 YOU EXPRESSLY UNDERSTAND AND AGREE THAT YOUR USE OF THE SDK IS AT YOUR SOLE RISK AND THAT THE SDK IS PROVIDED "AS IS" AND "AS AVAILABLE" WITHOUT WARRANTY OF ANY KIND FROM GOOGLE.
build	Setup Android SDK	2026-07-29T00:30:03.2852813Z 
build	Setup Android SDK	2026-07-29T00:30:03.2853522Z 10.2 YOUR USE OF THE SDK AND ANY MATERIAL DOWNLOADED OR OTHERWISE OBTAINED THROUGH THE USE OF THE SDK IS AT YOUR OWN DISCRETION AND RISK AND YOU ARE SOLELY RESPONSIBLE FOR ANY DAMAGE TO YOUR COMPUTER SYSTEM OR OTHER DEVICE OR LOSS OF DATA THAT RESULTS FROM SUCH USE.
build	Setup Android SDK	2026-07-29T00:30:03.2854506Z 
build	Setup Android SDK	2026-07-29T00:30:03.2855247Z 10.3 GOOGLE FURTHER EXPRESSLY DISCLAIMS ALL WARRANTIES AND CONDITIONS OF ANY KIND, WHETHER EXPRESS OR IMPLIED, INCLUDING, BUT NOT LIMITED TO THE IMPLIED WARRANTIES AND CONDITIONS OF MERCHANTABILITY, FITNESS FOR A PARTICULAR PURPOSE AND NON-INFRINGEMENT.
build	Setup Android SDK	2026-07-29T00:30:03.2856082Z 
build	Setup Android SDK	2026-07-29T00:30:03.2856086Z 
build	Setup Android SDK	2026-07-29T00:30:03.2856245Z 11. LIMITATION OF LIABILITY
build	Setup Android SDK	2026-07-29T00:30:03.2856423Z 
build	Setup Android SDK	2026-07-29T00:30:03.2858505Z 11.1 YOU EXPRESSLY UNDERSTAND AND AGREE THAT GOOGLE, ITS SUBSIDIARIES AND AFFILIATES, AND ITS LICENSORS SHALL NOT BE LIABLE TO YOU UNDER ANY THEORY OF LIABILITY FOR ANY DIRECT, INDIRECT, INCIDENTAL, SPECIAL, CONSEQUENTIAL OR EXEMPLARY DAMAGES THAT MAY BE INCURRED BY YOU, INCLUDING ANY LOSS OF DATA, WHETHER OR NOT GOOGLE OR ITS REPRESENTATIVES HAVE BEEN ADVISED OF OR SHOULD HAVE BEEN AWARE OF THE POSSIBILITY OF ANY SUCH LOSSES ARISING.
build	Setup Android SDK	2026-07-29T00:30:03.2859872Z 
build	Setup Android SDK	2026-07-29T00:30:03.2859916Z 
build	Setup Android SDK	2026-07-29T00:30:03.2860042Z 12. Indemnification
build	Setup Android SDK	2026-07-29T00:30:03.2860230Z 
build	Setup Android SDK	2026-07-29T00:30:03.2862220Z 12.1 To the maximum extent permitted by law, you agree to defend, indemnify and hold harmless Google, its affiliates and their respective directors, officers, employees and agents from and against any and all claims, actions, suits or proceedings, as well as any and all losses, liabilities, damages, costs and expenses (including reasonable attorneys fees) arising out of or accruing from (a) your use of the SDK, (b) any application you develop on the SDK that infringes any copyright, trademark, trade secret, trade dress, patent or other intellectual property right of any person or defames any person or violates their rights of publicity or privacy, and (c) any non-compliance by you with the License Agreement.
build	Setup Android SDK	2026-07-29T00:30:03.2864282Z 
build	Setup Android SDK	2026-07-29T00:30:03.2864286Z 
build	Setup Android SDK	2026-07-29T00:30:03.2864464Z 13. Changes to the License Agreement
build	Setup Android SDK	2026-07-29T00:30:03.2864657Z 
build	Setup Android SDK	2026-07-29T00:30:03.2865341Z 13.1 Google may make changes to the License Agreement as it distributes new versions of the SDK. When these changes are made, Google will make a new version of the License Agreement available on the website where the SDK is made available.
build	Setup Android SDK	2026-07-29T00:30:03.2866087Z 
build	Setup Android SDK	2026-07-29T00:30:03.2866091Z 
build	Setup Android SDK	2026-07-29T00:30:03.2866253Z 14. General Legal Terms
build	Setup Android SDK	2026-07-29T00:30:03.2866463Z 
build	Setup Android SDK	2026-07-29T00:30:03.2867535Z 14.1 The License Agreement constitutes the whole legal agreement between you and Google and governs your use of the SDK (excluding any services which Google may provide to you under a separate written agreement), and completely replaces any prior agreements between you and Google in relation to the SDK.
build	Setup Android SDK	2026-07-29T00:30:03.2868503Z 
build	Setup Android SDK	2026-07-29T00:30:03.2869373Z 14.2 You agree that if Google does not exercise or enforce any legal right or remedy which is contained in the License Agreement (or which Google has the benefit of under any applicable law), this will not be taken to be a formal waiver of Google's rights and that those rights or remedies will still be available to Google.
build	Setup Android SDK	2026-07-29T00:30:03.2870463Z 
build	Setup Android SDK	2026-07-29T00:30:03.2871449Z 14.3 If any court of law, having the jurisdiction to decide on this matter, rules that any provision of the License Agreement is invalid, then that provision will be removed from the License Agreement without affecting the rest of the License Agreement. The remaining provisions of the License Agreement will continue to be valid and enforceable.
build	Setup Android SDK	2026-07-29T00:30:03.2872487Z 
build	Setup Android SDK	2026-07-29T00:30:03.2873746Z 14.4 You acknowledge and agree that each member of the group of companies of which Google is the parent shall be third party beneficiaries to the License Agreement and that such other companies shall be entitled to directly enforce, and rely upon, any provision of the License Agreement that confers a benefit on (or rights in favor of) them. Other than this, no other person or company shall be third party beneficiaries to the License Agreement.
build	Setup Android SDK	2026-07-29T00:30:03.2875143Z 
build	Setup Android SDK	2026-07-29T00:30:03.2875900Z 14.5 EXPORT RESTRICTIONS. THE SDK IS SUBJECT TO UNITED STATES EXPORT LAWS AND REGULATIONS. YOU MUST COMPLY WITH ALL DOMESTIC AND INTERNATIONAL EXPORT LAWS AND REGULATIONS THAT APPLY TO THE SDK. THESE LAWS INCLUDE RESTRICTIONS ON DESTINATIONS, END USERS AND END USE.
build	Setup Android SDK	2026-07-29T00:30:03.2876902Z 
build	Setup Android SDK	2026-07-29T00:30:03.2877858Z 14.6 The rights granted in the License Agreement may not be assigned or transferred by either you or Google without the prior written approval of the other party. Neither you nor Google shall be permitted to delegate their responsibilities or obligations under the License Agreement without the prior written approval of the other party.
build	Setup Android SDK	2026-07-29T00:30:03.2878916Z 
build	Setup Android SDK	2026-07-29T00:30:03.2880475Z 14.7 The License Agreement, and your relationship with Google under the License Agreement, shall be governed by the laws of the State of California without regard to its conflict of laws provisions. You and Google agree to submit to the exclusive jurisdiction of the courts located within the county of Santa Clara, California to resolve any legal matter arising from the License Agreement. Notwithstanding this, you agree that Google shall still be allowed to apply for injunctive remedies (or an equivalent type of urgent legal relief) in any jurisdiction.
build	Setup Android SDK	2026-07-29T00:30:03.2882162Z 
build	Setup Android SDK	2026-07-29T00:30:03.2882165Z 
build	Setup Android SDK	2026-07-29T00:30:03.2882283Z January 16, 2019
build	Setup Android SDK	2026-07-29T00:30:03.2882615Z ---------------------------------------
build	Setup Android SDK	2026-07-29T00:30:03.2882961Z Accept? (y/N): 
build	Setup Android SDK	2026-07-29T00:30:03.2883299Z 4/6: License android-sdk-preview-license:
build	Setup Android SDK	2026-07-29T00:30:03.2883674Z ---------------------------------------
build	Setup Android SDK	2026-07-29T00:30:03.2884966Z To get started with the Android SDK Preview, you must agree to the following terms and conditions. As described below, please note that this is a preview version of the Android SDK, subject to change, that you use at your own risk. The Android SDK Preview is not a stable release, and may contain errors and defects that can result in serious damage to your computer systems, devices and data.
build	Setup Android SDK	2026-07-29T00:30:03.2886154Z 
build	Setup Android SDK	2026-07-29T00:30:03.2886409Z This is the Android SDK Preview License Agreement (the "License Agreement").
build	Setup Android SDK	2026-07-29T00:30:03.2886876Z 
build	Setup Android SDK	2026-07-29T00:30:03.2887034Z 1. Introduction
build	Setup Android SDK	2026-07-29T00:30:03.2887194Z 
build	Setup Android SDK	2026-07-29T00:30:03.2888703Z 1.1 The Android SDK Preview (referred to in the License Agreement as the “Preview” and specifically including the Android system files, packaged APIs, and Preview library files, if and when they are made available) is licensed to you subject to the terms of the License Agreement. The License Agreement forms a legally binding contract between you and Google in relation to your use of the Preview.
build	Setup Android SDK	2026-07-29T00:30:03.2889919Z 
build	Setup Android SDK	2026-07-29T00:30:03.2890525Z 1.2 "Android" means the Android software stack for devices, as made available under the Android Open Source Project, which is located at the following URL: http://source.android.com/, as updated from time to time.
build	Setup Android SDK	2026-07-29T00:30:03.2891366Z 
build	Setup Android SDK	2026-07-29T00:30:03.2891847Z 1.3 "Google" means Google Inc., a Delaware corporation with principal place of business at 1600 Amphitheatre Parkway, Mountain View, CA 94043, United States.
build	Setup Android SDK	2026-07-29T00:30:03.2892399Z 
build	Setup Android SDK	2026-07-29T00:30:03.2892529Z 2. Accepting the License Agreement
build	Setup Android SDK	2026-07-29T00:30:03.2892760Z 
build	Setup Android SDK	2026-07-29T00:30:03.2893202Z 2.1 In order to use the Preview, you must first agree to the License Agreement. You may not use the Preview if you do not accept the License Agreement.
build	Setup Android SDK	2026-07-29T00:30:03.2893694Z 
build	Setup Android SDK	2026-07-29T00:30:03.2894019Z 2.2 By clicking to accept and/or using the Preview, you hereby agree to the terms of the License Agreement.
build	Setup Android SDK	2026-07-29T00:30:03.2894391Z 
build	Setup Android SDK	2026-07-29T00:30:03.2895158Z 2.3 You may not use the Preview and may not accept the License Agreement if you are a person barred from receiving the Preview under the laws of the United States or other countries including the country in which you are resident or from which you use the Preview.
build	Setup Android SDK	2026-07-29T00:30:03.2896065Z 
build	Setup Android SDK	2026-07-29T00:30:03.2897436Z 2.4 If you will use the Preview internally within your company or organization you agree to be bound by the License Agreement on behalf of your employer or other entity, and you represent and warrant that you have full legal authority to bind your employer or such entity to the License Agreement. If you do not have the requisite authority, you may not accept the License Agreement or use the Preview on behalf of your employer or other entity.
build	Setup Android SDK	2026-07-29T00:30:03.2898740Z 
build	Setup Android SDK	2026-07-29T00:30:03.2898874Z 3. Preview License from Google
build	Setup Android SDK	2026-07-29T00:30:03.2899099Z 
build	Setup Android SDK	2026-07-29T00:30:03.2899959Z 3.1 Subject to the terms of the License Agreement, Google grants you a royalty-free, non-assignable, non-exclusive, non-sublicensable, limited, revocable license to use the Preview, personally or internally within your company or organization, solely to develop applications to run on the Android platform.
build	Setup Android SDK	2026-07-29T00:30:03.2900990Z 
build	Setup Android SDK	2026-07-29T00:30:03.2902180Z 3.2 You agree that Google or third parties owns all legal right, title and interest in and to the Preview, including any Intellectual Property Rights that subsist in the Preview. "Intellectual Property Rights" means any and all rights under patent law, copyright law, trade secret law, trademark law, and any and all other proprietary rights. Google reserves all rights not expressly granted to you.
build	Setup Android SDK	2026-07-29T00:30:03.2903488Z 
build	Setup Android SDK	2026-07-29T00:30:03.2906257Z 3.3 You may not use the Preview for any purpose not expressly permitted by the License Agreement. Except to the extent required by applicable third party licenses, you may not: (a) copy (except for backup purposes), modify, adapt, redistribute, decompile, reverse engineer, disassemble, or create derivative works of the Preview or any part of the Preview; or (b) load any part of the Preview onto a mobile handset or any other hardware device except a personal computer, combine any part of the Preview with other software, or distribute any software or device incorporating a part of the Preview.
build	Setup Android SDK	2026-07-29T00:30:03.2908223Z 
build	Setup Android SDK	2026-07-29T00:30:03.2909368Z 3.4 You agree that you will not take any actions that may cause or result in the fragmentation of Android, including but not limited to distributing, participating in the creation of, or promoting in any way a software development kit derived from the Preview.
build	Setup Android SDK	2026-07-29T00:30:03.2910361Z 
build	Setup Android SDK	2026-07-29T00:30:03.2911574Z 3.5 Use, reproduction and distribution of components of the Preview licensed under an open source software license are governed solely by the terms of that open source software license and not the License Agreement. You agree to remain a licensee in good standing in regard to such open source software licenses under all the rights granted and to refrain from any actions that may terminate, suspend, or breach such rights.
build	Setup Android SDK	2026-07-29T00:30:03.2912833Z 
build	Setup Android SDK	2026-07-29T00:30:03.2914180Z 3.6 You agree that the form and nature of the Preview that Google provides may change without prior notice to you and that future versions of the Preview may be incompatible with applications developed on previous versions of the Preview. You agree that Google may stop (permanently or temporarily) providing the Preview (or any features within the Preview) to you or to users generally at Google's sole discretion, without prior notice to you.
build	Setup Android SDK	2026-07-29T00:30:03.2915734Z 
build	Setup Android SDK	2026-07-29T00:30:03.2916374Z 3.7 Nothing in the License Agreement gives you a right to use any of Google's trade names, trademarks, service marks, logos, domain names, or other distinctive brand features.
build	Setup Android SDK	2026-07-29T00:30:03.2917283Z 
build	Setup Android SDK	2026-07-29T00:30:03.2917867Z 3.8 You agree that you will not remove, obscure, or alter any proprietary rights notices (including copyright and trademark notices) that may be affixed to or contained within the Preview.
build	Setup Android SDK	2026-07-29T00:30:03.2919586Z 
build	Setup Android SDK	2026-07-29T00:30:03.2919772Z 4. Use of the Preview by You
build	Setup Android SDK	2026-07-29T00:30:03.2919969Z 
build	Setup Android SDK	2026-07-29T00:30:03.2920859Z 4.1 Google agrees that nothing in the License Agreement gives Google any right, title or interest from you (or your licensors) under the License Agreement in or to any software applications that you develop using the Preview, including any intellectual property rights that subsist in those applications.
build	Setup Android SDK	2026-07-29T00:30:03.2921933Z 
build	Setup Android SDK	2026-07-29T00:30:03.2922923Z 4.2 You agree to use the Preview and write applications only for purposes that are permitted by (a) the License Agreement, and (b) any applicable law, regulation or generally accepted practices or guidelines in the relevant jurisdictions (including any laws regarding the export of data or software to and from the United States or other relevant countries).
build	Setup Android SDK	2026-07-29T00:30:03.2924021Z 
build	Setup Android SDK	2026-07-29T00:30:03.2926065Z 4.3 You agree that if you use the Preview to develop applications, you will protect the privacy and legal rights of users. If users provide you with user names, passwords, or other login information or personal information, you must make the users aware that the information will be available to your application, and you must provide legally adequate privacy notice and protection for those users. If your application stores personal or sensitive information provided by users, it must do so securely. If users provide you with Google Account information, your application may only use that information to access the user's Google Account when, and for the limited purposes for which, each user has given you permission to do so.
build	Setup Android SDK	2026-07-29T00:30:03.2928356Z 
build	Setup Android SDK	2026-07-29T00:30:03.2929390Z 4.4 You agree that you will not engage in any activity with the Preview, including the development or distribution of an application, that interferes with, disrupts, damages, or accesses in an unauthorized manner the servers, networks, or other properties or services of Google or any third party.
build	Setup Android SDK	2026-07-29T00:30:03.2930482Z 
build	Setup Android SDK	2026-07-29T00:30:03.2931443Z 4.5 You agree that you are solely responsible for (and that Google has no responsibility to you or to any third party for) any data, content, or resources that you create, transmit or display through Android and/or applications for Android, and for the consequences of your actions (including any loss or damage which Google may suffer) by doing so.
build	Setup Android SDK	2026-07-29T00:30:03.2932552Z 
build	Setup Android SDK	2026-07-29T00:30:03.2933656Z 4.6 You agree that you are solely responsible for (and that Google has no responsibility to you or to any third party for) any breach of your obligations under the License Agreement, any applicable third party contract or Terms of Service, or any applicable law or regulation, and for the consequences (including any loss or damage which Google or any third party may suffer) of any such breach.
build	Setup Android SDK	2026-07-29T00:30:03.2934820Z 
build	Setup Android SDK	2026-07-29T00:30:03.2936203Z 4.7 The Preview is in development, and your testing and feedback are an important part of the development process. By using the Preview, you acknowledge that implementation of some features are still under development and that you should not rely on the Preview having the full functionality of a stable release. You agree not to publicly distribute or ship any application using this Preview as this Preview will no longer be supported after the official Android SDK is released.
build	Setup Android SDK	2026-07-29T00:30:03.2937889Z 
build	Setup Android SDK	2026-07-29T00:30:03.2938029Z 5. Your Developer Credentials
build	Setup Android SDK	2026-07-29T00:30:03.2938234Z 
build	Setup Android SDK	2026-07-29T00:30:03.2939062Z 5.1 You agree that you are responsible for maintaining the confidentiality of any developer credentials that may be issued to you by Google or which you may choose yourself and that you will be solely responsible for all applications that are developed under your developer credentials.
build	Setup Android SDK	2026-07-29T00:30:03.2939967Z 
build	Setup Android SDK	2026-07-29T00:30:03.2940132Z 6. Privacy and Information
build	Setup Android SDK	2026-07-29T00:30:03.2940309Z 
build	Setup Android SDK	2026-07-29T00:30:03.2941688Z 6.1 In order to continually innovate and improve the Preview, Google may collect certain usage statistics from the software including but not limited to a unique identifier, associated IP address, version number of the software, and information on which tools and/or services in the Preview are being used and how they are being used. Before any of this information is collected, the Preview will notify you and seek your consent. If you withhold consent, the information will not be collected.
build	Setup Android SDK	2026-07-29T00:30:03.2943406Z 
build	Setup Android SDK	2026-07-29T00:30:03.2943978Z 6.2 The data collected is examined in the aggregate to improve the Preview and is maintained in accordance with Google's Privacy Policy located at http://www.google.com/policies/privacy/.
build	Setup Android SDK	2026-07-29T00:30:03.2944616Z 
build	Setup Android SDK	2026-07-29T00:30:03.2944743Z 7. Third Party Applications
build	Setup Android SDK	2026-07-29T00:30:03.2944977Z 
build	Setup Android SDK	2026-07-29T00:30:03.2947667Z 7.1 If you use the Preview to run applications developed by a third party or that access data, content or resources provided by a third party, you agree that Google is not responsible for those applications, data, content, or resources. You understand that all data, content or resources which you may access through such third party applications are the sole responsibility of the person from which they originated and that Google is not liable for any loss or damage that you may experience as a result of the use or access of any of those third party applications, data, content, or resources.
build	Setup Android SDK	2026-07-29T00:30:03.2949877Z 
build	Setup Android SDK	2026-07-29T00:30:03.2951236Z 7.2 You should be aware the data, content, and resources presented to you through such a third party application may be protected by intellectual property rights which are owned by the providers (or by other persons or companies on their behalf). You may not modify, rent, lease, loan, sell, distribute or create derivative works based on these data, content, or resources (either in whole or in part) unless you have been specifically given permission to do so by the relevant owners.
build	Setup Android SDK	2026-07-29T00:30:03.2952670Z 
build	Setup Android SDK	2026-07-29T00:30:03.2953132Z 7.3 You acknowledge that your use of such third party applications, data, content, or resources may be subject to separate terms between you and the relevant third party.
build	Setup Android SDK	2026-07-29T00:30:03.2953783Z 
build	Setup Android SDK	2026-07-29T00:30:03.2953897Z 8. Using Google APIs
build	Setup Android SDK	2026-07-29T00:30:03.2954101Z 
build	Setup Android SDK	2026-07-29T00:30:03.2954213Z 8.1 Google APIs
build	Setup Android SDK	2026-07-29T00:30:03.2954380Z 
build	Setup Android SDK	2026-07-29T00:30:03.2955748Z 8.1.1 If you use any API to retrieve data from Google, you acknowledge that the data may be protected by intellectual property rights which are owned by Google or those parties that provide the data (or by other persons or companies on their behalf). Your use of any such API may be subject to additional Terms of Service. You may not modify, rent, lease, loan, sell, distribute or create derivative works based on this data (either in whole or in part) unless allowed by the relevant Terms of Service.
build	Setup Android SDK	2026-07-29T00:30:03.2957457Z 
build	Setup Android SDK	2026-07-29T00:30:03.2958196Z 8.1.2 If you use any API to retrieve a user's data from Google, you acknowledge and agree that you shall retrieve data only with the user's explicit consent and only when, and for the limited purposes for which, the user has given you permission to do so.
build	Setup Android SDK	2026-07-29T00:30:03.2959105Z 
build	Setup Android SDK	2026-07-29T00:30:03.2959230Z 9. Terminating the License Agreement
build	Setup Android SDK	2026-07-29T00:30:03.2959522Z 
build	Setup Android SDK	2026-07-29T00:30:03.2959837Z 9.1 the License Agreement will continue to apply until terminated by either you or Google as set out below.
build	Setup Android SDK	2026-07-29T00:30:03.2960249Z 
build	Setup Android SDK	2026-07-29T00:30:03.2960620Z 9.2 If you want to terminate the License Agreement, you may do so by ceasing your use of the Preview and any relevant developer credentials.
build	Setup Android SDK	2026-07-29T00:30:03.2961098Z 
build	Setup Android SDK	2026-07-29T00:30:03.2961407Z 9.3 Google may at any time, terminate the License Agreement, with or without cause, upon notice to you.
build	Setup Android SDK	2026-07-29T00:30:03.2962186Z 
build	Setup Android SDK	2026-07-29T00:30:03.2963121Z 9.4 The License Agreement will automatically terminate without notice or other action upon the earlier of: (A) when Google ceases to provide the Preview or certain parts of the Preview to users in the country in which you are resident or from which you use the service; and (B) Google issues a final release version of the Android SDK.
build	Setup Android SDK	2026-07-29T00:30:03.2964116Z 
build	Setup Android SDK	2026-07-29T00:30:03.2964921Z 9.5 When the License Agreement is terminated, the license granted to you in the License Agreement will terminate, you will immediately cease all use of the Preview, and the provisions of paragraphs 10, 11, 12 and 14 shall survive indefinitely.
build	Setup Android SDK	2026-07-29T00:30:03.2965685Z 
build	Setup Android SDK	2026-07-29T00:30:03.2965853Z 10. DISCLAIMERS
build	Setup Android SDK	2026-07-29T00:30:03.2965999Z 
build	Setup Android SDK	2026-07-29T00:30:03.2966552Z 10.1 YOU EXPRESSLY UNDERSTAND AND AGREE THAT YOUR USE OF THE PREVIEW IS AT YOUR SOLE RISK AND THAT THE PREVIEW IS PROVIDED "AS IS" AND "AS AVAILABLE" WITHOUT WARRANTY OF ANY KIND FROM GOOGLE.
build	Setup Android SDK	2026-07-29T00:30:03.2967325Z 
build	Setup Android SDK	2026-07-29T00:30:03.2968876Z 10.2 YOUR USE OF THE PREVIEW AND ANY MATERIAL DOWNLOADED OR OTHERWISE OBTAINED THROUGH THE USE OF THE PREVIEW IS AT YOUR OWN DISCRETION AND RISK AND YOU ARE SOLELY RESPONSIBLE FOR ANY DAMAGE TO YOUR COMPUTER SYSTEM OR OTHER DEVICE OR LOSS OF DATA THAT RESULTS FROM SUCH USE. WITHOUT LIMITING THE FOREGOING, YOU UNDERSTAND THAT THE PREVIEW IS NOT A STABLE RELEASE AND MAY CONTAIN ERRORS, DEFECTS AND SECURITY VULNERABILITIES THAT CAN RESULT IN SIGNIFICANT DAMAGE, INCLUDING THE COMPLETE, IRRECOVERABLE LOSS OF USE OF YOUR COMPUTER SYSTEM OR OTHER DEVICE.
build	Setup Android SDK	2026-07-29T00:30:03.2970554Z 
build	Setup Android SDK	2026-07-29T00:30:03.2971319Z 10.3 GOOGLE FURTHER EXPRESSLY DISCLAIMS ALL WARRANTIES AND CONDITIONS OF ANY KIND, WHETHER EXPRESS OR IMPLIED, INCLUDING, BUT NOT LIMITED TO THE IMPLIED WARRANTIES AND CONDITIONS OF MERCHANTABILITY, FITNESS FOR A PARTICULAR PURPOSE AND NON-INFRINGEMENT.
build	Setup Android SDK	2026-07-29T00:30:03.2972126Z 
build	Setup Android SDK	2026-07-29T00:30:03.2972300Z 11. LIMITATION OF LIABILITY
build	Setup Android SDK	2026-07-29T00:30:03.2972491Z 
build	Setup Android SDK	2026-07-29T00:30:03.2973743Z 11.1 YOU EXPRESSLY UNDERSTAND AND AGREE THAT GOOGLE, ITS SUBSIDIARIES AND AFFILIATES, AND ITS LICENSORS SHALL NOT BE LIABLE TO YOU UNDER ANY THEORY OF LIABILITY FOR ANY DIRECT, INDIRECT, INCIDENTAL, SPECIAL, CONSEQUENTIAL OR EXEMPLARY DAMAGES THAT MAY BE INCURRED BY YOU, INCLUDING ANY LOSS OF DATA, WHETHER OR NOT GOOGLE OR ITS REPRESENTATIVES HAVE BEEN ADVISED OF OR SHOULD HAVE BEEN AWARE OF THE POSSIBILITY OF ANY SUCH LOSSES ARISING.
build	Setup Android SDK	2026-07-29T00:30:03.2975053Z 
build	Setup Android SDK	2026-07-29T00:30:03.2975167Z 12. Indemnification
build	Setup Android SDK	2026-07-29T00:30:03.2975339Z 
build	Setup Android SDK	2026-07-29T00:30:03.2977881Z 12.1 To the maximum extent permitted by law, you agree to defend, indemnify and hold harmless Google, its affiliates and their respective directors, officers, employees and agents from and against any and all claims, actions, suits or proceedings, as well as any and all losses, liabilities, damages, costs and expenses (including reasonable attorneys’ fees) arising out of or accruing from (a) your use of the Preview, (b) any application you develop on the Preview that infringes any Intellectual Property Rights of any person or defames any person or violates their rights of publicity or privacy, and (c) any non-compliance by you of the License Agreement.
build	Setup Android SDK	2026-07-29T00:30:03.2979794Z 
build	Setup Android SDK	2026-07-29T00:30:03.2979958Z 13. Changes to the License Agreement
build	Setup Android SDK	2026-07-29T00:30:03.2980266Z 
build	Setup Android SDK	2026-07-29T00:30:03.2980957Z 13.1 Google may make changes to the License Agreement as it distributes new versions of the Preview. When these changes are made, Google will make a new version of the License Agreement available on the website where the Preview is made available.
build	Setup Android SDK	2026-07-29T00:30:03.2981787Z 
build	Setup Android SDK	2026-07-29T00:30:03.2981903Z 14. General Legal Terms
build	Setup Android SDK	2026-07-29T00:30:03.2982098Z 
build	Setup Android SDK	2026-07-29T00:30:03.2982962Z 14.1 the License Agreement constitutes the whole legal agreement between you and Google and governs your use of the Preview (excluding any services which Google may provide to you under a separate written agreement), and completely replaces any prior agreements between you and Google in relation to the Preview.
build	Setup Android SDK	2026-07-29T00:30:03.2983949Z 
build	Setup Android SDK	2026-07-29T00:30:03.2984835Z 14.2 You agree that if Google does not exercise or enforce any legal right or remedy which is contained in the License Agreement (or which Google has the benefit of under any applicable law), this will not be taken to be a formal waiver of Google's rights and that those rights or remedies will still be available to Google.
build	Setup Android SDK	2026-07-29T00:30:03.2985889Z 
build	Setup Android SDK	2026-07-29T00:30:03.2986995Z 14.3 If any court of law, having the jurisdiction to decide on this matter, rules that any provision of the License Agreement is invalid, then that provision will be removed from the License Agreement without affecting the rest of the License Agreement. The remaining provisions of the License Agreement will continue to be valid and enforceable.
build	Setup Android SDK	2026-07-29T00:30:03.2988036Z 
build	Setup Android SDK	2026-07-29T00:30:03.2989604Z 14.4 You acknowledge and agree that each member of the group of companies of which Google is the parent shall be third party beneficiaries to the License Agreement and that such other companies shall be entitled to directly enforce, and rely upon, any provision of the License Agreement that confers a benefit on (or rights in favor of) them. Other than this, no other person or company shall be third party beneficiaries to the License Agreement.
build	Setup Android SDK	2026-07-29T00:30:03.2991290Z 
build	Setup Android SDK	2026-07-29T00:30:03.2992060Z 14.5 EXPORT RESTRICTIONS. THE PREVIEW IS SUBJECT TO UNITED STATES EXPORT LAWS AND REGULATIONS. YOU MUST COMPLY WITH ALL DOMESTIC AND INTERNATIONAL EXPORT LAWS AND REGULATIONS THAT APPLY TO THE PREVIEW. THESE LAWS INCLUDE RESTRICTIONS ON DESTINATIONS, END USERS AND END USE.
build	Setup Android SDK	2026-07-29T00:30:03.2992927Z 
build	Setup Android SDK	2026-07-29T00:30:03.2993856Z 14.6 The License Agreement may not be assigned or transferred by you without the prior written approval of Google, and any attempted assignment without such approval will be void. You shall not delegate your responsibilities or obligations under the License Agreement without the prior written approval of Google.
build	Setup Android SDK	2026-07-29T00:30:03.2994801Z 
build	Setup Android SDK	2026-07-29T00:30:03.2996377Z 14.7 The License Agreement, and your relationship with Google under the License Agreement, shall be governed by the laws of the State of California without regard to its conflict of laws provisions. You and Google agree to submit to the exclusive jurisdiction of the courts located within the county of Santa Clara, California to resolve any legal matter arising from the License Agreement. Notwithstanding this, you agree that Google shall still be allowed to apply for injunctive remedies (or an equivalent type of urgent legal relief) in any jurisdiction.
build	Setup Android SDK	2026-07-29T00:30:03.2998282Z 
build	Setup Android SDK	2026-07-29T00:30:03.2998404Z June 2014.
build	Setup Android SDK	2026-07-29T00:30:03.2998691Z ---------------------------------------
build	Setup Android SDK	2026-07-29T00:30:03.2999073Z Accept? (y/N): 
build	Setup Android SDK	2026-07-29T00:30:03.2999385Z 5/6: License google-gdk-license:
build	Setup Android SDK	2026-07-29T00:30:03.2999736Z ---------------------------------------
build	Setup Android SDK	2026-07-29T00:30:03.3000610Z This is a Developer Preview of the GDK that is subject to change.
build	Setup Android SDK	2026-07-29T00:30:03.3000918Z 
build	Setup Android SDK	2026-07-29T00:30:03.3001033Z Terms and Conditions
build	Setup Android SDK	2026-07-29T00:30:03.3001231Z 
build	Setup Android SDK	2026-07-29T00:30:03.3001440Z This is the Glass Development Kit License Agreement.
build	Setup Android SDK	2026-07-29T00:30:03.3001679Z 
build	Setup Android SDK	2026-07-29T00:30:03.3001820Z 1. Introduction
build	Setup Android SDK	2026-07-29T00:30:03.3001966Z 
build	Setup Android SDK	2026-07-29T00:30:03.3003412Z 1.1 The Glass Development Kit (referred to in this License Agreement as the "GDK" and specifically including the Android system files, packaged APIs, and GDK library files, if and when they are made available) is licensed to you subject to the terms of this License Agreement. This License Agreement forms a legally binding contract between you and Google in relation to your use of the GDK.
build	Setup Android SDK	2026-07-29T00:30:03.3004584Z 
build	Setup Android SDK	2026-07-29T00:30:03.3004855Z 1.2 "Glass" means Glass devices and the Glass software stack for use on Glass devices.
build	Setup Android SDK	2026-07-29T00:30:03.3005217Z 
build	Setup Android SDK	2026-07-29T00:30:03.3005222Z 
build	Setup Android SDK	2026-07-29T00:30:03.3005824Z 1.3 "Android" means the Android software stack for devices, as made available under the Android Open Source Project, which is located at the following URL: http://source.android.com/, as updated from time to time.
build	Setup Android SDK	2026-07-29T00:30:03.3006520Z 
build	Setup Android SDK	2026-07-29T00:30:03.3007119Z 1.4 "Google" means Google Inc., a Delaware corporation with principal place of business at 1600 Amphitheatre Parkway, Mountain View, CA 94043, United States.
build	Setup Android SDK	2026-07-29T00:30:03.3007679Z 
build	Setup Android SDK	2026-07-29T00:30:03.3007873Z 2. Accepting this License Agreement
build	Setup Android SDK	2026-07-29T00:30:03.3008106Z 
build	Setup Android SDK	2026-07-29T00:30:03.3008556Z 2.1 In order to use the GDK, you must first agree to this License Agreement. You may not use the GDK if you do not accept this License Agreement.
build	Setup Android SDK	2026-07-29T00:30:03.3009028Z 
build	Setup Android SDK	2026-07-29T00:30:03.3009290Z 2.2 By clicking to accept, you hereby agree to the terms of this License Agreement.
build	Setup Android SDK	2026-07-29T00:30:03.3009602Z 
build	Setup Android SDK	2026-07-29T00:30:03.3010310Z 2.3 You may not use the GDK and may not accept the License Agreement if you are a person barred from receiving the GDK under the laws of the United States or other countries including the country in which you are resident or from which you use the GDK.
build	Setup Android SDK	2026-07-29T00:30:03.3011044Z 
build	Setup Android SDK	2026-07-29T00:30:03.3012376Z 2.4 If you are agreeing to be bound by this License Agreement on behalf of your employer or other entity, you represent and warrant that you have full legal authority to bind your employer or such entity to this License Agreement. If you do not have the requisite authority, you may not accept the License Agreement or use the GDK on behalf of your employer or other entity.
build	Setup Android SDK	2026-07-29T00:30:03.3014178Z 
build	Setup Android SDK	2026-07-29T00:30:03.3014346Z 3. GDK License from Google
build	Setup Android SDK	2026-07-29T00:30:03.3014717Z 
build	Setup Android SDK	2026-07-29T00:30:03.3015804Z 3.1 Subject to the terms of this License Agreement, Google grants you a limited, worldwide, royalty-free, non-assignable and non-exclusive license to use the GDK solely to develop applications to run on the Glass platform for Glass devices.
build	Setup Android SDK	2026-07-29T00:30:03.3017272Z 
build	Setup Android SDK	2026-07-29T00:30:03.3019181Z 3.2 You agree that Google or third parties own all legal right, title and interest in and to the GDK, including any Intellectual Property Rights that subsist in the GDK. "Intellectual Property Rights" means any and all rights under patent law, copyright law, trade secret law, trademark law, and any and all other proprietary rights. Google reserves all rights not expressly granted to you.
build	Setup Android SDK	2026-07-29T00:30:03.3021239Z 
build	Setup Android SDK	2026-07-29T00:30:03.3024028Z 3.3 You may not use the GDK for any purpose not expressly permitted by this License Agreement. Except to the extent required by applicable third party licenses, you may not: (a) copy (except for backup purposes), modify, adapt, redistribute, decompile, reverse engineer, disassemble, or create derivative works of the GDK or any part of the GDK; or (b) load any part of the GDK onto a mobile handset or wearable computing device or any other hardware device except a Glass device personal computer, combine any part of the GDK with other software, or distribute any software or device incorporating a part of the GDK.
build	Setup Android SDK	2026-07-29T00:30:03.3027202Z 
build	Setup Android SDK	2026-07-29T00:30:03.3028345Z 3.4 You agree that you will not take any actions that may cause or result in the fragmentation of Glass, including but not limited to distributing, participating in the creation of, or promoting in any way a software development kit derived from the GDK.
build	Setup Android SDK	2026-07-29T00:30:03.3029657Z 
build	Setup Android SDK	2026-07-29T00:30:03.3030325Z 3.5 Use, reproduction and distribution of components of the GDK licensed under an open source software license are governed solely by the terms of that open source software license and not this License Agreement.
build	Setup Android SDK	2026-07-29T00:30:03.3031008Z 
build	Setup Android SDK	2026-07-29T00:30:03.3032207Z 3.6 You agree that the form and nature of the GDK that Google provides may change without prior notice to you and that future versions of the GDK may be incompatible with applications developed on previous versions of the GDK. You agree that Google may stop (permanently or temporarily) providing the GDK (or any features within the GDK) to you or to users generally at Google's sole discretion, without prior notice to you.
build	Setup Android SDK	2026-07-29T00:30:03.3033486Z 
build	Setup Android SDK	2026-07-29T00:30:03.3033974Z 3.7 Nothing in this License Agreement gives you a right to use any of Google's trade names, trademarks, service marks, logos, domain names, or other distinctive brand features.
build	Setup Android SDK	2026-07-29T00:30:03.3034564Z 
build	Setup Android SDK	2026-07-29T00:30:03.3035080Z 3.8 You agree that you will not remove, obscure, or alter any proprietary rights notices (including copyright and trademark notices) that may be affixed to or contained within the GDK.
build	Setup Android SDK	2026-07-29T00:30:03.3035785Z 
build	Setup Android SDK	2026-07-29T00:30:03.3035790Z 
build	Setup Android SDK	2026-07-29T00:30:03.3037040Z 3.9 Your use of any Android system files, packaged APIs, or other components of the GDK which are part of the Android Software Development Kit is subject to the terms of the Android Software Development Kit License Agreement located at http://developer.android.com/sdk/terms.html. These terms are hereby incorporated by reference into this License Agreement.
build	Setup Android SDK	2026-07-29T00:30:03.3038243Z 
build	Setup Android SDK	2026-07-29T00:30:03.3038409Z 4. Use of the GDK by You
build	Setup Android SDK	2026-07-29T00:30:03.3038588Z 
build	Setup Android SDK	2026-07-29T00:30:03.3039361Z 4.1 Google agrees that it obtains no right, title or interest from you (or your licensors) under this License Agreement in or to any software applications that you develop using the GDK, including any intellectual property rights that subsist in those applications.
build	Setup Android SDK	2026-07-29T00:30:03.3040221Z 
build	Setup Android SDK	2026-07-29T00:30:03.3041724Z 4.2 You agree to use the GDK and write applications only for purposes that are permitted by (a) this License Agreement, (b) the Glass Platform Developer Policies (located at https://developers.google.com/glass/policies, and hereby incorporated into this License Agreement by reference), and (c) any applicable law, regulation or generally accepted practices or guidelines in the relevant jurisdictions (including any laws regarding the export of data or software to and from the United States or other relevant countries).
build	Setup Android SDK	2026-07-29T00:30:03.3043256Z 
build	Setup Android SDK	2026-07-29T00:30:03.3045405Z 4.3 You agree that if you use the GDK to develop applications for general public users, you will protect the privacy and legal rights of those users. If the users provide you with user names, passwords, or other login information or personal information, you must make the users aware that the information will be available to your application, and you must provide legally adequate privacy notice and protection for those users. If your application stores personal or sensitive information provided by users, it must do so securely. If the user provides your application with Google Account information, your application may only use that information to access the user's Google Account when, and for the limited purposes for which, the user has given you permission to do so.
build	Setup Android SDK	2026-07-29T00:30:03.3047825Z 
build	Setup Android SDK	2026-07-29T00:30:03.3048701Z 4.4 You agree that you will not engage in any activity with the GDK, including the development or distribution of an application, that interferes with, disrupts, damages, or accesses in an unauthorized manner the servers, networks, or other properties or services of any third party including, but not limited to, Google.
build	Setup Android SDK	2026-07-29T00:30:03.3049713Z 
build	Setup Android SDK	2026-07-29T00:30:03.3050656Z 4.5 You agree that you are solely responsible for (and that Google has no responsibility to you or to any third party for) any data, content, or resources that you create, transmit or display through Glass and/or applications for Glass, and for the consequences of your actions (including any loss or damage which Google may suffer) by doing so.
build	Setup Android SDK	2026-07-29T00:30:03.3051787Z 
build	Setup Android SDK	2026-07-29T00:30:03.3052922Z 4.6 You agree that you are solely responsible for (and that Google has no responsibility to you or to any third party for) any breach of your obligations under this License Agreement, any applicable third party contract or Terms of Service, or any applicable law or regulation, and for the consequences (including any loss or damage which Google or any third party may suffer) of any such breach.
build	Setup Android SDK	2026-07-29T00:30:03.3054099Z 
build	Setup Android SDK	2026-07-29T00:30:03.3054103Z 
build	Setup Android SDK	2026-07-29T00:30:03.3055131Z 4.7 The GDK is in development, and your testing and feedback are an important part of the development process. By using the GDK, you acknowledge that implementation of some features are still under development and that you should not rely on the GDK, Glass devices, Glass system software, Google Mirror API, or Glass services having the full functionality of a stable release.
build	Setup Android SDK	2026-07-29T00:30:03.3056319Z 
build	Setup Android SDK	2026-07-29T00:30:03.3056438Z 5. Your Developer Credentials
build	Setup Android SDK	2026-07-29T00:30:03.3056869Z 
build	Setup Android SDK	2026-07-29T00:30:03.3057700Z 5.1 You agree that you are responsible for maintaining the confidentiality of any developer credentials that may be issued to you by Google or which you may choose yourself and that you will be solely responsible for all applications that are developed under your developer credentials.
build	Setup Android SDK	2026-07-29T00:30:03.3058601Z 
build	Setup Android SDK	2026-07-29T00:30:03.3058763Z 6. Privacy and Information
build	Setup Android SDK	2026-07-29T00:30:03.3058922Z 
build	Setup Android SDK	2026-07-29T00:30:03.3058927Z 
build	Setup Android SDK	2026-07-29T00:30:03.3060320Z 6.1 In order to continually innovate and improve the GDK, Google may collect certain usage statistics from the software including but not limited to a unique identifier, associated IP address, version number of the software, and information on which tools and/or services in the GDK are being used and how they are being used. Before any of this information is collected, the GDK will notify you and seek your consent. If you withhold consent, the information will not be collected.
build	Setup Android SDK	2026-07-29T00:30:03.3062089Z 
build	Setup Android SDK	2026-07-29T00:30:03.3062468Z 6.2 The data collected is examined in the aggregate to improve the GDK and is maintained in accordance with Google's Privacy Policy.
build	Setup Android SDK	2026-07-29T00:30:03.3062956Z 
build	Setup Android SDK	2026-07-29T00:30:03.3063066Z 7. Third Party Applications
build	Setup Android SDK	2026-07-29T00:30:03.3063345Z 
build	Setup Android SDK	2026-07-29T00:30:03.3065780Z 7.1 If you use the GDK to run applications developed by a third party or that access data, content or resources provided by a third party, you agree that Google is not responsible for those applications, data, content, or resources. You understand that all data, content or resources which you may access through such third party applications are the sole responsibility of the person from which they originated and that Google is not liable for any loss or damage that you may experience as a result of the use or access of any of those third party applications, data, content, or resources.
build	Setup Android SDK	2026-07-29T00:30:03.3068993Z 
build	Setup Android SDK	2026-07-29T00:30:03.3071442Z 7.2 You should be aware the data, content, and resources presented to you through such a third party application may be protected by intellectual property rights which are owned by the providers (or by other persons or companies on their behalf). You may not modify, rent, lease, loan, sell, distribute or create derivative works based on these data, content, or resources (either in whole or in part) unless you have been specifically given permission to do so by the relevant owners.
build	Setup Android SDK	2026-07-29T00:30:03.3074111Z 
build	Setup Android SDK	2026-07-29T00:30:03.3075546Z 7.3 You acknowledge that your use of such third party applications, data, content, or resources may be subject to separate terms between you and the relevant third party. In that case, this License Agreement does not affect your legal relationship with these third parties.
build	Setup Android SDK	2026-07-29T00:30:03.3077326Z 
build	Setup Android SDK	2026-07-29T00:30:03.3077716Z 8. Using Google APIs
build	Setup Android SDK	2026-07-29T00:30:03.3078447Z 
build	Setup Android SDK	2026-07-29T00:30:03.3078730Z 8.1 Google APIs
build	Setup Android SDK	2026-07-29T00:30:03.3079034Z 
build	Setup Android SDK	2026-07-29T00:30:03.3081266Z 8.1.1 If you use any API to retrieve data from Google, you acknowledge that the data may be protected by intellectual property rights which are owned by Google or those parties that provide the data (or by other persons or companies on their behalf). Your use of any such API may be subject to additional Terms of Service. You may not modify, rent, lease, loan, sell, distribute or create derivative works based on this data (either in whole or in part) unless allowed by the relevant Terms of Service.
build	Setup Android SDK	2026-07-29T00:30:03.3083696Z 
build	Setup Android SDK	2026-07-29T00:30:03.3084993Z 8.1.2 If you use any API to retrieve a user's data from Google, you acknowledge and agree that you shall retrieve data only with the user's explicit consent and only when, and for the limited purposes for which, the user has given you permission to do so.
build	Setup Android SDK	2026-07-29T00:30:03.3086417Z 
build	Setup Android SDK	2026-07-29T00:30:03.3086637Z 9. Terminating this License Agreement
build	Setup Android SDK	2026-07-29T00:30:03.3087133Z 
build	Setup Android SDK	2026-07-29T00:30:03.3087896Z 9.1 This License Agreement will continue to apply until terminated by either you or Google as set out below.
build	Setup Android SDK	2026-07-29T00:30:03.3088822Z 
build	Setup Android SDK	2026-07-29T00:30:03.3089563Z 9.2 If you want to terminate this License Agreement, you may do so by ceasing your use of the GDK and any relevant developer credentials.
build	Setup Android SDK	2026-07-29T00:30:03.3090680Z 
build	Setup Android SDK	2026-07-29T00:30:03.3094296Z 9.3 Google may at any time, terminate this License Agreement with you if: (A) you have breached any provision of this License Agreement; or (B) Google is required to do so by law; or (C) the partner with whom Google offered certain parts of GDK (such as APIs) to you has terminated its relationship with Google or ceased to offer certain parts of the GDK to you; or (D) Google decides to no longer provide the GDK or certain parts of the GDK to users in the country in which you are resident or from which you use the service, or the provision of the GDK or certain GDK services to you by Google is, in Google's sole discretion, no longer commercially viable.
build	Setup Android SDK	2026-07-29T00:30:03.3097789Z 
build	Setup Android SDK	2026-07-29T00:30:03.3100141Z 9.4 When this License Agreement comes to an end, all of the legal rights, obligations and liabilities that you and Google have benefited from, been subject to (or which have accrued over time whilst this License Agreement has been in force) or which are expressed to continue indefinitely, shall be unaffected by this cessation, and the provisions of paragraph 14.7 shall continue to apply to such rights, obligations and liabilities indefinitely.
build	Setup Android SDK	2026-07-29T00:30:03.3102632Z 
build	Setup Android SDK	2026-07-29T00:30:03.3102837Z 10. DISCLAIMER OF WARRANTIES
build	Setup Android SDK	2026-07-29T00:30:03.3103163Z 
build	Setup Android SDK	2026-07-29T00:30:03.3104059Z 10.1 YOU EXPRESSLY UNDERSTAND AND AGREE THAT YOUR USE OF THE GDK IS AT YOUR SOLE RISK AND THAT THE GDK IS PROVIDED "AS IS" AND "AS AVAILABLE" WITHOUT WARRANTY OF ANY KIND FROM GOOGLE.
build	Setup Android SDK	2026-07-29T00:30:03.3105103Z 
build	Setup Android SDK	2026-07-29T00:30:03.3106458Z 10.2 YOUR USE OF THE GDK AND ANY MATERIAL DOWNLOADED OR OTHERWISE OBTAINED THROUGH THE USE OF THE GDK IS AT YOUR OWN DISCRETION AND RISK AND YOU ARE SOLELY RESPONSIBLE FOR ANY DAMAGE TO YOUR COMPUTER SYSTEM OR OTHER DEVICE OR LOSS OF DATA THAT RESULTS FROM SUCH USE.
build	Setup Android SDK	2026-07-29T00:30:03.3108066Z 
build	Setup Android SDK	2026-07-29T00:30:03.3109417Z 10.3 GOOGLE FURTHER EXPRESSLY DISCLAIMS ALL WARRANTIES AND CONDITIONS OF ANY KIND, WHETHER EXPRESS OR IMPLIED, INCLUDING, BUT NOT LIMITED TO THE IMPLIED WARRANTIES AND CONDITIONS OF MERCHANTABILITY, FITNESS FOR A PARTICULAR PURPOSE AND NON-INFRINGEMENT.
build	Setup Android SDK	2026-07-29T00:30:03.3110906Z 
build	Setup Android SDK	2026-07-29T00:30:03.3111089Z 11. LIMITATION OF LIABILITY
build	Setup Android SDK	2026-07-29T00:30:03.3111417Z 
build	Setup Android SDK	2026-07-29T00:30:03.3113615Z 11.1 YOU EXPRESSLY UNDERSTAND AND AGREE THAT GOOGLE, ITS SUBSIDIARIES AND AFFILIATES, AND ITS LICENSORS SHALL NOT BE LIABLE TO YOU UNDER ANY THEORY OF LIABILITY FOR ANY DIRECT, INDIRECT, INCIDENTAL, SPECIAL, CONSEQUENTIAL OR EXEMPLARY DAMAGES THAT MAY BE INCURRED BY YOU, INCLUDING ANY LOSS OF DATA, WHETHER OR NOT GOOGLE OR ITS REPRESENTATIVES HAVE BEEN ADVISED OF OR SHOULD HAVE BEEN AWARE OF THE POSSIBILITY OF ANY SUCH LOSSES ARISING.
build	Setup Android SDK	2026-07-29T00:30:03.3116165Z 
build	Setup Android SDK	2026-07-29T00:30:03.3116377Z 12. Indemnification
build	Setup Android SDK	2026-07-29T00:30:03.3116614Z 
build	Setup Android SDK	2026-07-29T00:30:03.3120353Z 12.1 To the maximum extent permitted by law, you agree to defend, indemnify and hold harmless Google, its affiliates and their respective directors, officers, employees and agents from and against any and all claims, actions, suits or proceedings, as well as any and all losses, liabilities, damages, costs and expenses (including reasonable attorneys fees) arising out of or accruing from (a) your use of the GDK, (b) any application you develop on the GDK that infringes any copyright, trademark, trade secret, trade dress, patent or other intellectual property right of any person or defames any person or violates their rights of publicity or privacy, and (c) any non-compliance by you with this License Agreement.
build	Setup Android SDK	2026-07-29T00:30:03.3124163Z 
build	Setup Android SDK	2026-07-29T00:30:03.3124354Z 13. Changes to the License Agreement
build	Setup Android SDK	2026-07-29T00:30:03.3124724Z 
build	Setup Android SDK	2026-07-29T00:30:03.3126019Z 13.1 Google may make changes to the License Agreement as it distributes new versions of the GDK. When these changes are made, Google will make a new version of the License Agreement available on the website where the GDK is made available.
build	Setup Android SDK	2026-07-29T00:30:03.3127641Z 
build	Setup Android SDK	2026-07-29T00:30:03.3127932Z 14. General Legal Terms
build	Setup Android SDK	2026-07-29T00:30:03.3128386Z 
build	Setup Android SDK	2026-07-29T00:30:03.3129931Z 14.1 This License Agreement constitutes the whole legal agreement between you and Google and governs your use of the GDK (excluding any services which Google may provide to you under a separate written agreement), and completely replaces any prior agreements between you and Google in relation to the GDK.
build	Setup Android SDK	2026-07-29T00:30:03.3131582Z 
build	Setup Android SDK	2026-07-29T00:30:03.3133086Z 14.2 You agree that if Google does not exercise or enforce any legal right or remedy which is contained in this License Agreement (or which Google has the benefit of under any applicable law), this will not be taken to be a formal waiver of Google's rights and that those rights or remedies will still be available to Google.
build	Setup Android SDK	2026-07-29T00:30:03.3134747Z 
build	Setup Android SDK	2026-07-29T00:30:03.3136472Z 14.3 If any court of law, having the jurisdiction to decide on this matter, rules that any provision of this License Agreement is invalid, then that provision will be removed from this License Agreement without affecting the rest of this License Agreement. The remaining provisions of this License Agreement will continue to be valid and enforceable.
build	Setup Android SDK	2026-07-29T00:30:03.3138527Z 
build	Setup Android SDK	2026-07-29T00:30:03.3140794Z 14.4 You acknowledge and agree that each member of the group of companies of which Google is the parent shall be third party beneficiaries to this License Agreement and that such other companies shall be entitled to directly enforce, and rely upon, any provision of this License Agreement that confers a benefit on (or rights in favor of) them. Other than this, no other person or company shall be third party beneficiaries to this License Agreement.
build	Setup Android SDK	2026-07-29T00:30:03.3143337Z 
build	Setup Android SDK	2026-07-29T00:30:03.3144857Z 14.5 EXPORT RESTRICTIONS. THE GDK IS SUBJECT TO UNITED STATES EXPORT LAWS AND REGULATIONS. YOU MUST COMPLY WITH ALL DOMESTIC AND INTERNATIONAL EXPORT LAWS AND REGULATIONS THAT APPLY TO THE GDK. THESE LAWS INCLUDE RESTRICTIONS ON DESTINATIONS, END USERS AND END USE.
build	Setup Android SDK	2026-07-29T00:30:03.3146355Z 
build	Setup Android SDK	2026-07-29T00:30:03.3148252Z 14.6 The rights granted in this License Agreement may not be assigned or transferred by either you or Google without the prior written approval of the other party. Neither you nor Google shall be permitted to delegate their responsibilities or obligations under this License Agreement without the prior written approval of the other party.
build	Setup Android SDK	2026-07-29T00:30:03.3150153Z 
build	Setup Android SDK	2026-07-29T00:30:03.3153083Z 14.7 This License Agreement, and your relationship with Google under this License Agreement, shall be governed by the laws of the State of California without regard to its conflict of laws provisions. You and Google agree to submit to the exclusive jurisdiction of the courts located within the county of Santa Clara, California to resolve any legal matter arising from this License Agreement. Notwithstanding this, you agree that Google shall still be allowed to apply for injunctive remedies (or an equivalent type of urgent legal relief) in any jurisdiction.
build	Setup Android SDK	2026-07-29T00:30:03.3156313Z 
build	Setup Android SDK	2026-07-29T00:30:03.3156528Z November 19, 2013
build	Setup Android SDK	2026-07-29T00:30:03.3157042Z ---------------------------------------
build	Setup Android SDK	2026-07-29T00:30:03.3157786Z Accept? (y/N): 
build	Setup Android SDK	2026-07-29T00:30:03.3158281Z 6/6: License mips-android-sysimage-license:
build	Setup Android SDK	2026-07-29T00:30:03.3158878Z ---------------------------------------
build	Setup Android SDK	2026-07-29T00:30:03.3162347Z MIPS Technologies, Inc. (“MIPS”) Internal Evaluation License Agreement for MIPS Android™ System Images for Android Software Development Kit (SDK): This Internal Evaluation License Agreement (this "Agreement") is entered into by and between MIPS and you (as an individual developer or a legal entity -- identified below as “Recipient”). MIPS shall make the Evaluation Software available to Recipient as described in accordance with the terms and conditions set forth below.
build	Setup Android SDK	2026-07-29T00:30:03.3165117Z 
build	Setup Android SDK	2026-07-29T00:30:03.3168355Z By clicking on the “Accept” button, downloading, installing, or otherwise using the Evaluation Materials (defined below), you agree to be bound by the terms of this Agreement effective as of the date you click “Accept” (the “Effective Date”), and if doing so on behalf of an entity, you represent that you are authorized to bind the entity to the terms and conditions of this Agreement. If you do not agree to be bound by the terms and conditions of this Agreement, do not download, install, or use the Evaluation Materials.
build	Setup Android SDK	2026-07-29T00:30:03.3171083Z 
build	Setup Android SDK	2026-07-29T00:30:03.3172452Z 1. DEFINITIONS. These terms shall have the following meanings:
build	Setup Android SDK	2026-07-29T00:30:03.3172898Z 
build	Setup Android SDK	2026-07-29T00:30:03.3173900Z 1.1 “MIPS” shall mean MIPS Technologies, Inc., a Delaware corporation having a principal place of business at: 955 East Arques Ave., Sunnyvale, CA 94085
build	Setup Android SDK	2026-07-29T00:30:03.3174841Z 
build	Setup Android SDK	2026-07-29T00:30:03.3175790Z 1.2 “Evaluation Software” shall mean MIPS Android™ emulator system images for Android Software Development Kit (SDK), as made available to Recipient.
build	Setup Android SDK	2026-07-29T00:30:03.3176844Z 
build	Setup Android SDK	2026-07-29T00:30:03.3178967Z 1.3 “Evaluation Materials" means, collectively, the Evaluation Software (in source and/or object code form) and documentation (including, without limitation, any design documents, specifications, reference manuals, and other related materials) related to the Evaluation Software as made available to Recipient.
build	Setup Android SDK	2026-07-29T00:30:03.3180584Z 
build	Setup Android SDK	2026-07-29T00:30:03.3186227Z 1.4 “Open Source Software” means any software that requires (as a condition of use, modification and/or distribution of such software) that such software or other software incorporated into, derived from or distributed with such software (a) be disclosed or distributed in source code form; or (b) be licensed by the user to third parties for the purpose of making and/or distributing derivative works; or (c) be redistributable at no charge. Open Source Software includes, without limitation, software licensed or distributed under any of the following licenses or distribution models, or licenses or distribution models substantially similar to any of the following: (a) GNU’s General Public License (GPL) or Lesser/Library GPL (LGPL), (b) the Artistic License (e.g., PERL), (c) the Mozilla Public License, (d) the Netscape Public License, (e) the Sun Community Source License (SCSL), (f) the Sun Industry Source License (SISL), (g) the Apache Software license and (h) the Common Public License (CPL).
build	Setup Android SDK	2026-07-29T00:30:03.3191987Z 
build	Setup Android SDK	2026-07-29T00:30:03.3193971Z 1.5 “Pre-Release Materials” means “alpha” or “beta” designated pre-release features, which may not be fully functional, which MIPS may substantially modify in producing any production version of the Evaluation Materials, and/or which is still under development by MIPS and/or MIPS’ suppliers.
build	Setup Android SDK	2026-07-29T00:30:03.3195885Z 
build	Setup Android SDK	2026-07-29T00:30:03.3199034Z 2. PURPOSE. MIPS desires to make the Evaluation Materials available to Recipient solely for Recipient's internal evaluation of the Evaluation Software to evaluate the desirability of cooperating with MIPS in developing products that are compatible with the Evaluation Software and/or to advise MIPS as to possible modifications to the Evaluation Software. Recipient may not disclose, distribute, modify (except to facilitate the above-mentioned internal evaluation), or make commercial use of the Evaluation Materials or any modifications of the Evaluation Materials.
build	Setup Android SDK	2026-07-29T00:30:03.3202298Z 
build	Setup Android SDK	2026-07-29T00:30:03.3204617Z THE EVALUATION MATERIALS ARE PROVIDED FOR EVALUATION PURPOSES ONLY AND MAY NOT BE MODIFIED (EXCEPT TO FACILITATE THE INTERNAL EVALUATION) OR DISTRIBUTED BY RECIPIENT OR INCORPORATED INTO RECIPIENT’S PRODUCTS OR SOFTWARE. PLEASE CONTACT A MIPS SALES REPRESENTATIVE TO LEARN ABOUT THE AVAILABILITY AND COST OF A COMMERCIAL VERSION OF THE EVALUATION SOFTWARE.
build	Setup Android SDK	2026-07-29T00:30:03.3206819Z 
build	Setup Android SDK	2026-07-29T00:30:03.3208311Z 3. TITLE. Title to the Evaluation Materials remains with MIPS or its suppliers. Recipient shall not mortgage, pledge or encumber the Evaluation Materials in any way. Recipient shall return all Evaluation Materials, keeping no copies, upon termination or expiration of this Agreement.
build	Setup Android SDK	2026-07-29T00:30:03.3210066Z 
build	Setup Android SDK	2026-07-29T00:30:03.3216127Z 4. LICENSE. MIPS grants Recipient a royalty-free, personal, nontransferable, nonexclusive license under its copyrights to use the Evaluation Software only for the purposes described in paragraph 2 above and only for a period beginning on the Effective Date and extending to the first anniversary of the Effective Date (the “Evaluation Period”). Unless otherwise communicated in writing by MIPS to Recipient, to the extent the Evaluation Software is provided in more than one delivery or release (each, a “Release”) the license grant in this Section 4 and the Evaluation Period shall apply to each Release, in which case the Evaluation Period shall begin on the date that the Release is made generally available and continue to the first anniversary of such date. Recipient may not make modifications to the Evaluation Software. Recipient shall not disassemble, reverse-engineer, or decompile any software that is not provided to Recipient in source code form.
build	Setup Android SDK	2026-07-29T00:30:03.3221297Z 
build	Setup Android SDK	2026-07-29T00:30:03.3221309Z 
build	Setup Android SDK	2026-07-29T00:30:03.3222977Z EXCEPT AS PROVIDED HEREIN, NO OTHER LICENSE, EXPRESS OR IMPLIED, BY ESTOPPEL OR OTHERWISE, TO ANY OTHER MIPS INTELLECTUAL PROPERTY RIGHTS IS GRANTED TO THE RECIPIENT. OTHER THAN AS EXPLICITLY SET FORTH IN PARAGRAPH 2 ABOVE, NO RIGHT TO COPY, TO REPRODUCE, TO MODIFY, OR TO CREATE DERIVATIVE WORKS OF, THE EVALUATION MATERIALS IS GRANTED HEREIN.
build	Setup Android SDK	2026-07-29T00:30:03.3224852Z 
build	Setup Android SDK	2026-07-29T00:30:03.3226156Z 5. NO OBLIGATION. Recipient shall have no duty to purchase or license any product from MIPS. MIPS and its suppliers shall have no obligation to provide support for, or develop a non-evaluation version of, the Evaluation Software or to license any version of it.
build	Setup Android SDK	2026-07-29T00:30:03.3227892Z 
build	Setup Android SDK	2026-07-29T00:30:03.3233994Z 6. MODIFICATIONS. This Agreement does not obligate Recipient to provide MIPS with comments or suggestions regarding Evaluation Materials. However, should Recipient provide MIPS with comments or suggestions for the modification, correction, improvement or enhancement of (a) the Evaluation Materials or (b) MIPS products or processes which may embody the Evaluation Materials, then Recipient agrees to grant and hereby grants to MIPS a non-exclusive, irrevocable, worldwide, fully paid-up, royalty-free license, with the right to sublicense MIPS’ licensees and customers, under Recipient’s Intellectual property rights, to use and disclose such comments and suggestions in any manner MIPS chooses and to display, perform, copy, make, have made, use, sell, offer to sell, import, and otherwise dispose of MIPS’ and its sublicensee’s products embodying such comments and suggestions in any manner and via any media MIPS chooses, without reference to the source.
build	Setup Android SDK	2026-07-29T00:30:03.3239551Z 
build	Setup Android SDK	2026-07-29T00:30:03.3242201Z 7. WARRANTY DISCLAIMER. MIPS AND ITS SUPPLIERS MAKE NO WARRANTIES WITH RESPECT TO EVALUATION MATERIALS, EITHER EXPRESS OR IMPLIED, INCLUDING ANY IMPLIED WARRANTIES OF MERCHANTABILITY OR FITNESS FOR A PARTICULAR PURPOSE, OR ANY IMPLIED WARRANTY OF NONINFRINGEMENT WITH RESPECT TO THIRD PARTY INTELLECTUAL PROPERTY. RECIPIENT ACKNOWLEDGES AND AGREES THAT THE EVALUATION MATERIALS ARE PROVIDED “AS IS,” WITHOUT WARRANTY OF ANY KIND.
build	Setup Android SDK	2026-07-29T00:30:03.3244917Z 
build	Setup Android SDK	2026-07-29T00:30:03.3248055Z 8. LIMITATION OF LIABILITY. MIPS AND ITS SUPPLIERS SHALL NOT BE LIABLE FOR ANY PROPERTY DAMAGE, PERSONAL INJURY, LOSS OF PROFITS, INTERRUPTION OF BUSINESS OR FOR ANY DIRECT, INDIRECT, SPECIAL, CONSEQUENTIAL OR INCIDENTAL DAMAGES, HOWEVER CAUSED OR ALLEGED, WHETHER FOR BREACH OF WARRANTY, CONTRACT, STRICT LIABILITY OR OTHERWISE, INCLUDING WITHOUT LIMITATION, UNDER TORT OR OTHER LEGAL THEORY. MIPS AND ITS SUPPLIERS DISCLAIM ANY AND ALL LIABILITY, INCLUDING LIABILITY FOR INFRINGEMENT OF ANY INTELLECTUAL PROPERTY RIGHTS OF ANY KIND RELATING TO THE EVALUATION MATERIALS.
build	Setup Android SDK	2026-07-29T00:30:03.3251361Z 
build	Setup Android SDK	2026-07-29T00:30:03.3252604Z 9. EXPIRATION. MIPS may terminate this Agreement immediately after a breach by Recipient or otherwise at MIPS’ reasonable discretion and upon five (5) business days’ notice to Recipient.
build	Setup Android SDK	2026-07-29T00:30:03.3253714Z 
build	Setup Android SDK	2026-07-29T00:30:03.3253965Z 10. GENERAL.
build	Setup Android SDK	2026-07-29T00:30:03.3254200Z 
build	Setup Android SDK	2026-07-29T00:30:03.3259443Z 10.1 Controlling Law. This Agreement shall be governed by California law excluding its choice of law rules. With the exception of MIPS’ rights to enforce its intellectual property rights and any confidentiality obligations under this Agreement or any licenses distributed with the Evaluation Materials, all disputes and any claims arising under or relating to this Agreement shall be subject to the exclusive jurisdiction and venue of the state and federal courts located in Santa Clara County, California. Each party hereby agrees to jurisdiction and venue in the courts set forth in the preceding sentence. The parties agree that the United Nations Convention on Contracts for the International Sale of Goods is specifically excluded from application to this Agreement. The parties consent to the personal jurisdiction of the above courts.
build	Setup Android SDK	2026-07-29T00:30:03.3263243Z 
build	Setup Android SDK	2026-07-29T00:30:03.3266530Z 10.2 Remedies. Recipient acknowledges and agrees that any breach of confidentiality obligations under this Agreement or any licenses distributed with the Evaluation Materials, as well as any disclosure, commercialization, or public use of the Evaluation Materials, would cause irreparable injury to MIPS, and therefore Recipient agrees to consent to, and hereby consents to, the grant of an injunction by any court of competent jurisdiction in the event of an actual or threatened breach.
build	Setup Android SDK	2026-07-29T00:30:03.3269191Z 
build	Setup Android SDK	2026-07-29T00:30:03.3272210Z 10.3 Assignment. Recipient may not delegate, assign or transfer this Agreement, the license granted or any of Recipient’s rights, obligations, or duties hereunder, expressly, by implication, by operation of law, by way of merger (regardless of whether Recipient is the surviving entity) or acquisition, or otherwise and any attempt to do so, without MIPS’ express prior written consent, shall be ineffective, null and void. MIPS may freely assign this Agreement, and its rights and obligations hereunder, in its sole discretion.
build	Setup Android SDK	2026-07-29T00:30:03.3274777Z 
build	Setup Android SDK	2026-07-29T00:30:03.3277096Z 10.4 Entire Agreement. This Agreement constitutes the entire agreement between Recipient and MIPS and supersedes in their entirety any and all oral or written agreements previously existing between Recipient and MIPS with respect to the subject matter hereof. This Agreement may only be amended or supplemented by a writing that refers explicitly to this Agreement and that is signed or otherwise accepted by duly authorized representatives of Recipient and MIPS.
build	Setup Android SDK	2026-07-29T00:30:03.3279608Z 
build	Setup Android SDK	2026-07-29T00:30:03.3281923Z 10.5 Severability. In the event that any provision of this Agreement is finally adjudicated to be unenforceable or invalid under any applicable law, such unenforceability or invalidity shall not render this Agreement unenforceable or invalid as a whole, and, in such event, such unenforceable or invalid provision shall be interpreted so as to best accomplish the objectives of such provision within the limits of applicable law or applicable court decisions.
build	Setup Android SDK	2026-07-29T00:30:03.3284565Z 
build	Setup Android SDK	2026-07-29T00:30:03.3292587Z 10.6 Export Regulations / Export Control. Recipient shall not export, either directly or indirectly, any product, service or technical data or system incorporating the Evaluation Materials without first obtaining any required license or other necessary approval from the U.S. Department of Commerce or any other governing agency or department of the United States Government. In the event any product is exported from the United States or re-exported from a foreign destination by Recipient, Recipient shall ensure that the distribution and export/re-export or import of the product is in compliance with all applicable laws, regulations, orders, or other restrictions of the U.S. Export Administration Regulations and the appropriate foreign government. Recipient agrees that neither it nor any of its subsidiaries will export/re-export any technical data, process, product, or service, directly or indirectly, to any country for which the United States government or any agency thereof or the foreign government from where it is shipping requires an export license, or other governmental approval, without first obtaining such license or approval. Recipient also agrees to implement measures to ensure that foreign national employees are authorized to receive any information controlled by U.S. export control laws. An export is "deemed" to take place when information is released to a foreign national wherever located.
build	Setup Android SDK	2026-07-29T00:30:03.3300656Z 
build	Setup Android SDK	2026-07-29T00:30:03.3306617Z 10.7 Special Terms for Pre-Release Materials. If so indicated in the description of the Evaluation Software, the Evaluation Software may contain Pre-Release Materials. Recipient hereby understands, acknowledges and agrees that: (i) Pre-Release Materials may not be fully tested and may contain bugs or errors; (ii) Pre-Release materials are not suitable for commercial release in their current state; (iii) regulatory approvals for Pre-Release Materials (such as UL or FCC) have not been obtained, and Pre-Release Materials may therefore not be certified for use in certain countries or environments or may not be suitable for certain applications and (iv) MIPS can provide no assurance that it will ever produce or make generally available a production version of the Pre-Release Materials . MIPS is not under any obligation to develop and/or release or offer for sale or license a final product based upon the Pre-Release Materials and may unilaterally elect to abandon the Pre-Release Materials or any such development platform at any time and without any obligation or liability whatsoever to Recipient or any other person.
build	Setup Android SDK	2026-07-29T00:30:03.3313388Z 
build	Setup Android SDK	2026-07-29T00:30:03.3314706Z ANY PRE-RELEASE MATERIALS ARE NON-QUALIFIED AND, AS SUCH, ARE PROVIDED “AS IS” AND “AS AVAILABLE”, POSSIBLY WITH FAULTS, AND WITHOUT REPRESENTATION OR WARRANTY OF ANY KIND.
build	Setup Android SDK	2026-07-29T00:30:03.3315900Z 
build	Setup Android SDK	2026-07-29T00:30:03.3319428Z 10.8 Open Source Software. In the event Open Source software is included with Evaluation Software, such Open Source software is licensed pursuant to the applicable Open Source software license agreement identified in the Open Source software comments in the applicable source code file(s) and/or file header as indicated in the Evaluation Software. Additional detail may be available (where applicable) in the accompanying on-line documentation. With respect to the Open Source software, nothing in this Agreement limits any rights under, or grants rights that supersede, the terms of any applicable Open Source software license agreement.
build	Setup Android SDK	2026-07-29T00:30:03.3323200Z ---------------------------------------
build	Setup Android SDK	2026-07-29T00:30:03.3323908Z Accept? (y/N): All SDK package licenses accepted
build	Setup Android SDK	2026-07-29T00:30:03.3324279Z 
build	Setup Android SDK	2026-07-29T00:30:03.3324722Z [command]/usr/local/lib/android/sdk/cmdline-tools/16.0/bin/sdkmanager tools
build	Setup Android SDK	2026-07-29T00:30:04.0505794Z Loading package information...                                                  
build	Setup Android SDK	2026-07-29T00:30:04.1288851Z Loading local repository...                                                     
build	Setup Android SDK	2026-07-29T00:30:04.1298429Z [                                       ] 3% Loading local repository...        
build	Setup Android SDK	2026-07-29T00:30:04.1324579Z [                                       ] 3% Fetch remote repository...         
build	Setup Android SDK	2026-07-29T00:30:04.4378913Z [=                                      ] 3% Fetch remote repository...         
build	Setup Android SDK	2026-07-29T00:30:04.5030068Z [=                                      ] 4% Fetch remote repository...         
build	Setup Android SDK	2026-07-29T00:30:04.5207620Z [=                                      ] 5% Fetch remote repository...         
build	Setup Android SDK	2026-07-29T00:30:04.5728425Z [==                                     ] 5% Fetch remote repository...         
build	Setup Android SDK	2026-07-29T00:30:04.6291780Z [==                                     ] 6% Fetch remote repository...         
build	Setup Android SDK	2026-07-29T00:30:04.7178080Z [==                                     ] 7% Fetch remote repository...         
build	Setup Android SDK	2026-07-29T00:30:04.7198576Z [==                                     ] 7% Computing updates...               
build	Setup Android SDK	2026-07-29T00:30:04.7317915Z [===                                    ] 8% Computing updates...               
build	Setup Android SDK	2026-07-29T00:30:04.7428072Z [===                                    ] 10% Computing updates...              
build	Setup Android SDK	2026-07-29T00:30:05.1718549Z [===                                    ] 10% Installing Android Emulator       
build	Setup Android SDK	2026-07-29T00:30:05.2941425Z [===                                    ] 10% Downloading emulator-linux_x64-155
build	Setup Android SDK	2026-07-29T00:30:05.4248644Z [====                                   ] 10% Downloading emulator-linux_x64-155
build	Setup Android SDK	2026-07-29T00:30:05.7134019Z [====                                   ] 11% Downloading emulator-linux_x64-155
build	Setup Android SDK	2026-07-29T00:30:06.0330952Z [====                                   ] 12% Downloading emulator-linux_x64-155
build	Setup Android SDK	2026-07-29T00:30:06.3688426Z [=====                                  ] 13% Downloading emulator-linux_x64-155
build	Setup Android SDK	2026-07-29T00:30:06.6100784Z [=====                                  ] 14% Downloading emulator-linux_x64-155
build	Setup Android SDK	2026-07-29T00:30:06.7436189Z [=====                                  ] 15% Downloading emulator-linux_x64-155
build	Setup Android SDK	2026-07-29T00:30:06.8840528Z [======                                 ] 15% Downloading emulator-linux_x64-155
build	Setup Android SDK	2026-07-29T00:30:07.2081767Z [======                                 ] 16% Downloading emulator-linux_x64-155
build	Setup Android SDK	2026-07-29T00:30:07.5605511Z [======                                 ] 17% Downloading emulator-linux_x64-155
build	Setup Android SDK	2026-07-29T00:30:07.8856489Z [=======                                ] 18% Downloading emulator-linux_x64-155
build	Setup Android SDK	2026-07-29T00:30:08.3056057Z [=======                                ] 19% Downloading emulator-linux_x64-155
build	Setup Android SDK	2026-07-29T00:30:08.5067994Z [=======                                ] 20% Downloading emulator-linux_x64-155
build	Setup Android SDK	2026-07-29T00:30:08.6766165Z [========                               ] 20% Downloading emulator-linux_x64-155
build	Setup Android SDK	2026-07-29T00:30:08.8985999Z [========                               ] 21% Downloading emulator-linux_x64-155
build	Setup Android SDK	2026-07-29T00:30:08.9624164Z [========                               ] 21% Unzipping...                      
build	Setup Android SDK	2026-07-29T00:30:08.9625620Z [========                               ] 21% Unzipping... emulator/            
build	Setup Android SDK	2026-07-29T00:30:08.9627460Z [========                               ] 21% Unzipping... emulator/resources/  
build	Setup Android SDK	2026-07-29T00:30:09.0462817Z [========                               ] 21% Unzipping... emulator/qsn         
build	Setup Android SDK	2026-07-29T00:30:09.0568288Z [========                               ] 21% Unzipping... emulator/emulator    
build	Setup Android SDK	2026-07-29T00:30:09.1636406Z [========                               ] 21% Unzipping... emulator/netsimd     
build	Setup Android SDK	2026-07-29T00:30:09.2874794Z [========                               ] 22% Unzipping... emulator/netsimd     
build	Setup Android SDK	2026-07-29T00:30:09.2876335Z [========                               ] 22% Unzipping... emulator/bin64/      
build	Setup Android SDK	2026-07-29T00:30:09.2877427Z [========                               ] 22% Unzipping... emulator/qemu/       
build	Setup Android SDK	2026-07-29T00:30:09.2892853Z [========                               ] 22% Unzipping... emulator/NOTICE.txt  
build	Setup Android SDK	2026-07-29T00:30:09.3113831Z [========                               ] 22% Unzipping... emulator/crashpad_han
build	Setup Android SDK	2026-07-29T00:30:09.3115751Z [========                               ] 22% Unzipping... emulator/source.prope
build	Setup Android SDK	2026-07-29T00:30:09.3742469Z [========                               ] 22% Unzipping... emulator/nimble_bridg
build	Setup Android SDK	2026-07-29T00:30:09.3748556Z [========                               ] 22% Unzipping... emulator/LICENSE     
build	Setup Android SDK	2026-07-29T00:30:09.3749208Z [========                               ] 22% Unzipping... emulator/lib/        
build	Setup Android SDK	2026-07-29T00:30:09.3906357Z [========                               ] 22% Unzipping... emulator/qemu-img    
build	Setup Android SDK	2026-07-29T00:30:09.3908038Z [========                               ] 22% Unzipping... emulator/include/    
build	Setup Android SDK	2026-07-29T00:30:09.3919399Z [========                               ] 22% Unzipping... emulator/NOTICE.csv  
build	Setup Android SDK	2026-07-29T00:30:09.3938115Z [========                               ] 22% Unzipping... emulator/lib64/      
build	Setup Android SDK	2026-07-29T00:30:09.4121541Z [========                               ] 22% Unzipping... emulator/emulator-che
build	Setup Android SDK	2026-07-29T00:30:09.4351792Z [========                               ] 22% Unzipping... emulator/crashreport 
build	Setup Android SDK	2026-07-29T00:30:09.4388806Z [========                               ] 22% Unzipping... emulator/mksdcard    
build	Setup Android SDK	2026-07-29T00:30:09.4591995Z [========                               ] 22% Unzipping... emulator/resources/To
build	Setup Android SDK	2026-07-29T00:30:09.4624202Z [========                               ] 22% Unzipping... emulator/resources/de
build	Setup Android SDK	2026-07-29T00:30:09.4991125Z [========                               ] 22% Unzipping... emulator/resources/To
build	Setup Android SDK	2026-07-29T00:30:09.4992754Z [========                               ] 22% Unzipping... emulator/resources/ma
build	Setup Android SDK	2026-07-29T00:30:09.5024664Z [========                               ] 22% Unzipping... emulator/resources/de
build	Setup Android SDK	2026-07-29T00:30:09.5025445Z [========                               ] 22% Unzipping... emulator/resources/sk
build	Setup Android SDK	2026-07-29T00:30:09.5065816Z [========                               ] 22% Unzipping... emulator/resources/de
build	Setup Android SDK	2026-07-29T00:30:09.5067130Z [========                               ] 22% Unzipping... emulator/resources/ma
build	Setup Android SDK	2026-07-29T00:30:09.5188000Z [========                               ] 22% Unzipping... emulator/resources/po
build	Setup Android SDK	2026-07-29T00:30:09.5254634Z [========                               ] 22% Unzipping... emulator/resources/ma
build	Setup Android SDK	2026-07-29T00:30:09.5311132Z [========                               ] 22% Unzipping... emulator/resources/sk
build	Setup Android SDK	2026-07-29T00:30:09.5327985Z [========                               ] 22% Unzipping... emulator/resources/ma
build	Setup Android SDK	2026-07-29T00:30:09.5380063Z [========                               ] 22% Unzipping... emulator/bin64/e2fsck
build	Setup Android SDK	2026-07-29T00:30:09.5433165Z [========                               ] 22% Unzipping... emulator/bin64/fsck.e
build	Setup Android SDK	2026-07-29T00:30:09.5459184Z [========                               ] 22% Unzipping... emulator/bin64/tune2f
build	Setup Android SDK	2026-07-29T00:30:09.5479037Z [========                               ] 22% Unzipping... emulator/bin64/resize
build	Setup Android SDK	2026-07-29T00:30:09.5512080Z [========                               ] 22% Unzipping... emulator/bin64/mkfs.e
build	Setup Android SDK	2026-07-29T00:30:09.5843259Z [========                               ] 22% Unzipping... emulator/qemu/linux-x
build	Setup Android SDK	2026-07-29T00:30:10.1028570Z [=========                              ] 23% Unzipping... emulator/qemu/linux-x
build	Setup Android SDK	2026-07-29T00:30:10.5634655Z [=========                              ] 24% Unzipping... emulator/qemu/linux-x
build	Setup Android SDK	2026-07-29T00:30:10.8379188Z [=========                              ] 25% Unzipping... emulator/qemu/linux-x
build	Setup Android SDK	2026-07-29T00:30:11.1126533Z [==========                             ] 25% Unzipping... emulator/qemu/linux-x
build	Setup Android SDK	2026-07-29T00:30:11.1127910Z [==========                             ] 25% Unzipping... emulator/lib/emulator
build	Setup Android SDK	2026-07-29T00:30:11.1130866Z [==========                             ] 25% Unzipping... emulator/lib/rtc_serv
build	Setup Android SDK	2026-07-29T00:30:11.1133684Z [==========                             ] 25% Unzipping... emulator/lib/advanced
build	Setup Android SDK	2026-07-29T00:30:11.1134671Z [==========                             ] 25% Unzipping... emulator/lib/cmake/  
build	Setup Android SDK	2026-07-29T00:30:11.1137403Z [==========                             ] 25% Unzipping... emulator/lib/emulator
build	Setup Android SDK	2026-07-29T00:30:11.1139464Z [==========                             ] 25% Unzipping... emulator/lib/control_
build	Setup Android SDK	2026-07-29T00:30:11.1142520Z [==========                             ] 25% Unzipping... emulator/lib/emulated
build	Setup Android SDK	2026-07-29T00:30:11.1145519Z [==========                             ] 25% Unzipping... emulator/lib/rtc_serv
build	Setup Android SDK	2026-07-29T00:30:11.1149364Z [==========                             ] 25% Unzipping... emulator/lib/emu-orig
build	Setup Android SDK	2026-07-29T00:30:11.1152549Z [==========                             ] 25% Unzipping... emulator/lib/hardware
build	Setup Android SDK	2026-07-29T00:30:11.1153459Z [==========                             ] 25% Unzipping... emulator/lib/pkgconfi
build	Setup Android SDK	2026-07-29T00:30:11.1154163Z [==========                             ] 25% Unzipping... emulator/lib/pc-bios/
build	Setup Android SDK	2026-07-29T00:30:11.1156155Z [==========                             ] 25% Unzipping... emulator/lib/snapshot
build	Setup Android SDK	2026-07-29T00:30:11.1158789Z [==========                             ] 25% Unzipping... emulator/lib/adb_serv
build	Setup Android SDK	2026-07-29T00:30:11.1166335Z [==========                             ] 25% Unzipping... emulator/lib/hostapd.
build	Setup Android SDK	2026-07-29T00:30:11.1173713Z [==========                             ] 25% Unzipping... emulator/lib/grpc_end
build	Setup Android SDK	2026-07-29T00:30:11.1187965Z [==========                             ] 25% Unzipping... emulator/lib/ca-bundl
build	Setup Android SDK	2026-07-29T00:30:11.1192395Z [==========                             ] 25% Unzipping... emulator/lib/ui_contr
build	Setup Android SDK	2026-07-29T00:30:11.1193278Z [==========                             ] 25% Unzipping... emulator/lib/snapshot
build	Setup Android SDK	2026-07-29T00:30:11.1196291Z [==========                             ] 25% Unzipping... emulator/lib/ice_conf
build	Setup Android SDK	2026-07-29T00:30:11.1455116Z [==========                             ] 25% Unzipping... emulator/lib/libflatb
build	Setup Android SDK	2026-07-29T00:30:11.2117603Z [==========                             ] 26% Unzipping... emulator/lib/libflatb
build	Setup Android SDK	2026-07-29T00:30:11.2124973Z [==========                             ] 26% Unzipping... emulator/lib/emulator
build	Setup Android SDK	2026-07-29T00:30:11.2127506Z [==========                             ] 26% Unzipping... emulator/lib/waterfal
build	Setup Android SDK	2026-07-29T00:30:11.2130307Z [==========                             ] 26% Unzipping... emulator/lib/emulated
build	Setup Android SDK	2026-07-29T00:30:11.2141590Z [==========                             ] 26% Unzipping... emulator/lib/cmake/fl
build	Setup Android SDK	2026-07-29T00:30:11.2143188Z [==========                             ] 26% Unzipping... emulator/lib/pkgconfi
build	Setup Android SDK	2026-07-29T00:30:11.2837429Z [==========                             ] 26% Unzipping... emulator/lib/pc-bios/
build	Setup Android SDK	2026-07-29T00:30:11.3225484Z [==========                             ] 26% Unzipping... emulator/include/flat
build	Setup Android SDK	2026-07-29T00:30:11.3311990Z [==========                             ] 26% Unzipping... emulator/lib64/libgli
build	Setup Android SDK	2026-07-29T00:30:11.3455482Z [==========                             ] 26% Unzipping... emulator/lib64/libpro
build	Setup Android SDK	2026-07-29T00:30:11.3456204Z [==========                             ] 26% Unzipping... emulator/lib64/qt/   
build	Setup Android SDK	2026-07-29T00:30:11.3936187Z [==========                             ] 26% Unzipping... emulator/lib64/liband
build	Setup Android SDK	2026-07-29T00:30:11.4768300Z [==========                             ] 26% Unzipping... emulator/lib64/libgfx
build	Setup Android SDK	2026-07-29T00:30:11.4769389Z [==========                             ] 26% Unzipping... emulator/lib64/gles_l
build	Setup Android SDK	2026-07-29T00:30:11.4779316Z [==========                             ] 26% Unzipping... emulator/lib64/liband
build	Setup Android SDK	2026-07-29T00:30:11.4780413Z [==========                             ] 26% Unzipping... emulator/lib64/vulkan
build	Setup Android SDK	2026-07-29T00:30:11.4781247Z [==========                             ] 26% Unzipping... emulator/lib64/gles_s
build	Setup Android SDK	2026-07-29T00:30:11.4783376Z [==========                             ] 26% Unzipping... emulator/lib64/libemu
build	Setup Android SDK	2026-07-29T00:30:11.4930080Z [==========                             ] 26% Unzipping... emulator/lib64/libpro
build	Setup Android SDK	2026-07-29T00:30:11.6600534Z [==========                             ] 26% Unzipping... emulator/lib64/liband
build	Setup Android SDK	2026-07-29T00:30:11.6619549Z [==========                             ] 26% Unzipping... emulator/lib64/libtcm
build	Setup Android SDK	2026-07-29T00:30:11.6622445Z [==========                             ] 26% Unzipping... emulator/lib64/libima
build	Setup Android SDK	2026-07-29T00:30:11.7275979Z [==========                             ] 26% Unzipping... emulator/lib64/libc++
build	Setup Android SDK	2026-07-29T00:30:11.7574529Z [==========                             ] 26% Unzipping... emulator/lib64/liband
build	Setup Android SDK	2026-07-29T00:30:11.7631841Z [==========                             ] 26% Unzipping... emulator/lib64/libabs
build	Setup Android SDK	2026-07-29T00:30:11.7633641Z [==========                             ] 26% Unzipping... emulator/lib64/gles_a
build	Setup Android SDK	2026-07-29T00:30:11.7741011Z [==========                             ] 26% Unzipping... emulator/lib64/libsha
build	Setup Android SDK	2026-07-29T00:30:11.7842469Z [==========                             ] 26% Unzipping... emulator/lib64/libc++
build	Setup Android SDK	2026-07-29T00:30:11.7843730Z [==========                             ] 26% Unzipping... emulator/lib64/qt/res
build	Setup Android SDK	2026-07-29T00:30:11.7844732Z [==========                             ] 26% Unzipping... emulator/lib64/qt/lib
build	Setup Android SDK	2026-07-29T00:30:11.7845607Z [==========                             ] 26% Unzipping... emulator/lib64/qt/tra
build	Setup Android SDK	2026-07-29T00:30:11.7846392Z [==========                             ] 26% Unzipping... emulator/lib64/qt/plu
build	Setup Android SDK	2026-07-29T00:30:11.7907427Z [==========                             ] 26% Unzipping... emulator/lib64/qt/res
build	Setup Android SDK	2026-07-29T00:30:11.9081522Z [==========                             ] 27% Unzipping... emulator/lib64/qt/res
build	Setup Android SDK	2026-07-29T00:30:12.0779370Z [==========                             ] 27% Unzipping... emulator/lib64/qt/lib
build	Setup Android SDK	2026-07-29T00:30:12.6997402Z [===========                            ] 28% Unzipping... emulator/lib64/qt/lib
build	Setup Android SDK	2026-07-29T00:30:13.1871715Z [===========                            ] 29% Unzipping... emulator/lib64/qt/lib
build	Setup Android SDK	2026-07-29T00:30:15.0809137Z [===========                            ] 30% Unzipping... emulator/lib64/qt/lib
build	Setup Android SDK	2026-07-29T00:30:16.4356452Z [============                           ] 30% Unzipping... emulator/lib64/qt/lib
build	Setup Android SDK	2026-07-29T00:30:17.1636148Z [============                           ] 30% Unzipping... emulator/lib64/qt/tra
build	Setup Android SDK	2026-07-29T00:30:17.2339791Z [============                           ] 31% Unzipping... emulator/lib64/qt/tra
build	Setup Android SDK	2026-07-29T00:30:17.2683621Z [============                           ] 31% Unzipping... emulator/lib64/qt/plu
build	Setup Android SDK	2026-07-29T00:30:17.3727244Z [============                           ] 31% Unzipping... emulator/lib64/gles_l
build	Setup Android SDK	2026-07-29T00:30:17.6360221Z [============                           ] 31% Unzipping... emulator/lib64/vulkan
build	Setup Android SDK	2026-07-29T00:30:18.5549845Z [============                           ] 32% Unzipping... emulator/lib64/vulkan
build	Setup Android SDK	2026-07-29T00:30:18.6377548Z [============                           ] 32% Unzipping... emulator/lib64/gles_s
build	Setup Android SDK	2026-07-29T00:30:18.7072962Z [============                           ] 32% Unzipping... emulator/lib64/gles_a
build	Setup Android SDK	2026-07-29T00:30:18.7721523Z [=============                          ] 33% Unzipping... emulator/lib64/gles_a
build	Setup Android SDK	2026-07-29T00:30:19.2067562Z [=====================                  ] 55% Unzipping... emulator/lib64/gles_a
build	Setup Android SDK	2026-07-29T00:30:19.3903611Z [=====================                  ] 55% Installing Android SDK Tools emula
build	Setup Android SDK	2026-07-29T00:30:19.4108119Z [=====================                  ] 55% Downloading sdk-tools-linux-433379
build	Setup Android SDK	2026-07-29T00:30:19.5028656Z [======================                 ] 55% Downloading sdk-tools-linux-433379
build	Setup Android SDK	2026-07-29T00:30:19.6484768Z [======================                 ] 56% Downloading sdk-tools-linux-433379
build	Setup Android SDK	2026-07-29T00:30:20.0433054Z [======================                 ] 57% Downloading sdk-tools-linux-433379
build	Setup Android SDK	2026-07-29T00:30:20.2095013Z [=======================                ] 58% Downloading sdk-tools-linux-433379
build	Setup Android SDK	2026-07-29T00:30:20.3231852Z [=======================                ] 59% Downloading sdk-tools-linux-433379
build	Setup Android SDK	2026-07-29T00:30:20.3830966Z [=======================                ] 60% Downloading sdk-tools-linux-433379
build	Setup Android SDK	2026-07-29T00:30:20.4504456Z [========================               ] 60% Downloading sdk-tools-linux-433379
build	Setup Android SDK	2026-07-29T00:30:20.6277665Z [========================               ] 61% Downloading sdk-tools-linux-433379
build	Setup Android SDK	2026-07-29T00:30:20.8383615Z [========================               ] 62% Downloading sdk-tools-linux-433379
build	Setup Android SDK	2026-07-29T00:30:20.9492491Z [=========================              ] 63% Downloading sdk-tools-linux-433379
build	Setup Android SDK	2026-07-29T00:30:21.2090635Z [=========================              ] 64% Downloading sdk-tools-linux-433379
build	Setup Android SDK	2026-07-29T00:30:21.2927427Z [=========================              ] 65% Downloading sdk-tools-linux-433379
build	Setup Android SDK	2026-07-29T00:30:21.3709922Z [==========================             ] 65% Downloading sdk-tools-linux-433379
build	Setup Android SDK	2026-07-29T00:30:21.4559781Z [==========================             ] 66% Downloading sdk-tools-linux-433379
build	Setup Android SDK	2026-07-29T00:30:21.4991139Z [==========================             ] 66% Unzipping... emulator/lib64/gles_a
build	Setup Android SDK	2026-07-29T00:30:21.4999224Z [==========================             ] 66% Unzipping... tools/               
build	Setup Android SDK	2026-07-29T00:30:21.5000376Z [==========================             ] 66% Unzipping... tools/proguard/      
build	Setup Android SDK	2026-07-29T00:30:21.5001258Z [==========================             ] 66% Unzipping... tools/proguard/licens
build	Setup Android SDK	2026-07-29T00:30:21.5002228Z [==========================             ] 66% Unzipping... tools/proguard/lib/  
build	Setup Android SDK	2026-07-29T00:30:21.5057841Z [==========================             ] 66% Unzipping... tools/proguard/lib/pr
build	Setup Android SDK	2026-07-29T00:30:21.5058936Z [==========================             ] 66% Unzipping... tools/proguard/lib/re
build	Setup Android SDK	2026-07-29T00:30:21.5088299Z [==========================             ] 66% Unzipping... tools/proguard/lib/pr
build	Setup Android SDK	2026-07-29T00:30:21.5089325Z [==========================             ] 66% Unzipping... tools/proguard/ant/  
build	Setup Android SDK	2026-07-29T00:30:21.5090425Z [==========================             ] 66% Unzipping... tools/proguard/ant/ta
build	Setup Android SDK	2026-07-29T00:30:21.5091285Z [==========================             ] 66% Unzipping... tools/proguard/docs/ 
build	Setup Android SDK	2026-07-29T00:30:21.5092126Z [==========================             ] 66% Unzipping... tools/proguard/docs/f
build	Setup Android SDK	2026-07-29T00:30:21.5092953Z [==========================             ] 66% Unzipping... tools/proguard/docs/s
build	Setup Android SDK	2026-07-29T00:30:21.5093666Z [==========================             ] 66% Unzipping... tools/proguard/docs/d
build	Setup Android SDK	2026-07-29T00:30:21.5094424Z [==========================             ] 66% Unzipping... tools/proguard/docs/s
build	Setup Android SDK	2026-07-29T00:30:21.5095116Z [==========================             ] 66% Unzipping... tools/proguard/docs/F
build	Setup Android SDK	2026-07-29T00:30:21.5095814Z [==========================             ] 66% Unzipping... tools/proguard/docs/s
build	Setup Android SDK	2026-07-29T00:30:21.5096466Z [==========================             ] 66% Unzipping... tools/proguard/docs/l
build	Setup Android SDK	2026-07-29T00:30:21.5097383Z [==========================             ] 66% Unzipping... tools/proguard/docs/s
build	Setup Android SDK	2026-07-29T00:30:21.5098050Z [==========================             ] 66% Unzipping... tools/proguard/docs/d
build	Setup Android SDK	2026-07-29T00:30:21.5109166Z [==========================             ] 66% Unzipping... tools/proguard/docs/s
build	Setup Android SDK	2026-07-29T00:30:21.5110367Z [==========================             ] 66% Unzipping... tools/proguard/docs/r
build	Setup Android SDK	2026-07-29T00:30:21.5111283Z [==========================             ] 66% Unzipping... tools/proguard/docs/d
build	Setup Android SDK	2026-07-29T00:30:21.5112134Z [==========================             ] 66% Unzipping... tools/proguard/docs/t
build	Setup Android SDK	2026-07-29T00:30:21.5113059Z [==========================             ] 66% Unzipping... tools/proguard/docs/f
build	Setup Android SDK	2026-07-29T00:30:21.5114331Z [==========================             ] 66% Unzipping... tools/proguard/docs/s
build	Setup Android SDK	2026-07-29T00:30:21.5115248Z [==========================             ] 66% Unzipping... tools/proguard/docs/t
build	Setup Android SDK	2026-07-29T00:30:21.5116103Z [==========================             ] 66% Unzipping... tools/proguard/docs/i
build	Setup Android SDK	2026-07-29T00:30:21.5128444Z [==========================             ] 66% Unzipping... tools/proguard/docs/s
build	Setup Android SDK	2026-07-29T00:30:21.5129493Z [==========================             ] 66% Unzipping... tools/proguard/docs/m
build	Setup Android SDK	2026-07-29T00:30:21.5130471Z [==========================             ] 66% Unzipping... tools/proguard/docs/s
build	Setup Android SDK	2026-07-29T00:30:21.5131355Z [==========================             ] 66% Unzipping... tools/proguard/docs/q
build	Setup Android SDK	2026-07-29T00:30:21.5132220Z [==========================             ] 66% Unzipping... tools/proguard/docs/G
build	Setup Android SDK	2026-07-29T00:30:21.5133086Z [==========================             ] 66% Unzipping... tools/proguard/docs/t
build	Setup Android SDK	2026-07-29T00:30:21.5134028Z [==========================             ] 66% Unzipping... tools/proguard/docs/s
build	Setup Android SDK	2026-07-29T00:30:21.5163732Z [==========================             ] 66% Unzipping... tools/proguard/docs/m
build	Setup Android SDK	2026-07-29T00:30:21.5164718Z [==========================             ] 66% Unzipping... tools/proguard/docs/s
build	Setup Android SDK	2026-07-29T00:30:21.5166174Z [==========================             ] 66% Unzipping... tools/proguard/docs/G
build	Setup Android SDK	2026-07-29T00:30:21.5167747Z [==========================             ] 66% Unzipping... tools/proguard/docs/c
build	Setup Android SDK	2026-07-29T00:30:21.5171975Z [==========================             ] 66% Unzipping... tools/proguard/docs/a
build	Setup Android SDK	2026-07-29T00:30:21.5177550Z [==========================             ] 66% Unzipping... tools/proguard/docs/s
build	Setup Android SDK	2026-07-29T00:30:21.5179262Z [==========================             ] 66% Unzipping... tools/proguard/docs/d
build	Setup Android SDK	2026-07-29T00:30:21.5291366Z [==========================             ] 66% Unzipping... tools/proguard/exampl
build	Setup Android SDK	2026-07-29T00:30:21.5292009Z [==========================             ] 66% Unzipping... tools/proguard/bin/  
build	Setup Android SDK	2026-07-29T00:30:21.5295968Z [==========================             ] 66% Unzipping... tools/proguard/bin/pr
build	Setup Android SDK	2026-07-29T00:30:21.5297788Z [==========================             ] 66% Unzipping... tools/proguard/bin/re
build	Setup Android SDK	2026-07-29T00:30:21.5299919Z [==========================             ] 66% Unzipping... tools/proguard/README
build	Setup Android SDK	2026-07-29T00:30:21.5303892Z [==========================             ] 66% Unzipping... tools/proguard/progua
build	Setup Android SDK	2026-07-29T00:30:21.5342095Z [==========================             ] 66% Unzipping... tools/lib/           
build	Setup Android SDK	2026-07-29T00:30:21.5367579Z [==========================             ] 66% Unzipping... tools/lib/bcpkix-jdk1
build	Setup Android SDK	2026-07-29T00:30:21.5368699Z [==========================             ] 66% Unzipping... tools/lib/org-eclipse
build	Setup Android SDK	2026-07-29T00:30:21.5377669Z [==========================             ] 66% Unzipping... tools/lib/manifest-me
build	Setup Android SDK	2026-07-29T00:30:21.5388147Z [==========================             ] 66% Unzipping... tools/lib/jcommander-
build	Setup Android SDK	2026-07-29T00:30:21.5397649Z [==========================             ] 66% Unzipping... tools/lib/gson-2.3.ja
build	Setup Android SDK	2026-07-29T00:30:21.5399582Z [==========================             ] 66% Unzipping... tools/lib/ddms-26.0.0
build	Setup Android SDK	2026-07-29T00:30:21.5413248Z [==========================             ] 66% Unzipping... tools/lib/asm-tree-5.
build	Setup Android SDK	2026-07-29T00:30:21.5469334Z [==========================             ] 66% Unzipping... tools/lib/uast-26.0.0
build	Setup Android SDK	2026-07-29T00:30:21.5479939Z [==========================             ] 66% Unzipping... tools/lib/dexlib2-2.2
build	Setup Android SDK	2026-07-29T00:30:21.5530293Z [==========================             ] 67% Unzipping... tools/lib/dexlib2-2.2
build	Setup Android SDK	2026-07-29T00:30:21.5531822Z [==========================             ] 67% Unzipping... tools/lib/android.el 
build	Setup Android SDK	2026-07-29T00:30:21.5537135Z [==========================             ] 67% Unzipping... tools/lib/apkanalyzer
build	Setup Android SDK	2026-07-29T00:30:21.5698162Z [==========================             ] 67% Unzipping... tools/lib/guava-22.0.
build	Setup Android SDK	2026-07-29T00:30:21.5735105Z [==========================             ] 67% Unzipping... tools/lib/lint-api-26
build	Setup Android SDK	2026-07-29T00:30:21.5745587Z [==========================             ] 67% Unzipping... tools/lib/baksmali-2.
build	Setup Android SDK	2026-07-29T00:30:21.5749034Z [==========================             ] 67% Unzipping... tools/lib/shared.jar 
build	Setup Android SDK	2026-07-29T00:30:21.5752545Z [==========================             ] 67% Unzipping... tools/lib/jsr305-1.3.
build	Setup Android SDK	2026-07-29T00:30:21.5782010Z [==========================             ] 67% Unzipping... tools/lib/httpclient-
build	Setup Android SDK	2026-07-29T00:30:21.5924247Z [==========================             ] 67% Unzipping... tools/lib/ecj-4.6.1.j
build	Setup Android SDK	2026-07-29T00:30:21.5928311Z [==========================             ] 67% Unzipping... tools/lib/jobb-26.0.0
build	Setup Android SDK	2026-07-29T00:30:21.5951068Z [==========================             ] 67% Unzipping... tools/lib/jcommon-1.0
build	Setup Android SDK	2026-07-29T00:30:21.5955464Z [==========================             ] 67% Unzipping... tools/lib/kxml2-2.3.0
build	Setup Android SDK	2026-07-29T00:30:21.6038880Z [==========================             ] 67% Unzipping... tools/lib/jfreechart-
build	Setup Android SDK	2026-07-29T00:30:21.6052620Z [==========================             ] 67% Unzipping... tools/lib/common-26.0
build	Setup Android SDK	2026-07-29T00:30:21.6122008Z [==========================             ] 67% Unzipping... tools/lib/lint-checks
build	Setup Android SDK	2026-07-29T00:30:21.6269649Z [==========================             ] 67% Unzipping... tools/lib/kotlin-refl
build	Setup Android SDK	2026-07-29T00:30:21.6275045Z [==========================             ] 67% Unzipping... tools/lib/builder-mod
build	Setup Android SDK	2026-07-29T00:30:21.6317998Z [==========================             ] 67% Unzipping... tools/lib/sdklib-26.0
build	Setup Android SDK	2026-07-29T00:30:21.6325485Z [==========================             ] 67% Unzipping... tools/lib/layoutlib-a
build	Setup Android SDK	2026-07-29T00:30:21.6327821Z [==========================             ] 67% Unzipping... tools/lib/annotations
build	Setup Android SDK	2026-07-29T00:30:21.6335460Z [==========================             ] 67% Unzipping... tools/lib/fat32lib.ja
build	Setup Android SDK	2026-07-29T00:30:21.6337428Z [==========================             ] 67% Unzipping... tools/lib/jsr305-3.0.
build	Setup Android SDK	2026-07-29T00:30:21.6425044Z [==========================             ] 67% Unzipping... tools/lib/org-eclipse
build	Setup Android SDK	2026-07-29T00:30:21.6427570Z [==========================             ] 67% Unzipping... tools/lib/error_prone
build	Setup Android SDK	2026-07-29T00:30:21.6428136Z [==========================             ] 67% Unzipping... tools/lib/org-eclipse
build	Setup Android SDK	2026-07-29T00:30:21.6428608Z [==========================             ] 67% Unzipping... tools/lib/animal-snif
build	Setup Android SDK	2026-07-29T00:30:21.6467563Z [==========================             ] 67% Unzipping... tools/lib/asset-studi
build	Setup Android SDK	2026-07-29T00:30:21.6505051Z [===========================            ] 68% Unzipping... tools/lib/asset-studi
build	Setup Android SDK	2026-07-29T00:30:21.6524915Z [===========================            ] 68% Unzipping... tools/lib/repository-
build	Setup Android SDK	2026-07-29T00:30:21.6525895Z [===========================            ] 68% Unzipping... tools/lib/dvlib-26.0.
build	Setup Android SDK	2026-07-29T00:30:21.6562012Z [===========================            ] 68% Unzipping... tools/lib/jsilver-1.0
build	Setup Android SDK	2026-07-29T00:30:21.6597666Z [===========================            ] 68% Unzipping... tools/lib/asm-5.1.jar
build	Setup Android SDK	2026-07-29T00:30:21.6598672Z [===========================            ] 68% Unzipping... tools/lib/devices.xml
build	Setup Android SDK	2026-07-29T00:30:21.6599353Z [===========================            ] 68% Unzipping... tools/lib/asm-analysi
build	Setup Android SDK	2026-07-29T00:30:21.6617698Z [===========================            ] 68% Unzipping... tools/lib/hierarchyvi
build	Setup Android SDK	2026-07-29T00:30:21.6618841Z [===========================            ] 68% Unzipping... tools/lib/monkeyrunne
build	Setup Android SDK	2026-07-29T00:30:21.6627259Z [===========================            ] 68% Unzipping... tools/lib/uiautomator
build	Setup Android SDK	2026-07-29T00:30:21.6628336Z [===========================            ] 68% Unzipping... tools/lib/archquery-2
build	Setup Android SDK	2026-07-29T00:30:21.6631540Z [===========================            ] 68% Unzipping... tools/lib/chimpchat-2
build	Setup Android SDK	2026-07-29T00:30:21.6638043Z [===========================            ] 68% Unzipping... tools/lib/explainer.j
build	Setup Android SDK	2026-07-29T00:30:21.6665871Z [===========================            ] 68% Unzipping... tools/lib/ddmlib-26.0
build	Setup Android SDK	2026-07-29T00:30:21.6668759Z [===========================            ] 68% Unzipping... tools/lib/swtmenubar-
build	Setup Android SDK	2026-07-29T00:30:21.6764146Z [===========================            ] 68% Unzipping... tools/lib/osgi-4.0.0.
build	Setup Android SDK	2026-07-29T00:30:21.6776265Z [===========================            ] 68% Unzipping... tools/lib/x86_64/    
build	Setup Android SDK	2026-07-29T00:30:21.6865545Z [===========================            ] 68% Unzipping... tools/lib/x86_64/swt.
build	Setup Android SDK	2026-07-29T00:30:21.7428130Z [===========================            ] 68% Unzipping... tools/lib/monitor-x86
build	Setup Android SDK	2026-07-29T00:30:21.8506134Z [===========================            ] 69% Unzipping... tools/lib/monitor-x86
build	Setup Android SDK	2026-07-29T00:30:21.9233052Z [===========================            ] 70% Unzipping... tools/lib/monitor-x86
build	Setup Android SDK	2026-07-29T00:30:21.9788295Z [============================           ] 70% Unzipping... tools/lib/monitor-x86
build	Setup Android SDK	2026-07-29T00:30:22.1943987Z [============================           ] 71% Unzipping... tools/lib/monitor-x86
build	Setup Android SDK	2026-07-29T00:30:22.1945412Z [============================           ] 71% Unzipping... tools/lib/httpmime-4.
build	Setup Android SDK	2026-07-29T00:30:22.1951231Z [============================           ] 71% Unzipping... tools/lib/annotations
build	Setup Android SDK	2026-07-29T00:30:22.1963720Z [============================           ] 71% Unzipping... tools/lib/lint-26.0.0
build	Setup Android SDK	2026-07-29T00:30:22.1977802Z [============================           ] 71% Unzipping... tools/lib/apkanalyzer
build	Setup Android SDK	2026-07-29T00:30:22.1980877Z [============================           ] 71% Unzipping... tools/lib/binary-reso
build	Setup Android SDK	2026-07-29T00:30:22.1988062Z [============================           ] 71% Unzipping... tools/lib/jopt-simple
build	Setup Android SDK	2026-07-29T00:30:22.1993312Z [============================           ] 71% Unzipping... tools/lib/util-2.2.1.
build	Setup Android SDK	2026-07-29T00:30:22.2014560Z [============================           ] 71% Unzipping... tools/lib/ddmuilib-26
build	Setup Android SDK	2026-07-29T00:30:22.2031762Z [============================           ] 72% Unzipping... tools/lib/ddmuilib-26
build	Setup Android SDK	2026-07-29T00:30:22.2090523Z [============================           ] 72% Unzipping... tools/lib/sdk-common-
build	Setup Android SDK	2026-07-29T00:30:22.2100520Z [============================           ] 72% Unzipping... tools/lib/traceview-2
build	Setup Android SDK	2026-07-29T00:30:22.2115780Z [============================           ] 72% Unzipping... tools/lib/httpcore-4.
build	Setup Android SDK	2026-07-29T00:30:22.2118107Z [============================           ] 72% Unzipping... tools/lib/screenshot2
build	Setup Android SDK	2026-07-29T00:30:22.2133861Z [============================           ] 72% Unzipping... tools/lib/commons-cod
build	Setup Android SDK	2026-07-29T00:30:22.2134877Z [============================           ] 72% Unzipping... tools/lib/proguard-pr
build	Setup Android SDK	2026-07-29T00:30:22.2854938Z [============================           ] 72% Unzipping... tools/lib/jython-stan
build	Setup Android SDK	2026-07-29T00:30:22.2910058Z [=============================          ] 73% Unzipping... tools/lib/jython-stan
build	Setup Android SDK	2026-07-29T00:30:22.2915050Z [=============================          ] 73% Unzipping... tools/lib/annotations
build	Setup Android SDK	2026-07-29T00:30:22.2920382Z [=============================          ] 73% Unzipping... tools/lib/commons-log
build	Setup Android SDK	2026-07-29T00:30:22.3002822Z [=============================          ] 73% Unzipping... tools/lib/protobuf-ja
build	Setup Android SDK	2026-07-29T00:30:22.3007909Z [=============================          ] 73% Unzipping... tools/lib/fakeadbserv
build	Setup Android SDK	2026-07-29T00:30:22.3197292Z [=============================          ] 73% Unzipping... tools/lib/bcprov-jdk1
build	Setup Android SDK	2026-07-29T00:30:22.3198552Z [=============================          ] 73% Unzipping... tools/lib/x86/       
build	Setup Android SDK	2026-07-29T00:30:22.3285831Z [=============================          ] 73% Unzipping... tools/lib/x86/swt.jar
build	Setup Android SDK	2026-07-29T00:30:22.3342974Z [=============================          ] 73% Unzipping... tools/lib/kotlin-stdl
build	Setup Android SDK	2026-07-29T00:30:22.3372642Z [=============================          ] 73% Unzipping... tools/lib/commons-com
build	Setup Android SDK	2026-07-29T00:30:22.3419589Z [=============================          ] 73% Unzipping... tools/lib/lombok-ast-
build	Setup Android SDK	2026-07-29T00:30:22.3458507Z [=============================          ] 73% Unzipping... tools/lib/trove4j-201
build	Setup Android SDK	2026-07-29T00:30:22.3770031Z [=============================          ] 73% Unzipping... tools/lib/intellij-co
build	Setup Android SDK	2026-07-29T00:30:22.3956485Z [=============================          ] 74% Unzipping... tools/lib/intellij-co
build	Setup Android SDK	2026-07-29T00:30:22.3972688Z [=============================          ] 74% Unzipping... tools/lib/jimfs-1.1.j
build	Setup Android SDK	2026-07-29T00:30:22.3974806Z [=============================          ] 74% Unzipping... tools/lib/j2objc-anno
build	Setup Android SDK	2026-07-29T00:30:22.3981067Z [=============================          ] 74% Unzipping... tools/lib/jfreechart-
build	Setup Android SDK	2026-07-29T00:30:22.5018393Z [=============================          ] 74% Unzipping... tools/lib/monitor-x86
build	Setup Android SDK	2026-07-29T00:30:22.5491565Z [=============================          ] 75% Unzipping... tools/lib/monitor-x86
build	Setup Android SDK	2026-07-29T00:30:22.5949949Z [==============================         ] 75% Unzipping... tools/lib/monitor-x86
build	Setup Android SDK	2026-07-29T00:30:22.7360740Z [==============================         ] 76% Unzipping... tools/lib/monitor-x86
build	Setup Android SDK	2026-07-29T00:30:22.9336448Z [==============================         ] 77% Unzipping... tools/lib/monitor-x86
build	Setup Android SDK	2026-07-29T00:30:22.9342588Z [==============================         ] 77% Unzipping... tools/lib/generator.j
build	Setup Android SDK	2026-07-29T00:30:22.9343658Z [==============================         ] 77% Unzipping... tools/source.properti
build	Setup Android SDK	2026-07-29T00:30:22.9344560Z [==============================         ] 77% Unzipping... tools/bin/           
build	Setup Android SDK	2026-07-29T00:30:22.9345581Z [==============================         ] 77% Unzipping... tools/bin/avdmanager 
build	Setup Android SDK	2026-07-29T00:30:22.9347345Z [==============================         ] 77% Unzipping... tools/bin/jobb       
build	Setup Android SDK	2026-07-29T00:30:22.9348779Z [==============================         ] 77% Unzipping... tools/bin/uiautomator
build	Setup Android SDK	2026-07-29T00:30:22.9350406Z [==============================         ] 77% Unzipping... tools/bin/apkanalyzer
build	Setup Android SDK	2026-07-29T00:30:22.9351683Z [==============================         ] 77% Unzipping... tools/bin/monkeyrunne
build	Setup Android SDK	2026-07-29T00:30:22.9353080Z [==============================         ] 77% Unzipping... tools/bin/archquery  
build	Setup Android SDK	2026-07-29T00:30:22.9354483Z [==============================         ] 77% Unzipping... tools/bin/sdkmanager 
build	Setup Android SDK	2026-07-29T00:30:22.9356057Z [==============================         ] 77% Unzipping... tools/bin/lint       
build	Setup Android SDK	2026-07-29T00:30:22.9357656Z [==============================         ] 77% Unzipping... tools/bin/screenshot2
build	Setup Android SDK	2026-07-29T00:30:22.9381634Z [==============================         ] 77% Unzipping... tools/NOTICE.txt     
build	Setup Android SDK	2026-07-29T00:30:22.9424879Z [==============================         ] 77% Unzipping... tools/emulator       
build	Setup Android SDK	2026-07-29T00:30:22.9453154Z [==============================         ] 77% Unzipping... tools/emulator-check 
build	Setup Android SDK	2026-07-29T00:30:22.9454434Z [==============================         ] 77% Unzipping... tools/monitor        
build	Setup Android SDK	2026-07-29T00:30:22.9456458Z [==============================         ] 77% Unzipping... tools/android        
build	Setup Android SDK	2026-07-29T00:30:22.9459394Z [==============================         ] 77% Unzipping... tools/mksdcard       
build	Setup Android SDK	2026-07-29T00:30:22.9460684Z [==============================         ] 77% Unzipping... tools/support/       
build	Setup Android SDK	2026-07-29T00:30:22.9466087Z [==============================         ] 77% Unzipping... tools/support/typos-d
build	Setup Android SDK	2026-07-29T00:30:22.9469924Z [==============================         ] 77% Unzipping... tools/support/typos-e
build	Setup Android SDK	2026-07-29T00:30:22.9470670Z [==============================         ] 77% Unzipping... tools/support/annotat
build	Setup Android SDK	2026-07-29T00:30:22.9479425Z [==============================         ] 77% Unzipping... tools/support/typos-e
build	Setup Android SDK	2026-07-29T00:30:22.9482166Z [==============================         ] 77% Unzipping... tools/support/typos-t
build	Setup Android SDK	2026-07-29T00:30:22.9486382Z [==============================         ] 77% Unzipping... tools/support/typos-p
build	Setup Android SDK	2026-07-29T00:30:22.9492607Z [==============================         ] 77% Unzipping... tools/support/typos-i
build	Setup Android SDK	2026-07-29T00:30:22.9495244Z [==============================         ] 77% Unzipping... tools/support/typos-n
build	Setup Android SDK	2026-07-29T00:30:22.9498398Z [==============================         ] 77% Unzipping... tools/support/typos-h
build	Setup Android SDK	2026-07-29T00:30:22.9707921Z [==============================         ] 78% Unzipping... tools/support/typos-h
build	Setup Android SDK	2026-07-29T00:30:22.9708793Z [=======================================] 100% Unzipping... tools/support/typos-
build	Setup Android SDK	2026-07-29T00:30:22.9737133Z 
build	Setup Android SDK	2026-07-29T00:30:22.9826361Z [command]/usr/local/lib/android/sdk/cmdline-tools/16.0/bin/sdkmanager platform-tools
build	Setup Android SDK	2026-07-29T00:30:23.7022088Z Loading package information...                                                  
build	Setup Android SDK	2026-07-29T00:30:23.7765234Z Loading local repository...                                                     
build	Setup Android SDK	2026-07-29T00:30:23.7777691Z [                                       ] 3% Loading local repository...        
build	Setup Android SDK	2026-07-29T00:30:23.7809875Z [                                       ] 3% Fetch remote repository...         
build	Setup Android SDK	2026-07-29T00:30:24.0672154Z [=                                      ] 3% Fetch remote repository...         
build	Setup Android SDK	2026-07-29T00:30:24.1535508Z [=                                      ] 4% Fetch remote repository...         
build	Setup Android SDK	2026-07-29T00:30:24.1865025Z [=                                      ] 5% Fetch remote repository...         
build	Setup Android SDK	2026-07-29T00:30:24.2348478Z [==                                     ] 5% Fetch remote repository...         
build	Setup Android SDK	2026-07-29T00:30:24.2944940Z [==                                     ] 6% Fetch remote repository...         
build	Setup Android SDK	2026-07-29T00:30:24.3826993Z [==                                     ] 7% Fetch remote repository...         
build	Setup Android SDK	2026-07-29T00:30:24.3857835Z [==                                     ] 7% Computing updates...               
build	Setup Android SDK	2026-07-29T00:30:24.3937965Z [===                                    ] 8% Computing updates...               
build	Setup Android SDK	2026-07-29T00:30:24.4001647Z [===                                    ] 10% Computing updates...              
build	Setup Android SDK	2026-07-29T00:30:24.4017994Z [=======================================] 100% Computing updates...             
build	Setup Android SDK	2026-07-29T00:30:24.4018905Z 
build	Install Android SDK Components	﻿2026-07-29T00:30:24.4304437Z ##[group]Run yes | sdkmanager --licenses
build	Install Android SDK Components	2026-07-29T00:30:24.4304930Z [36;1myes | sdkmanager --licenses[0m
build	Install Android SDK Components	2026-07-29T00:30:24.4305272Z [36;1m[0m
build	Install Android SDK Components	2026-07-29T00:30:24.4305608Z [36;1msdkmanager \[0m
build	Install Android SDK Components	2026-07-29T00:30:24.4305955Z [36;1m  "platform-tools" \[0m
build	Install Android SDK Components	2026-07-29T00:30:24.4306281Z [36;1m  "platforms;android-35" \[0m
build	Install Android SDK Components	2026-07-29T00:30:24.4306654Z [36;1m  "build-tools;35.0.0" \[0m
build	Install Android SDK Components	2026-07-29T00:30:24.4307288Z [36;1m  "cmake;3.31.6" \[0m
build	Install Android SDK Components	2026-07-29T00:30:24.4307613Z [36;1m  "ndk;29.0.14206865"[0m
build	Install Android SDK Components	2026-07-29T00:30:24.4339384Z shell: /usr/bin/bash -e {0}
build	Install Android SDK Components	2026-07-29T00:30:24.4339811Z env:
build	Install Android SDK Components	2026-07-29T00:30:24.4340213Z   JAVA_HOME: /opt/hostedtoolcache/Java_Temurin-Hotspot_jdk/21.0.11-10/x64
build	Install Android SDK Components	2026-07-29T00:30:24.4340793Z   JAVA_HOME_21_X64: /opt/hostedtoolcache/Java_Temurin-Hotspot_jdk/21.0.11-10/x64
build	Install Android SDK Components	2026-07-29T00:30:24.4341267Z   ANDROID_HOME: /usr/local/lib/android/sdk
build	Install Android SDK Components	2026-07-29T00:30:24.4341637Z   ANDROID_SDK_ROOT: /usr/local/lib/android/sdk
build	Install Android SDK Components	2026-07-29T00:30:24.4342007Z ##[endgroup]
build	Install Android SDK Components	2026-07-29T00:30:25.2648940Z Loading local repository...                                                     
build	Install Android SDK Components	2026-07-29T00:30:25.2650343Z [=========                              ] 25% Loading local repository...       
build	Install Android SDK Components	2026-07-29T00:30:25.2699372Z [=========                              ] 25% Fetch remote repository...        
build	Install Android SDK Components	2026-07-29T00:30:25.4517463Z [==========                             ] 26% Fetch remote repository...        
build	Install Android SDK Components	2026-07-29T00:30:25.4548651Z [============                           ] 31% Fetch remote repository...        
build	Install Android SDK Components	2026-07-29T00:30:25.4978820Z [============                           ] 32% Fetch remote repository...        
build	Install Android SDK Components	2026-07-29T00:30:25.4987891Z [=============                          ] 33% Fetch remote repository...        
build	Install Android SDK Components	2026-07-29T00:30:25.5179696Z [=============                          ] 35% Fetch remote repository...        
build	Install Android SDK Components	2026-07-29T00:30:25.5181162Z [==============                         ] 36% Fetch remote repository...        
build	Install Android SDK Components	2026-07-29T00:30:25.5459004Z [==============                         ] 37% Fetch remote repository...        
build	Install Android SDK Components	2026-07-29T00:30:25.5460277Z [===============                        ] 38% Fetch remote repository...        
build	Install Android SDK Components	2026-07-29T00:30:25.5618212Z [===============                        ] 39% Fetch remote repository...        
build	Install Android SDK Components	2026-07-29T00:30:25.5620771Z [================                       ] 40% Fetch remote repository...        
build	Install Android SDK Components	2026-07-29T00:30:25.5795672Z [================                       ] 41% Fetch remote repository...        
build	Install Android SDK Components	2026-07-29T00:30:25.5798779Z [================                       ] 42% Fetch remote repository...        
build	Install Android SDK Components	2026-07-29T00:30:25.5964483Z [=================                      ] 44% Fetch remote repository...        
build	Install Android SDK Components	2026-07-29T00:30:25.5969881Z [=================                      ] 45% Fetch remote repository...        
build	Install Android SDK Components	2026-07-29T00:30:25.6144449Z [==================                     ] 46% Fetch remote repository...        
build	Install Android SDK Components	2026-07-29T00:30:25.6147801Z [==================                     ] 47% Fetch remote repository...        
build	Install Android SDK Components	2026-07-29T00:30:25.6458324Z [===================                    ] 48% Fetch remote repository...        
build	Install Android SDK Components	2026-07-29T00:30:25.6459349Z [===================                    ] 49% Fetch remote repository...        
build	Install Android SDK Components	2026-07-29T00:30:25.6608284Z [====================                   ] 50% Fetch remote repository...        
build	Install Android SDK Components	2026-07-29T00:30:25.6609866Z [====================                   ] 51% Fetch remote repository...        
build	Install Android SDK Components	2026-07-29T00:30:25.7051919Z [====================                   ] 53% Fetch remote repository...        
build	Install Android SDK Components	2026-07-29T00:30:25.7053675Z [=====================                  ] 54% Fetch remote repository...        
build	Install Android SDK Components	2026-07-29T00:30:25.7215233Z [=====================                  ] 55% Fetch remote repository...        
build	Install Android SDK Components	2026-07-29T00:30:25.7220135Z [======================                 ] 56% Fetch remote repository...        
build	Install Android SDK Components	2026-07-29T00:30:25.7370476Z [======================                 ] 57% Fetch remote repository...        
build	Install Android SDK Components	2026-07-29T00:30:25.7372415Z [=======================                ] 58% Fetch remote repository...        
build	Install Android SDK Components	2026-07-29T00:30:25.7699096Z [=======================                ] 59% Fetch remote repository...        
build	Install Android SDK Components	2026-07-29T00:30:25.7702471Z [========================               ] 60% Fetch remote repository...        
build	Install Android SDK Components	2026-07-29T00:30:25.7853949Z [========================               ] 61% Fetch remote repository...        
build	Install Android SDK Components	2026-07-29T00:30:25.7873052Z [=========================              ] 63% Fetch remote repository...        
build	Install Android SDK Components	2026-07-29T00:30:25.8017845Z [=========================              ] 64% Fetch remote repository...        
build	Install Android SDK Components	2026-07-29T00:30:25.8019212Z [=========================              ] 65% Fetch remote repository...        
build	Install Android SDK Components	2026-07-29T00:30:25.8148972Z [==========================             ] 66% Fetch remote repository...        
build	Install Android SDK Components	2026-07-29T00:30:25.8151639Z [==========================             ] 67% Fetch remote repository...        
build	Install Android SDK Components	2026-07-29T00:30:25.8394289Z [===========================            ] 68% Fetch remote repository...        
build	Install Android SDK Components	2026-07-29T00:30:25.8395927Z [===========================            ] 69% Fetch remote repository...        
build	Install Android SDK Components	2026-07-29T00:30:25.8470885Z [============================           ] 70% Fetch remote repository...        
build	Install Android SDK Components	2026-07-29T00:30:25.8473408Z [============================           ] 72% Fetch remote repository...        
build	Install Android SDK Components	2026-07-29T00:30:25.8619983Z [=============================          ] 73% Fetch remote repository...        
build	Install Android SDK Components	2026-07-29T00:30:25.8621514Z [=============================          ] 74% Fetch remote repository...        
build	Install Android SDK Components	2026-07-29T00:30:25.8693375Z [=============================          ] 75% Fetch remote repository...        
build	Install Android SDK Components	2026-07-29T00:30:25.8822513Z [=============================          ] 75% Computing updates...              
build	Install Android SDK Components	2026-07-29T00:30:25.8824183Z [=======================================] 100% Computing updates...             
build	Install Android SDK Components	2026-07-29T00:30:25.9059296Z All SDK package licenses accepted.
build	Install Android SDK Components	2026-07-29T00:30:25.9076336Z 
build	Install Android SDK Components	2026-07-29T00:30:25.9240704Z yes: standard output: Broken pipe
build	Install Android SDK Components	2026-07-29T00:30:26.6378737Z Loading package information...                                                  
build	Install Android SDK Components	2026-07-29T00:30:26.7226575Z Loading local repository...                                                     
build	Install Android SDK Components	2026-07-29T00:30:26.7230831Z [                                       ] 3% Loading local repository...        
build	Install Android SDK Components	2026-07-29T00:30:26.7268133Z [                                       ] 3% Fetch remote repository...         
build	Install Android SDK Components	2026-07-29T00:30:26.9784118Z [=                                      ] 3% Fetch remote repository...         
build	Install Android SDK Components	2026-07-29T00:30:27.0189946Z [=                                      ] 4% Fetch remote repository...         
build	Install Android SDK Components	2026-07-29T00:30:27.0400552Z [=                                      ] 5% Fetch remote repository...         
build	Install Android SDK Components	2026-07-29T00:30:27.0785473Z [==                                     ] 5% Fetch remote repository...         
build	Install Android SDK Components	2026-07-29T00:30:27.1205065Z [==                                     ] 6% Fetch remote repository...         
build	Install Android SDK Components	2026-07-29T00:30:27.1818421Z [==                                     ] 7% Fetch remote repository...         
build	Install Android SDK Components	2026-07-29T00:30:27.1820061Z [==                                     ] 7% Computing updates...               
build	Install Android SDK Components	2026-07-29T00:30:27.1928213Z [===                                    ] 8% Computing updates...               
build	Install Android SDK Components	2026-07-29T00:30:27.2018459Z [===                                    ] 10% Computing updates...              
build	Install Android SDK Components	2026-07-29T00:30:27.5996619Z [===                                    ] 10% Installing CMake 3.31.6           
build	Install Android SDK Components	2026-07-29T00:30:27.6381558Z [===                                    ] 10% Downloading cmake-3.31.6-linux.zip
build	Install Android SDK Components	2026-07-29T00:30:27.6704996Z [====                                   ] 10% Downloading cmake-3.31.6-linux.zip
build	Install Android SDK Components	2026-07-29T00:30:27.7062652Z [====                                   ] 11% Downloading cmake-3.31.6-linux.zip
build	Install Android SDK Components	2026-07-29T00:30:27.7373398Z [====                                   ] 12% Downloading cmake-3.31.6-linux.zip
build	Install Android SDK Components	2026-07-29T00:30:27.7564130Z [=====                                  ] 13% Downloading cmake-3.31.6-linux.zip
build	Install Android SDK Components	2026-07-29T00:30:27.7660318Z [=====                                  ] 14% Downloading cmake-3.31.6-linux.zip
build	Install Android SDK Components	2026-07-29T00:30:27.7733727Z [=====                                  ] 15% Downloading cmake-3.31.6-linux.zip
build	Install Android SDK Components	2026-07-29T00:30:27.7794610Z [======                                 ] 15% Downloading cmake-3.31.6-linux.zip
build	Install Android SDK Components	2026-07-29T00:30:27.7921032Z [======                                 ] 16% Downloading cmake-3.31.6-linux.zip
build	Install Android SDK Components	2026-07-29T00:30:27.8128807Z [======                                 ] 17% Downloading cmake-3.31.6-linux.zip
build	Install Android SDK Components	2026-07-29T00:30:27.8218087Z [=======                                ] 18% Downloading cmake-3.31.6-linux.zip
build	Install Android SDK Components	2026-07-29T00:30:27.8358343Z [=======                                ] 19% Downloading cmake-3.31.6-linux.zip
build	Install Android SDK Components	2026-07-29T00:30:27.8409479Z [=======                                ] 20% Downloading cmake-3.31.6-linux.zip
build	Install Android SDK Components	2026-07-29T00:30:27.8472755Z [========                               ] 20% Downloading cmake-3.31.6-linux.zip
build	Install Android SDK Components	2026-07-29T00:30:27.8592989Z [========                               ] 21% Downloading cmake-3.31.6-linux.zip
build	Install Android SDK Components	2026-07-29T00:30:27.8714519Z [========                               ] 22% Downloading cmake-3.31.6-linux.zip
build	Install Android SDK Components	2026-07-29T00:30:27.8794954Z [=========                              ] 23% Downloading cmake-3.31.6-linux.zip
build	Install Android SDK Components	2026-07-29T00:30:27.9190938Z [=========                              ] 24% Downloading cmake-3.31.6-linux.zip
build	Install Android SDK Components	2026-07-29T00:30:27.9251399Z [=========                              ] 25% Downloading cmake-3.31.6-linux.zip
build	Install Android SDK Components	2026-07-29T00:30:27.9330724Z [==========                             ] 25% Downloading cmake-3.31.6-linux.zip
build	Install Android SDK Components	2026-07-29T00:30:27.9579715Z [==========                             ] 26% Downloading cmake-3.31.6-linux.zip
build	Install Android SDK Components	2026-07-29T00:30:27.9710175Z [==========                             ] 27% Downloading cmake-3.31.6-linux.zip
build	Install Android SDK Components	2026-07-29T00:30:27.9849117Z [===========                            ] 28% Downloading cmake-3.31.6-linux.zip
build	Install Android SDK Components	2026-07-29T00:30:27.9967864Z [===========                            ] 29% Downloading cmake-3.31.6-linux.zip
build	Install Android SDK Components	2026-07-29T00:30:28.0013282Z [===========                            ] 30% Downloading cmake-3.31.6-linux.zip
build	Install Android SDK Components	2026-07-29T00:30:28.0082485Z [============                           ] 30% Downloading cmake-3.31.6-linux.zip
build	Install Android SDK Components	2026-07-29T00:30:28.0205753Z [============                           ] 31% Downloading cmake-3.31.6-linux.zip
build	Install Android SDK Components	2026-07-29T00:30:28.0321761Z [============                           ] 32% Downloading cmake-3.31.6-linux.zip
build	Install Android SDK Components	2026-07-29T00:30:28.0325683Z [============                           ] 33% Downloading cmake-3.31.6-linux.zip
build	Install Android SDK Components	2026-07-29T00:30:28.1687199Z [============                           ] 33% Unzipping...                      
build	Install Android SDK Components	2026-07-29T00:30:28.1731661Z [============                           ] 33% Unzipping... bin/cmake            
build	Install Android SDK Components	2026-07-29T00:30:28.2061150Z [=============                          ] 33% Unzipping... bin/cmake            
build	Install Android SDK Components	2026-07-29T00:30:28.2387394Z [=============                          ] 34% Unzipping... bin/cmake            
build	Install Android SDK Components	2026-07-29T00:30:28.2553421Z [=============                          ] 35% Unzipping... bin/cmake            
build	Install Android SDK Components	2026-07-29T00:30:28.2718687Z [==============                         ] 35% Unzipping... bin/cmake            
build	Install Android SDK Components	2026-07-29T00:30:28.2970033Z [==============                         ] 36% Unzipping... bin/cmake            
build	Install Android SDK Components	2026-07-29T00:30:28.3156458Z [==============                         ] 37% Unzipping... bin/cmake            
build	Install Android SDK Components	2026-07-29T00:30:28.3383422Z [===============                        ] 38% Unzipping... bin/cmake            
build	Install Android SDK Components	2026-07-29T00:30:28.3611807Z [===============                        ] 39% Unzipping... bin/cmake            
build	Install Android SDK Components	2026-07-29T00:30:28.3782713Z [===============                        ] 39% Unzipping... bin/cpack            
build	Install Android SDK Components	2026-07-29T00:30:28.3890634Z [===============                        ] 40% Unzipping... bin/cpack            
build	Install Android SDK Components	2026-07-29T00:30:28.4018072Z [================                       ] 40% Unzipping... bin/cpack            
build	Install Android SDK Components	2026-07-29T00:30:28.4256887Z [================                       ] 41% Unzipping... bin/cpack            
build	Install Android SDK Components	2026-07-29T00:30:28.4524442Z [================                       ] 42% Unzipping... bin/cpack            
build	Install Android SDK Components	2026-07-29T00:30:28.4711970Z [=================                      ] 43% Unzipping... bin/cpack            
build	Install Android SDK Components	2026-07-29T00:30:28.4904473Z [=================                      ] 44% Unzipping... bin/cpack            
build	Install Android SDK Components	2026-07-29T00:30:28.4986601Z [=================                      ] 45% Unzipping... bin/cpack            
build	Install Android SDK Components	2026-07-29T00:30:28.5058650Z [==================                     ] 45% Unzipping... bin/cpack            
build	Install Android SDK Components	2026-07-29T00:30:28.5118176Z [==================                     ] 45% Unzipping... bin/ctest            
build	Install Android SDK Components	2026-07-29T00:30:28.5353734Z [==================                     ] 46% Unzipping... bin/ctest            
build	Install Android SDK Components	2026-07-29T00:30:28.5575406Z [==================                     ] 47% Unzipping... bin/ctest            
build	Install Android SDK Components	2026-07-29T00:30:28.5825347Z [===================                    ] 48% Unzipping... bin/ctest            
build	Install Android SDK Components	2026-07-29T00:30:28.6084177Z [===================                    ] 49% Unzipping... bin/ctest            
build	Install Android SDK Components	2026-07-29T00:30:28.6153636Z [===================                    ] 50% Unzipping... bin/ctest            
build	Install Android SDK Components	2026-07-29T00:30:28.6249929Z [====================                   ] 50% Unzipping... bin/ctest            
build	Install Android SDK Components	2026-07-29T00:30:28.6442226Z [====================                   ] 51% Unzipping... bin/ctest            
build	Install Android SDK Components	2026-07-29T00:30:28.6567363Z [====================                   ] 52% Unzipping... bin/ctest            
build	Install Android SDK Components	2026-07-29T00:30:28.6573190Z [====================                   ] 52% Unzipping... doc/openssl-openssl-3
build	Install Android SDK Components	2026-07-29T00:30:28.6577642Z [====================                   ] 52% Unzipping... doc/cmake-3.31/Copyri
build	Install Android SDK Components	2026-07-29T00:30:28.6578544Z [====================                   ] 52% Unzipping... doc/cmake-3.31/cmlibl
build	Install Android SDK Components	2026-07-29T00:30:28.6580981Z [====================                   ] 52% Unzipping... doc/cmake-3.31/cmlibr
build	Install Android SDK Components	2026-07-29T00:30:28.6583087Z [====================                   ] 52% Unzipping... doc/cmake-3.31/cmzstd
build	Install Android SDK Components	2026-07-29T00:30:28.6585482Z [====================                   ] 52% Unzipping... doc/cmake-3.31/cmcurl
build	Install Android SDK Components	2026-07-29T00:30:28.6587849Z [====================                   ] 52% Unzipping... doc/cmake-3.31/cmzlib
build	Install Android SDK Components	2026-07-29T00:30:28.6590181Z [====================                   ] 52% Unzipping... doc/cmake-3.31/cmnght
build	Install Android SDK Components	2026-07-29T00:30:28.6592275Z [====================                   ] 52% Unzipping... doc/cmake-3.31/cmcppd
build	Install Android SDK Components	2026-07-29T00:30:28.6594792Z [====================                   ] 52% Unzipping... doc/cmake-3.31/cmliba
build	Install Android SDK Components	2026-07-29T00:30:28.6597187Z [====================                   ] 52% Unzipping... doc/cmake-3.31/cmsys/
build	Install Android SDK Components	2026-07-29T00:30:28.6599431Z [====================                   ] 52% Unzipping... doc/cmake-3.31/cmlibu
build	Install Android SDK Components	2026-07-29T00:30:28.6605919Z [====================                   ] 52% Unzipping... share/emacs/site-lisp
build	Install Android SDK Components	2026-07-29T00:30:28.6617290Z [====================                   ] 52% Unzipping... share/vim/vimfiles/sy
build	Install Android SDK Components	2026-07-29T00:30:28.6620316Z [====================                   ] 52% Unzipping... share/vim/vimfiles/in
build	Install Android SDK Components	2026-07-29T00:30:28.6622394Z [====================                   ] 52% Unzipping... share/aclocal/cmake.m
build	Install Android SDK Components	2026-07-29T00:30:28.6629968Z [====================                   ] 52% Unzipping... share/bash-completion
build	Install Android SDK Components	2026-07-29T00:30:28.8026611Z [====================                   ] 52% Unzipping... share/cmake-3.31/Modu
build	Install Android SDK Components	2026-07-29T00:30:29.0335424Z [=====================                  ] 53% Unzipping... share/cmake-3.31/Modu
build	Install Android SDK Components	2026-07-29T00:30:29.0478131Z [=====================                  ] 53% Unzipping... share/cmake-3.31/Temp
build	Install Android SDK Components	2026-07-29T00:30:29.0890246Z [=====================                  ] 53% Unzipping... share/cmake-3.31/Help
build	Install Android SDK Components	2026-07-29T00:30:29.3733280Z [=====================                  ] 54% Unzipping... share/cmake-3.31/Help
build	Install Android SDK Components	2026-07-29T00:30:29.3735149Z [=====================                  ] 54% Unzipping... share/cmake-3.31/incl
build	Install Android SDK Components	2026-07-29T00:30:29.3737730Z [=====================                  ] 54% Unzipping... source.properties    
build	Install Android SDK Components	2026-07-29T00:30:29.3832507Z [=====================                  ] 54% Unzipping... bin/ninja            
build	Install Android SDK Components	2026-07-29T00:30:29.3836061Z [=====================                  ] 54% Unzipping... doc/ninja/LICENSE    
build	Install Android SDK Components	2026-07-29T00:30:29.3839144Z [=====================                  ] 54% Unzipping... share/cmake-3.31/Modu
build	Install Android SDK Components	2026-07-29T00:30:29.3926218Z [=====================                  ] 55% Unzipping... share/cmake-3.31/Modu
build	Install Android SDK Components	2026-07-29T00:30:29.3930273Z [=======================================] 100% Unzipping... share/cmake-3.31/Mod
build	Install Android SDK Components	2026-07-29T00:30:29.5121718Z 
build	Verify installation	﻿2026-07-29T00:30:29.5340225Z ##[group]Run java -version
build	Verify installation	2026-07-29T00:30:29.5340681Z [36;1mjava -version[0m
build	Verify installation	2026-07-29T00:30:29.5341002Z [36;1mcmake --version || true[0m
build	Verify installation	2026-07-29T00:30:29.5341420Z [36;1mls -lah "$ANDROID_SDK_ROOT/cmake"[0m
build	Verify installation	2026-07-29T00:30:29.5341820Z [36;1mls -lah "$ANDROID_SDK_ROOT/ndk"[0m
build	Verify installation	2026-07-29T00:30:29.5372688Z shell: /usr/bin/bash -e {0}
build	Verify installation	2026-07-29T00:30:29.5373073Z env:
build	Verify installation	2026-07-29T00:30:29.5373550Z   JAVA_HOME: /opt/hostedtoolcache/Java_Temurin-Hotspot_jdk/21.0.11-10/x64
build	Verify installation	2026-07-29T00:30:29.5374159Z   JAVA_HOME_21_X64: /opt/hostedtoolcache/Java_Temurin-Hotspot_jdk/21.0.11-10/x64
build	Verify installation	2026-07-29T00:30:29.5374627Z   ANDROID_HOME: /usr/local/lib/android/sdk
build	Verify installation	2026-07-29T00:30:29.5375053Z   ANDROID_SDK_ROOT: /usr/local/lib/android/sdk
build	Verify installation	2026-07-29T00:30:29.5375415Z ##[endgroup]
build	Verify installation	2026-07-29T00:30:29.5758523Z openjdk version "21.0.11" 2026-04-21 LTS
build	Verify installation	2026-07-29T00:30:29.5777133Z OpenJDK Runtime Environment Temurin-21.0.11+10 (build 21.0.11+10-LTS)
build	Verify installation	2026-07-29T00:30:29.5778167Z OpenJDK 64-Bit Server VM Temurin-21.0.11+10 (build 21.0.11+10-LTS, mixed mode, sharing)
build	Verify installation	2026-07-29T00:30:29.9919135Z cmake version 3.31.6
build	Verify installation	2026-07-29T00:30:29.9919864Z 
build	Verify installation	2026-07-29T00:30:29.9921002Z CMake suite maintained and supported by Kitware (kitware.com/cmake).
build	Verify installation	2026-07-29T00:30:29.9936572Z total 20K
build	Verify installation	2026-07-29T00:30:29.9937366Z drwxrwxrwx  5 root   root   4.0K Jul 29 00:30 .
build	Verify installation	2026-07-29T00:30:29.9938276Z drwxrwxrwx 13 root   root   4.0K Jul 29 00:30 ..
build	Verify installation	2026-07-29T00:30:29.9938972Z drwxrwxrwx  5 root   root   4.0K Jul 20 08:43 3.31.5
build	Verify installation	2026-07-29T00:30:29.9939540Z drwxr-xr-x  5 runner runner 4.0K Jul 29 00:30 3.31.6
build	Verify installation	2026-07-29T00:30:29.9940143Z drwxrwxrwx  5 root   root   4.0K Jul 20 08:43 4.1.2
build	Verify installation	2026-07-29T00:30:29.9949752Z total 20K
build	Verify installation	2026-07-29T00:30:29.9950313Z drwxrwxrwx  5 root root 4.0K Jul 20 08:43 .
build	Verify installation	2026-07-29T00:30:29.9950754Z drwxrwxrwx 13 root root 4.0K Jul 29 00:30 ..
build	Verify installation	2026-07-29T00:30:29.9951214Z drwxrwxrwx 11 root root 4.0K Jul 20 08:43 27.3.13750724
build	Verify installation	2026-07-29T00:30:29.9951741Z drwxrwxrwx 11 root root 4.0K Jul 20 08:42 28.2.13676358
build	Verify installation	2026-07-29T00:30:29.9952529Z drwxrwxrwx 11 root root 4.0K Jul 20 08:42 29.0.14206865
build	Make Gradle executable	﻿2026-07-29T00:30:29.9982922Z ##[group]Run chmod +x gradlew
build	Make Gradle executable	2026-07-29T00:30:29.9983437Z [36;1mchmod +x gradlew[0m
build	Make Gradle executable	2026-07-29T00:30:30.0011983Z shell: /usr/bin/bash -e {0}
build	Make Gradle executable	2026-07-29T00:30:30.0012461Z env:
build	Make Gradle executable	2026-07-29T00:30:30.0012873Z   JAVA_HOME: /opt/hostedtoolcache/Java_Temurin-Hotspot_jdk/21.0.11-10/x64
build	Make Gradle executable	2026-07-29T00:30:30.0013468Z   JAVA_HOME_21_X64: /opt/hostedtoolcache/Java_Temurin-Hotspot_jdk/21.0.11-10/x64
build	Make Gradle executable	2026-07-29T00:30:30.0013956Z   ANDROID_HOME: /usr/local/lib/android/sdk
build	Make Gradle executable	2026-07-29T00:30:30.0014337Z   ANDROID_SDK_ROOT: /usr/local/lib/android/sdk
build	Make Gradle executable	2026-07-29T00:30:30.0014747Z ##[endgroup]
build	Install required packages	﻿2026-07-29T00:30:30.0104868Z ##[group]Run sudo apt-get update
build	Install required packages	2026-07-29T00:30:30.0105326Z [36;1msudo apt-get update[0m
build	Install required packages	2026-07-29T00:30:30.0105739Z [36;1msudo apt-get install -y curl wget tar unzip xz-utils[0m
build	Install required packages	2026-07-29T00:30:30.0132218Z shell: /usr/bin/bash -e {0}
build	Install required packages	2026-07-29T00:30:30.0132630Z env:
build	Install required packages	2026-07-29T00:30:30.0133047Z   JAVA_HOME: /opt/hostedtoolcache/Java_Temurin-Hotspot_jdk/21.0.11-10/x64
build	Install required packages	2026-07-29T00:30:30.0133611Z   JAVA_HOME_21_X64: /opt/hostedtoolcache/Java_Temurin-Hotspot_jdk/21.0.11-10/x64
build	Install required packages	2026-07-29T00:30:30.0134121Z   ANDROID_HOME: /usr/local/lib/android/sdk
build	Install required packages	2026-07-29T00:30:30.0134522Z   ANDROID_SDK_ROOT: /usr/local/lib/android/sdk
build	Install required packages	2026-07-29T00:30:30.0134864Z ##[endgroup]
build	Install required packages	2026-07-29T00:30:30.1054749Z Get:1 file:/etc/apt/apt-mirrors.txt Mirrorlist [144 B]
build	Install required packages	2026-07-29T00:30:30.1575443Z Hit:6 https://packages.microsoft.com/repos/azure-cli noble InRelease
build	Install required packages	2026-07-29T00:30:30.1577127Z Hit:2 http://azure.archive.ubuntu.com/ubuntu noble InRelease
build	Install required packages	2026-07-29T00:30:30.1595836Z Get:7 https://packages.microsoft.com/ubuntu/24.04/prod noble InRelease [3600 B]
build	Install required packages	2026-07-29T00:30:30.1602016Z Get:3 http://azure.archive.ubuntu.com/ubuntu noble-updates InRelease [126 kB]
build	Install required packages	2026-07-29T00:30:30.1926214Z Get:4 http://azure.archive.ubuntu.com/ubuntu noble-backports InRelease [126 kB]
build	Install required packages	2026-07-29T00:30:30.1975002Z Get:5 http://azure.archive.ubuntu.com/ubuntu noble-security InRelease [126 kB]
build	Install required packages	2026-07-29T00:30:30.2019501Z Get:8 https://dl.google.com/linux/chrome-stable/deb stable InRelease [2548 B]
build	Install required packages	2026-07-29T00:30:30.3380884Z Get:9 http://azure.archive.ubuntu.com/ubuntu noble-updates/main amd64 Packages [1153 kB]
build	Install required packages	2026-07-29T00:30:30.3551866Z Get:10 http://azure.archive.ubuntu.com/ubuntu noble-updates/main Translation-en [278 kB]
build	Install required packages	2026-07-29T00:30:30.3592184Z Get:11 http://azure.archive.ubuntu.com/ubuntu noble-updates/main amd64 Components [180 kB]
build	Install required packages	2026-07-29T00:30:30.3602919Z Get:12 http://azure.archive.ubuntu.com/ubuntu noble-updates/universe amd64 Packages [1678 kB]
build	Install required packages	2026-07-29T00:30:30.3683491Z Get:13 http://azure.archive.ubuntu.com/ubuntu noble-updates/universe Translation-en [334 kB]
build	Install required packages	2026-07-29T00:30:30.3707554Z Get:14 http://azure.archive.ubuntu.com/ubuntu noble-updates/universe amd64 Components [389 kB]
build	Install required packages	2026-07-29T00:30:30.3731788Z Get:15 http://azure.archive.ubuntu.com/ubuntu noble-updates/restricted amd64 Packages [1367 kB]
build	Install required packages	2026-07-29T00:30:30.3818007Z Get:16 http://azure.archive.ubuntu.com/ubuntu noble-updates/restricted Translation-en [308 kB]
build	Install required packages	2026-07-29T00:30:30.3825419Z Get:17 http://azure.archive.ubuntu.com/ubuntu noble-updates/multiverse amd64 Packages [45.4 kB]
build	Install required packages	2026-07-29T00:30:30.3833835Z Get:18 http://azure.archive.ubuntu.com/ubuntu noble-updates/multiverse Translation-en [12.3 kB]
build	Install required packages	2026-07-29T00:30:30.4321682Z Get:19 http://azure.archive.ubuntu.com/ubuntu noble-updates/multiverse amd64 Components [940 B]
build	Install required packages	2026-07-29T00:30:30.4340181Z Get:20 http://azure.archive.ubuntu.com/ubuntu noble-backports/main amd64 Components [5760 B]
build	Install required packages	2026-07-29T00:30:30.4363354Z Get:21 http://azure.archive.ubuntu.com/ubuntu noble-backports/universe amd64 Packages [32.5 kB]
build	Install required packages	2026-07-29T00:30:30.4365994Z Get:22 http://azure.archive.ubuntu.com/ubuntu noble-backports/universe amd64 Components [12.6 kB]
build	Install required packages	2026-07-29T00:30:30.4400003Z Get:23 http://azure.archive.ubuntu.com/ubuntu noble-security/main amd64 Packages [898 kB]
build	Install required packages	2026-07-29T00:30:30.4471121Z Get:24 http://azure.archive.ubuntu.com/ubuntu noble-security/main Translation-en [198 kB]
build	Install required packages	2026-07-29T00:30:30.4482791Z Get:25 http://azure.archive.ubuntu.com/ubuntu noble-security/main amd64 Components [46.3 kB]
build	Install required packages	2026-07-29T00:30:30.4497507Z Get:26 http://azure.archive.ubuntu.com/ubuntu noble-security/universe amd64 Packages [1199 kB]
build	Install required packages	2026-07-29T00:30:30.4578470Z Get:27 http://azure.archive.ubuntu.com/ubuntu noble-security/universe Translation-en [239 kB]
build	Install required packages	2026-07-29T00:30:30.4617254Z Get:28 http://azure.archive.ubuntu.com/ubuntu noble-security/universe amd64 Components [76.2 kB]
build	Install required packages	2026-07-29T00:30:30.4634634Z Get:29 http://azure.archive.ubuntu.com/ubuntu noble-security/restricted amd64 Packages [1273 kB]
build	Install required packages	2026-07-29T00:30:30.4701618Z Get:30 http://azure.archive.ubuntu.com/ubuntu noble-security/restricted Translation-en [290 kB]
build	Install required packages	2026-07-29T00:30:30.4727793Z Get:31 http://azure.archive.ubuntu.com/ubuntu noble-security/multiverse amd64 Packages [40.3 kB]
build	Install required packages	2026-07-29T00:30:30.4747110Z Get:32 http://azure.archive.ubuntu.com/ubuntu noble-security/multiverse Translation-en [10.6 kB]
build	Install required packages	2026-07-29T00:30:30.5035259Z Get:33 https://packages.microsoft.com/ubuntu/24.04/prod noble/main amd64 Packages [252 kB]
build	Install required packages	2026-07-29T00:30:30.5072336Z Get:34 https://packages.microsoft.com/ubuntu/24.04/prod noble/main arm64 Packages [217 kB]
build	Install required packages	2026-07-29T00:30:30.5640484Z Get:35 https://dl.google.com/linux/chrome-stable/deb stable/main amd64 Packages [1421 B]
build	Install required packages	2026-07-29T00:30:34.9627497Z Fetched 10.9 MB in 1s (7680 kB/s)
build	Install required packages	2026-07-29T00:30:35.7443574Z Reading package lists...
build	Install required packages	2026-07-29T00:30:35.7787469Z Reading package lists...
build	Install required packages	2026-07-29T00:30:35.9450981Z Building dependency tree...
build	Install required packages	2026-07-29T00:30:35.9457883Z Reading state information...
build	Install required packages	2026-07-29T00:30:36.1104761Z curl is already the newest version (8.5.0-2ubuntu10.11).
build	Install required packages	2026-07-29T00:30:36.1105391Z unzip is already the newest version (6.0-28ubuntu4.1).
build	Install required packages	2026-07-29T00:30:36.1106263Z xz-utils is already the newest version (5.6.1+really5.4.5-1ubuntu0.3).
build	Install required packages	2026-07-29T00:30:36.1107012Z Suggested packages:
build	Install required packages	2026-07-29T00:30:36.1107548Z   ncompress tar-scripts tar-doc
build	Install required packages	2026-07-29T00:30:36.1283014Z The following packages will be upgraded:
build	Install required packages	2026-07-29T00:30:36.1283947Z   tar wget
build	Install required packages	2026-07-29T00:30:36.1438273Z 2 upgraded, 0 newly installed, 0 to remove and 71 not upgraded.
build	Install required packages	2026-07-29T00:30:36.1438840Z Need to get 590 kB of archives.
build	Install required packages	2026-07-29T00:30:36.1439417Z After this operation, 0 B of additional disk space will be used.
build	Install required packages	2026-07-29T00:30:36.1439957Z Get:1 file:/etc/apt/apt-mirrors.txt Mirrorlist [144 B]
build	Install required packages	2026-07-29T00:30:36.2089822Z Get:2 http://azure.archive.ubuntu.com/ubuntu noble-updates/main amd64 tar amd64 1.35+dfsg-3ubuntu0.4 [256 kB]
build	Install required packages	2026-07-29T00:30:36.2385333Z Get:3 http://azure.archive.ubuntu.com/ubuntu noble-updates/main amd64 wget amd64 1.21.4-1ubuntu4.4 [334 kB]
build	Install required packages	2026-07-29T00:30:36.5132103Z Fetched 590 kB in 0s (5538 kB/s)
build	Install required packages	2026-07-29T00:30:37.0178939Z (Reading database ... 
build	Install required packages	2026-07-29T00:30:37.0179624Z (Reading database ... 5%
build	Install required packages	2026-07-29T00:30:37.0179991Z (Reading database ... 10%
build	Install required packages	2026-07-29T00:30:37.0180332Z (Reading database ... 15%
build	Install required packages	2026-07-29T00:30:37.0180709Z (Reading database ... 20%
build	Install required packages	2026-07-29T00:30:37.0181079Z (Reading database ... 25%
build	Install required packages	2026-07-29T00:30:37.0181456Z (Reading database ... 30%
build	Install required packages	2026-07-29T00:30:37.0181803Z (Reading database ... 35%
build	Install required packages	2026-07-29T00:30:37.0182141Z (Reading database ... 40%
build	Install required packages	2026-07-29T00:30:37.0182510Z (Reading database ... 45%
build	Install required packages	2026-07-29T00:30:37.0182853Z (Reading database ... 50%
build	Install required packages	2026-07-29T00:30:37.0986418Z (Reading database ... 55%
build	Install required packages	2026-07-29T00:30:37.2079333Z (Reading database ... 60%
build	Install required packages	2026-07-29T00:30:37.3990020Z (Reading database ... 65%
build	Install required packages	2026-07-29T00:30:37.5523863Z (Reading database ... 70%
build	Install required packages	2026-07-29T00:30:37.7009113Z (Reading database ... 75%
build	Install required packages	2026-07-29T00:30:37.8518463Z (Reading database ... 80%
build	Install required packages	2026-07-29T00:30:38.0670419Z (Reading database ... 85%
build	Install required packages	2026-07-29T00:30:38.1490268Z (Reading database ... 90%
build	Install required packages	2026-07-29T00:30:38.2772846Z (Reading database ... 95%
build	Install required packages	2026-07-29T00:30:38.2773546Z (Reading database ... 100%
build	Install required packages	2026-07-29T00:30:38.2774203Z (Reading database ... 202954 files and directories currently installed.)
build	Install required packages	2026-07-29T00:30:38.2819343Z Preparing to unpack .../tar_1.35+dfsg-3ubuntu0.4_amd64.deb ...
build	Install required packages	2026-07-29T00:30:38.3053416Z Unpacking tar (1.35+dfsg-3ubuntu0.4) over (1.35+dfsg-3ubuntu0.3) ...
build	Install required packages	2026-07-29T00:30:38.3580545Z Setting up tar (1.35+dfsg-3ubuntu0.4) ...
build	Install required packages	2026-07-29T00:30:38.4244313Z (Reading database ... 
build	Install required packages	2026-07-29T00:30:38.4245244Z (Reading database ... 5%
build	Install required packages	2026-07-29T00:30:38.4245846Z (Reading database ... 10%
build	Install required packages	2026-07-29T00:30:38.4246427Z (Reading database ... 15%
build	Install required packages	2026-07-29T00:30:38.4247262Z (Reading database ... 20%
build	Install required packages	2026-07-29T00:30:38.4247753Z (Reading database ... 25%
build	Install required packages	2026-07-29T00:30:38.4248253Z (Reading database ... 30%
build	Install required packages	2026-07-29T00:30:38.4248705Z (Reading database ... 35%
build	Install required packages	2026-07-29T00:30:38.4249398Z (Reading database ... 40%
build	Install required packages	2026-07-29T00:30:38.4249922Z (Reading database ... 45%
build	Install required packages	2026-07-29T00:30:38.4250369Z (Reading database ... 50%
build	Install required packages	2026-07-29T00:30:38.4251366Z (Reading database ... 55%
build	Install required packages	2026-07-29T00:30:38.4361546Z (Reading database ... 60%
build	Install required packages	2026-07-29T00:30:38.4389637Z (Reading database ... 65%
build	Install required packages	2026-07-29T00:30:38.4415219Z (Reading database ... 70%
build	Install required packages	2026-07-29T00:30:38.4446276Z (Reading database ... 75%
build	Install required packages	2026-07-29T00:30:38.4487579Z (Reading database ... 80%
build	Install required packages	2026-07-29T00:30:38.4651477Z (Reading database ... 85%
build	Install required packages	2026-07-29T00:30:38.4744107Z (Reading database ... 90%
build	Install required packages	2026-07-29T00:30:38.5025902Z (Reading database ... 95%
build	Install required packages	2026-07-29T00:30:38.5026632Z (Reading database ... 100%
build	Install required packages	2026-07-29T00:30:38.5027700Z (Reading database ... 202954 files and directories currently installed.)
build	Install required packages	2026-07-29T00:30:38.5073622Z Preparing to unpack .../wget_1.21.4-1ubuntu4.4_amd64.deb ...
build	Install required packages	2026-07-29T00:30:38.5183431Z Unpacking wget (1.21.4-1ubuntu4.4) over (1.21.4-1ubuntu4.3) ...
build	Install required packages	2026-07-29T00:30:38.5726956Z Setting up wget (1.21.4-1ubuntu4.4) ...
build	Install required packages	2026-07-29T00:30:38.5792668Z Processing triggers for install-info (7.1-3build2) ...
build	Install required packages	2026-07-29T00:30:38.6862527Z Processing triggers for man-db (2.12.0-4build2) ...
build	Install required packages	2026-07-29T00:30:38.6896383Z Not building database; man-db/auto-update is not 'true'.
build	Install required packages	2026-07-29T00:30:39.2876435Z 
build	Install required packages	2026-07-29T00:30:39.2877399Z Running kernel seems to be up-to-date.
build	Install required packages	2026-07-29T00:30:39.2877948Z 
build	Install required packages	2026-07-29T00:30:39.2878518Z No services need to be restarted.
build	Install required packages	2026-07-29T00:30:39.2878908Z 
build	Install required packages	2026-07-29T00:30:39.2879238Z No containers need to be restarted.
build	Install required packages	2026-07-29T00:30:39.2879554Z 
build	Install required packages	2026-07-29T00:30:39.2879965Z No user sessions are running outdated binaries.
build	Install required packages	2026-07-29T00:30:39.2880277Z 
build	Install required packages	2026-07-29T00:30:39.2880694Z No VM guests are running outdated hypervisor (qemu) binaries on this host.
build	Download third-party sources	﻿2026-07-29T00:30:40.2080767Z ##[group]Run set -eux
build	Download third-party sources	2026-07-29T00:30:40.2081162Z [36;1mset -eux[0m
build	Download third-party sources	2026-07-29T00:30:40.2081475Z [36;1m[0m
build	Download third-party sources	2026-07-29T00:30:40.2081799Z [36;1mchmod +x bz2/downloadBz2.sh[0m
build	Download third-party sources	2026-07-29T00:30:40.2082192Z [36;1mchmod +x lz4/downloadLz4.sh[0m
build	Download third-party sources	2026-07-29T00:30:40.2082585Z [36;1mchmod +x snappy/downloadSnappy.sh[0m
build	Download third-party sources	2026-07-29T00:30:40.2082974Z [36;1mchmod +x zstd/downloadZstd.sh[0m
build	Download third-party sources	2026-07-29T00:30:40.2083305Z [36;1m[0m
build	Download third-party sources	2026-07-29T00:30:40.2083635Z [36;1m./bz2/downloadBz2.sh[0m
build	Download third-party sources	2026-07-29T00:30:40.2084004Z [36;1m./lz4/downloadLz4.sh[0m
build	Download third-party sources	2026-07-29T00:30:40.2084367Z [36;1m./snappy/downloadSnappy.sh[0m
build	Download third-party sources	2026-07-29T00:30:40.2084748Z [36;1m./zstd/downloadZstd.sh[0m
build	Download third-party sources	2026-07-29T00:30:40.2085083Z [36;1m[0m
build	Download third-party sources	2026-07-29T00:30:40.2085390Z [36;1mecho "=== Verificando ==="[0m
build	Download third-party sources	2026-07-29T00:30:40.2085754Z [36;1m[0m
build	Download third-party sources	2026-07-29T00:30:40.2086033Z [36;1mls -lah bz2[0m
build	Download third-party sources	2026-07-29T00:30:40.2086369Z [36;1mls -lah lz4[0m
build	Download third-party sources	2026-07-29T00:30:40.2086665Z [36;1mls -lah snappy[0m
build	Download third-party sources	2026-07-29T00:30:40.2087175Z [36;1mls -lah zstd[0m
build	Download third-party sources	2026-07-29T00:30:40.2087703Z [36;1m[0m
build	Download third-party sources	2026-07-29T00:30:40.2087999Z [36;1mtest -d snappy/snappy-1.2.1[0m
build	Download third-party sources	2026-07-29T00:30:40.2121130Z shell: /usr/bin/bash --noprofile --norc -e -o pipefail {0}
build	Download third-party sources	2026-07-29T00:30:40.2121655Z env:
build	Download third-party sources	2026-07-29T00:30:40.2122095Z   JAVA_HOME: /opt/hostedtoolcache/Java_Temurin-Hotspot_jdk/21.0.11-10/x64
build	Download third-party sources	2026-07-29T00:30:40.2122661Z   JAVA_HOME_21_X64: /opt/hostedtoolcache/Java_Temurin-Hotspot_jdk/21.0.11-10/x64
build	Download third-party sources	2026-07-29T00:30:40.2123150Z   ANDROID_HOME: /usr/local/lib/android/sdk
build	Download third-party sources	2026-07-29T00:30:40.2123529Z   ANDROID_SDK_ROOT: /usr/local/lib/android/sdk
build	Download third-party sources	2026-07-29T00:30:40.2124058Z ##[endgroup]
build	Download third-party sources	2026-07-29T00:30:40.2175103Z + chmod +x bz2/downloadBz2.sh
build	Download third-party sources	2026-07-29T00:30:40.2184876Z + chmod +x lz4/downloadLz4.sh
build	Download third-party sources	2026-07-29T00:30:40.2194399Z + chmod +x snappy/downloadSnappy.sh
build	Download third-party sources	2026-07-29T00:30:40.2203454Z + chmod +x zstd/downloadZstd.sh
build	Download third-party sources	2026-07-29T00:30:40.2211753Z + ./bz2/downloadBz2.sh
build	Download third-party sources	2026-07-29T00:30:40.2229127Z Usage: ./bz2/downloadBz2.sh <BZIP2_VERSION> <EXPECTED_SHA>
build	Download third-party sources	2026-07-29T00:30:40.2243105Z ##[error]Process completed with exit code 1.
build	List outputs	﻿2026-07-29T00:30:40.2324461Z ##[group]Run find . -type f | grep -Ei "\.(aar|so|jar)$" || true
build	List outputs	2026-07-29T00:30:40.2324999Z [36;1mfind . -type f | grep -Ei "\.(aar|so|jar)$" || true[0m
build	List outputs	2026-07-29T00:30:40.2351650Z shell: /usr/bin/bash -e {0}
build	List outputs	2026-07-29T00:30:40.2352042Z env:
build	List outputs	2026-07-29T00:30:40.2352458Z   JAVA_HOME: /opt/hostedtoolcache/Java_Temurin-Hotspot_jdk/21.0.11-10/x64
build	List outputs	2026-07-29T00:30:40.2353041Z   JAVA_HOME_21_X64: /opt/hostedtoolcache/Java_Temurin-Hotspot_jdk/21.0.11-10/x64
build	List outputs	2026-07-29T00:30:40.2353546Z   ANDROID_HOME: /usr/local/lib/android/sdk
build	List outputs	2026-07-29T00:30:40.2353960Z   ANDROID_SDK_ROOT: /usr/local/lib/android/sdk
build	List outputs	2026-07-29T00:30:40.2354348Z ##[endgroup]
build	List outputs	2026-07-29T00:30:40.2443341Z ./gradle/wrapper/gradle-wrapper.jar
build	Upload Native Libraries	﻿2026-07-29T00:30:40.2499386Z Node 20 is being deprecated. This workflow is running with Node 24 by default. If you need to temporarily use Node 20, you can set the ACTIONS_ALLOW_USE_UNSECURE_NODE_VERSION=true environment variable. For more information see: https://github.blog/changelog/2025-09-19-deprecation-of-node-20-on-github-actions-runners/
build	Upload Native Libraries	2026-07-29T00:30:40.2500717Z ##[group]Run actions/upload-artifact@v4
build	Upload Native Libraries	2026-07-29T00:30:40.2501074Z with:
build	Upload Native Libraries	2026-07-29T00:30:40.2501345Z   name: rocksdb-native-libs
build	Upload Native Libraries	2026-07-29T00:30:40.2501731Z   path: **/*.so
build	Upload Native Libraries	
build	Upload Native Libraries	2026-07-29T00:30:40.2502075Z   if-no-files-found: warn
build	Upload Native Libraries	2026-07-29T00:30:40.2502409Z   compression-level: 6
build	Upload Native Libraries	2026-07-29T00:30:40.2502731Z   overwrite: false
build	Upload Native Libraries	2026-07-29T00:30:40.2503052Z   include-hidden-files: false
build	Upload Native Libraries	2026-07-29T00:30:40.2503408Z env:
build	Upload Native Libraries	2026-07-29T00:30:40.2503825Z   JAVA_HOME: /opt/hostedtoolcache/Java_Temurin-Hotspot_jdk/21.0.11-10/x64
build	Upload Native Libraries	2026-07-29T00:30:40.2504395Z   JAVA_HOME_21_X64: /opt/hostedtoolcache/Java_Temurin-Hotspot_jdk/21.0.11-10/x64
build	Upload Native Libraries	2026-07-29T00:30:40.2504910Z   ANDROID_HOME: /usr/local/lib/android/sdk
build	Upload Native Libraries	2026-07-29T00:30:40.2505350Z   ANDROID_SDK_ROOT: /usr/local/lib/android/sdk
build	Upload Native Libraries	2026-07-29T00:30:40.2505739Z ##[endgroup]
build	Upload Native Libraries	2026-07-29T00:30:40.4178314Z (node:3233) [DEP0040] DeprecationWarning: The `punycode` module is deprecated. Please use a userland alternative instead.
build	Upload Native Libraries	2026-07-29T00:30:40.4179813Z (Use `node --trace-deprecation ...` to show where the warning was created)
build	Upload Native Libraries	2026-07-29T00:30:40.5962285Z ##[warning]No files were found with the provided path: **/*.so. No artifacts will be uploaded.
build	Upload Build Logs	﻿2026-07-29T00:30:40.6162849Z Node 20 is being deprecated. This workflow is running with Node 24 by default. If you need to temporarily use Node 20, you can set the ACTIONS_ALLOW_USE_UNSECURE_NODE_VERSION=true environment variable. For more information see: https://github.blog/changelog/2025-09-19-deprecation-of-node-20-on-github-actions-runners/
build	Upload Build Logs	2026-07-29T00:30:40.6164109Z ##[group]Run actions/upload-artifact@v4
build	Upload Build Logs	2026-07-29T00:30:40.6164459Z with:
build	Upload Build Logs	2026-07-29T00:30:40.6164787Z   name: gradle-logs
build	Upload Build Logs	2026-07-29T00:30:40.6165152Z   path: **/build/reports/**
build	Upload Build Logs	**/build/outputs/logs/**
build	Upload Build Logs	**/*.log
build	Upload Build Logs	
build	Upload Build Logs	2026-07-29T00:30:40.6165589Z   if-no-files-found: warn
build	Upload Build Logs	2026-07-29T00:30:40.6165953Z   compression-level: 6
build	Upload Build Logs	2026-07-29T00:30:40.6166257Z   overwrite: false
build	Upload Build Logs	2026-07-29T00:30:40.6166578Z   include-hidden-files: false
build	Upload Build Logs	2026-07-29T00:30:40.6167000Z env:
build	Upload Build Logs	2026-07-29T00:30:40.6167373Z   JAVA_HOME: /opt/hostedtoolcache/Java_Temurin-Hotspot_jdk/21.0.11-10/x64
build	Upload Build Logs	2026-07-29T00:30:40.6168029Z   JAVA_HOME_21_X64: /opt/hostedtoolcache/Java_Temurin-Hotspot_jdk/21.0.11-10/x64
build	Upload Build Logs	2026-07-29T00:30:40.6168571Z   ANDROID_HOME: /usr/local/lib/android/sdk
build	Upload Build Logs	2026-07-29T00:30:40.6169003Z   ANDROID_SDK_ROOT: /usr/local/lib/android/sdk
build	Upload Build Logs	2026-07-29T00:30:40.6169368Z ##[endgroup]
build	Upload Build Logs	2026-07-29T00:30:40.7818090Z (node:3247) [DEP0040] DeprecationWarning: The `punycode` module is deprecated. Please use a userland alternative instead.
build	Upload Build Logs	2026-07-29T00:30:40.7819893Z (Use `node --trace-deprecation ...` to show where the warning was created)
build	Upload Build Logs	2026-07-29T00:30:40.9545545Z ##[warning]No files were found with the provided path: **/build/reports/**
build	Upload Build Logs	**/build/outputs/logs/**
build	Upload Build Logs	**/*.log. No artifacts will be uploaded.
build	Post Setup Java	﻿2026-07-29T00:30:40.9931289Z Node 20 is being deprecated. This workflow is running with Node 24 by default. If you need to temporarily use Node 20, you can set the ACTIONS_ALLOW_USE_UNSECURE_NODE_VERSION=true environment variable. For more information see: https://github.blog/changelog/2025-09-19-deprecation-of-node-20-on-github-actions-runners/
build	Post Setup Java	2026-07-29T00:30:40.9932496Z Post job cleanup.
build	Post Setup Java	2026-07-29T00:30:41.1250200Z (node:3259) [DEP0040] DeprecationWarning: The `punycode` module is deprecated. Please use a userland alternative instead.
build	Post Setup Java	2026-07-29T00:30:41.1251431Z (Use `node --trace-deprecation ...` to show where the warning was created)
build	Post Checkout repository	﻿2026-07-29T00:30:41.1450275Z Node 20 is being deprecated. This workflow is running with Node 24 by default. If you need to temporarily use Node 20, you can set the ACTIONS_ALLOW_USE_UNSECURE_NODE_VERSION=true environment variable. For more information see: https://github.blog/changelog/2025-09-19-deprecation-of-node-20-on-github-actions-runners/
build	Post Checkout repository	2026-07-29T00:30:41.1452144Z Post job cleanup.
build	Post Checkout repository	2026-07-29T00:30:41.2357879Z [command]/usr/bin/git version
build	Post Checkout repository	2026-07-29T00:30:41.2401981Z git version 2.54.0
build	Post Checkout repository	2026-07-29T00:30:41.2443170Z Temporarily overriding HOME='/home/runner/work/_temp/7401ef0e-2d37-4cb9-a0d7-b408815c703f' before making global git config changes
build	Post Checkout repository	2026-07-29T00:30:41.2444190Z Adding repository directory to the temporary git global config as a safe directory
build	Post Checkout repository	2026-07-29T00:30:41.2449925Z [command]/usr/bin/git config --global --add safe.directory /home/runner/work/rocksdb-android/rocksdb-android
build	Post Checkout repository	2026-07-29T00:30:41.2489125Z [command]/usr/bin/git config --local --name-only --get-regexp core\.sshCommand
build	Post Checkout repository	2026-07-29T00:30:41.2522479Z [command]/usr/bin/git submodule foreach --recursive sh -c "git config --local --name-only --get-regexp 'core\.sshCommand' && git config --local --unset-all 'core.sshCommand' || :"
build	Post Checkout repository	2026-07-29T00:30:41.2762940Z [command]/usr/bin/git config --local --name-only --get-regexp http\.https\:\/\/github\.com\/\.extraheader
build	Post Checkout repository	2026-07-29T00:30:41.2827913Z http.https://github.com/.extraheader
build	Post Checkout repository	2026-07-29T00:30:41.2883766Z [command]/usr/bin/git config --local --unset-all http.https://github.com/.extraheader
build	Post Checkout repository	2026-07-29T00:30:41.2908847Z [command]/usr/bin/git submodule foreach --recursive sh -c "git config --local --name-only --get-regexp 'http\.https\:\/\/github\.com\/\.extraheader' && git config --local --unset-all 'http.https://github.com/.extraheader' || :"
build	Post Checkout repository	2026-07-29T00:30:41.3067439Z [command]/usr/bin/git config --local --name-only --get-regexp ^includeIf\.gitdir:
build	Post Checkout repository	2026-07-29T00:30:41.3092539Z [command]/usr/bin/git submodule foreach --recursive git config --local --show-origin --name-only --get-regexp remote.origin.url
build	Complete job	﻿2026-07-29T00:30:41.3493061Z Cleaning up orphan processes
build	Complete job	2026-07-29T00:30:41.3795767Z ##[warning]Node.js 20 is deprecated. The following actions target Node.js 20 but are being forced to run on Node.js 24: actions/checkout@v4, actions/setup-java@v4, actions/upload-artifact@v4, android-actions/setup-android@v3. For more information see: https://github.blog/changelog/2025-09-19-deprecation-of-node-20-on-github-actions-runners/
