build	Set up job	﻿2026-07-29T00:46:23.6222251Z Current runner version: '2.336.0'
build	Set up job	2026-07-29T00:46:23.6258618Z ##[group]Runner Image Provisioner
build	Set up job	2026-07-29T00:46:23.6260059Z Hosted Compute Agent
build	Set up job	2026-07-29T00:46:23.6261111Z Version: 20260707.563
build	Set up job	2026-07-29T00:46:23.6262082Z Commit: 02667638d2b423fbc733a8e32a88b44996a3ba6e
build	Set up job	2026-07-29T00:46:23.6263351Z Build Date: 2026-07-07T19:33:50Z
build	Set up job	2026-07-29T00:46:23.6264493Z Worker ID: {a7c94d55-aa89-41a5-a320-1a738b2d52af}
build	Set up job	2026-07-29T00:46:23.6265975Z Azure Region: eastus
build	Set up job	2026-07-29T00:46:23.6267039Z ##[endgroup]
build	Set up job	2026-07-29T00:46:23.6269219Z ##[group]Operating System
build	Set up job	2026-07-29T00:46:23.6270235Z Ubuntu
build	Set up job	2026-07-29T00:46:23.6271163Z 24.04.4
build	Set up job	2026-07-29T00:46:23.6271995Z LTS
build	Set up job	2026-07-29T00:46:23.6272917Z ##[endgroup]
build	Set up job	2026-07-29T00:46:23.6273861Z ##[group]Runner Image
build	Set up job	2026-07-29T00:46:23.6274767Z Image: ubuntu-24.04
build	Set up job	2026-07-29T00:46:23.6276021Z Version: 20260720.247.2
build	Set up job	2026-07-29T00:46:23.6277852Z Included Software: https://github.com/actions/runner-images/blob/ubuntu24/20260720.247/images/ubuntu/Ubuntu2404-Readme.md
build	Set up job	2026-07-29T00:46:23.6281375Z Image Release: https://github.com/actions/runner-images/releases/tag/ubuntu24%2F20260720.247
build	Set up job	2026-07-29T00:46:23.6283012Z ##[endgroup]
build	Set up job	2026-07-29T00:46:23.6285001Z ##[group]GITHUB_TOKEN Permissions
build	Set up job	2026-07-29T00:46:23.6288400Z Contents: read
build	Set up job	2026-07-29T00:46:23.6289431Z Metadata: read
build	Set up job	2026-07-29T00:46:23.6290328Z Packages: read
build	Set up job	2026-07-29T00:46:23.6291246Z ##[endgroup]
build	Set up job	2026-07-29T00:46:23.6294614Z Secret source: Actions
build	Set up job	2026-07-29T00:46:23.6297107Z Prepare workflow directory
build	Set up job	2026-07-29T00:46:23.6781409Z Prepare all required actions
build	Set up job	2026-07-29T00:46:23.6854097Z Getting action download info
build	Set up job	2026-07-29T00:46:23.8732378Z Download action repository 'actions/checkout@v4' (SHA:11d5960a326750d5838078e36cf38b85af677262)
build	Set up job	2026-07-29T00:46:24.1159807Z Download action repository 'actions/setup-java@v4' (SHA:c1e323688fd81a25caa38c78aa6df2d33d3e20d9)
build	Set up job	2026-07-29T00:46:24.3200014Z Download action repository 'android-actions/setup-android@v3' (SHA:9fc6c4e9069bf8d3d10b2204b1fb8f6ef7065407)
build	Set up job	2026-07-29T00:46:24.4163964Z Download action repository 'actions/upload-artifact@v4' (SHA:ea165f8d65b6e75b540449e92b4886f43607fa02)
build	Set up job	2026-07-29T00:46:24.6431432Z Complete job name: build
build	Checkout repository	﻿2026-07-29T00:46:24.7431115Z Node 20 is being deprecated. This workflow is running with Node 24 by default. If you need to temporarily use Node 20, you can set the ACTIONS_ALLOW_USE_UNSECURE_NODE_VERSION=true environment variable. For more information see: https://github.blog/changelog/2025-09-19-deprecation-of-node-20-on-github-actions-runners/
build	Checkout repository	2026-07-29T00:46:24.7440105Z ##[group]Run actions/checkout@v4
build	Checkout repository	2026-07-29T00:46:24.7441053Z with:
build	Checkout repository	2026-07-29T00:46:24.7441779Z   repository: NKellerMC/rocksdb-android
build	Checkout repository	2026-07-29T00:46:24.7446304Z   token: ***
build	Checkout repository	2026-07-29T00:46:24.7446946Z   ssh-strict: true
build	Checkout repository	2026-07-29T00:46:24.7447588Z   ssh-user: git
build	Checkout repository	2026-07-29T00:46:24.7448178Z   persist-credentials: true
build	Checkout repository	2026-07-29T00:46:24.7448850Z   clean: true
build	Checkout repository	2026-07-29T00:46:24.7449441Z   sparse-checkout-cone-mode: true
build	Checkout repository	2026-07-29T00:46:24.7450099Z   fetch-depth: 1
build	Checkout repository	2026-07-29T00:46:24.7450786Z   fetch-tags: false
build	Checkout repository	2026-07-29T00:46:24.7451378Z   show-progress: true
build	Checkout repository	2026-07-29T00:46:24.7451986Z   lfs: false
build	Checkout repository	2026-07-29T00:46:24.7452545Z   submodules: false
build	Checkout repository	2026-07-29T00:46:24.7453263Z   set-safe-directory: true
build	Checkout repository	2026-07-29T00:46:24.7453961Z   allow-unsafe-pr-checkout: false
build	Checkout repository	2026-07-29T00:46:24.7454953Z ##[endgroup]
build	Checkout repository	2026-07-29T00:46:24.8543659Z Syncing repository: NKellerMC/rocksdb-android
build	Checkout repository	2026-07-29T00:46:24.8546449Z ##[group]Getting Git version info
build	Checkout repository	2026-07-29T00:46:24.8547752Z Working directory is '/home/runner/work/rocksdb-android/rocksdb-android'
build	Checkout repository	2026-07-29T00:46:24.8549713Z [command]/usr/bin/git version
build	Checkout repository	2026-07-29T00:46:24.8599382Z git version 2.54.0
build	Checkout repository	2026-07-29T00:46:24.8623687Z ##[endgroup]
build	Checkout repository	2026-07-29T00:46:24.8639490Z Temporarily overriding HOME='/home/runner/work/_temp/e598dd5a-0cd9-4929-b81e-0041049b4bc0' before making global git config changes
build	Checkout repository	2026-07-29T00:46:24.8641707Z Adding repository directory to the temporary git global config as a safe directory
build	Checkout repository	2026-07-29T00:46:24.8644493Z [command]/usr/bin/git config --global --add safe.directory /home/runner/work/rocksdb-android/rocksdb-android
build	Checkout repository	2026-07-29T00:46:24.8694978Z Deleting the contents of '/home/runner/work/rocksdb-android/rocksdb-android'
build	Checkout repository	2026-07-29T00:46:24.8700714Z ##[group]Initializing the repository
build	Checkout repository	2026-07-29T00:46:24.8706589Z [command]/usr/bin/git init /home/runner/work/rocksdb-android/rocksdb-android
build	Checkout repository	2026-07-29T00:46:24.8813485Z hint: Using 'master' as the name for the initial branch. This default branch name
build	Checkout repository	2026-07-29T00:46:24.8815083Z hint: will change to "main" in Git 3.0. To configure the initial branch name
build	Checkout repository	2026-07-29T00:46:24.8816583Z hint: to use in all of your new repositories, which will suppress this warning,
build	Checkout repository	2026-07-29T00:46:24.8817827Z hint: call:
build	Checkout repository	2026-07-29T00:46:24.8818405Z hint:
build	Checkout repository	2026-07-29T00:46:24.8819176Z hint: 	git config --global init.defaultBranch <name>
build	Checkout repository	2026-07-29T00:46:24.8820690Z hint:
build	Checkout repository	2026-07-29T00:46:24.8822086Z hint: Names commonly chosen instead of 'master' are 'main', 'trunk' and
build	Checkout repository	2026-07-29T00:46:24.8824206Z hint: 'development'. The just-created branch can be renamed via this command:
build	Checkout repository	2026-07-29T00:46:24.8826421Z hint:
build	Checkout repository	2026-07-29T00:46:24.8827749Z hint: 	git branch -m <name>
build	Checkout repository	2026-07-29T00:46:24.8829014Z hint:
build	Checkout repository	2026-07-29T00:46:24.8830155Z hint: Disable this message with "git config set advice.defaultBranchName false"
build	Checkout repository	2026-07-29T00:46:24.8832141Z Initialized empty Git repository in /home/runner/work/rocksdb-android/rocksdb-android/.git/
build	Checkout repository	2026-07-29T00:46:24.8836322Z [command]/usr/bin/git remote add origin https://github.com/NKellerMC/rocksdb-android
build	Checkout repository	2026-07-29T00:46:24.8881483Z ##[endgroup]
build	Checkout repository	2026-07-29T00:46:24.8882901Z ##[group]Disabling automatic garbage collection
build	Checkout repository	2026-07-29T00:46:24.8885723Z [command]/usr/bin/git config --local gc.auto 0
build	Checkout repository	2026-07-29T00:46:24.8916771Z ##[endgroup]
build	Checkout repository	2026-07-29T00:46:24.8918095Z ##[group]Setting up auth
build	Checkout repository	2026-07-29T00:46:24.8924652Z [command]/usr/bin/git config --local --name-only --get-regexp core\.sshCommand
build	Checkout repository	2026-07-29T00:46:24.8960051Z [command]/usr/bin/git submodule foreach --recursive sh -c "git config --local --name-only --get-regexp 'core\.sshCommand' && git config --local --unset-all 'core.sshCommand' || :"
build	Checkout repository	2026-07-29T00:46:24.9353108Z [command]/usr/bin/git config --local --name-only --get-regexp http\.https\:\/\/github\.com\/\.extraheader
build	Checkout repository	2026-07-29T00:46:24.9389983Z [command]/usr/bin/git submodule foreach --recursive sh -c "git config --local --name-only --get-regexp 'http\.https\:\/\/github\.com\/\.extraheader' && git config --local --unset-all 'http.https://github.com/.extraheader' || :"
build	Checkout repository	2026-07-29T00:46:24.9637737Z [command]/usr/bin/git config --local --name-only --get-regexp ^includeIf\.gitdir:
build	Checkout repository	2026-07-29T00:46:24.9674207Z [command]/usr/bin/git submodule foreach --recursive git config --local --show-origin --name-only --get-regexp remote.origin.url
build	Checkout repository	2026-07-29T00:46:24.9927181Z [command]/usr/bin/git config --local http.https://github.com/.extraheader AUTHORIZATION: basic ***
build	Checkout repository	2026-07-29T00:46:24.9965156Z ##[endgroup]
build	Checkout repository	2026-07-29T00:46:24.9976930Z ##[group]Fetching the repository
build	Checkout repository	2026-07-29T00:46:24.9979852Z [command]/usr/bin/git -c protocol.version=2 fetch --no-tags --prune --no-recurse-submodules --depth=1 origin +67ef58912cce9b95fbb08bfb85e52591926724f7:refs/remotes/origin/main
build	Checkout repository	2026-07-29T00:46:25.4357360Z From https://github.com/NKellerMC/rocksdb-android
build	Checkout repository	2026-07-29T00:46:25.4360089Z  * [new ref]         67ef58912cce9b95fbb08bfb85e52591926724f7 -> origin/main
build	Checkout repository	2026-07-29T00:46:25.4393740Z ##[endgroup]
build	Checkout repository	2026-07-29T00:46:25.4396182Z ##[group]Determining the checkout info
build	Checkout repository	2026-07-29T00:46:25.4398585Z ##[endgroup]
build	Checkout repository	2026-07-29T00:46:25.4403892Z [command]/usr/bin/git sparse-checkout disable
build	Checkout repository	2026-07-29T00:46:25.4455408Z [command]/usr/bin/git config --local --unset-all extensions.worktreeConfig
build	Checkout repository	2026-07-29T00:46:25.4487480Z ##[group]Checking out the ref
build	Checkout repository	2026-07-29T00:46:25.4491786Z [command]/usr/bin/git checkout --progress --force -B main refs/remotes/origin/main
build	Checkout repository	2026-07-29T00:46:25.4615142Z Switched to a new branch 'main'
build	Checkout repository	2026-07-29T00:46:25.4618977Z branch 'main' set up to track 'origin/main'.
build	Checkout repository	2026-07-29T00:46:25.4625071Z ##[endgroup]
build	Checkout repository	2026-07-29T00:46:25.4674801Z [command]/usr/bin/git log -1 --format=%H
build	Checkout repository	2026-07-29T00:46:25.4702034Z 67ef58912cce9b95fbb08bfb85e52591926724f7
build	Clone RocksDB	﻿2026-07-29T00:46:25.4964274Z ##[group]Run rm -rf rocksdb
build	Clone RocksDB	2026-07-29T00:46:25.4966051Z [36;1mrm -rf rocksdb[0m
build	Clone RocksDB	2026-07-29T00:46:25.4967738Z [36;1mgit clone --depth 1 https://github.com/marykdb/rocksdb.git rocksdb[0m
build	Clone RocksDB	2026-07-29T00:46:25.4969600Z [36;1mcd rocksdb[0m
build	Clone RocksDB	2026-07-29T00:46:25.4970866Z [36;1mgit submodule update --init --recursive || true[0m
build	Clone RocksDB	2026-07-29T00:46:25.5023873Z shell: /usr/bin/bash -e {0}
build	Clone RocksDB	2026-07-29T00:46:25.5025083Z ##[endgroup]
build	Clone RocksDB	2026-07-29T00:46:25.5145911Z Cloning into 'rocksdb'...
build	Setup Java	﻿2026-07-29T00:46:27.0192456Z Node 20 is being deprecated. This workflow is running with Node 24 by default. If you need to temporarily use Node 20, you can set the ACTIONS_ALLOW_USE_UNSECURE_NODE_VERSION=true environment variable. For more information see: https://github.blog/changelog/2025-09-19-deprecation-of-node-20-on-github-actions-runners/
build	Setup Java	2026-07-29T00:46:27.0194185Z ##[group]Run actions/setup-java@v4
build	Setup Java	2026-07-29T00:46:27.0194492Z with:
build	Setup Java	2026-07-29T00:46:27.0194730Z   distribution: temurin
build	Setup Java	2026-07-29T00:46:27.0194988Z   java-version: 21
build	Setup Java	2026-07-29T00:46:27.0195224Z   cache: gradle
build	Setup Java	2026-07-29T00:46:27.0195744Z   java-package: jdk
build	Setup Java	2026-07-29T00:46:27.0196038Z   check-latest: false
build	Setup Java	2026-07-29T00:46:27.0196310Z   server-id: github
build	Setup Java	2026-07-29T00:46:27.0196557Z   server-username: GITHUB_ACTOR
build	Setup Java	2026-07-29T00:46:27.0196857Z   server-password: GITHUB_TOKEN
build	Setup Java	2026-07-29T00:46:27.0197145Z   overwrite-settings: true
build	Setup Java	2026-07-29T00:46:27.0197423Z   job-status: success
build	Setup Java	2026-07-29T00:46:27.0199786Z   token: ***
build	Setup Java	2026-07-29T00:46:27.0200028Z ##[endgroup]
build	Setup Java	2026-07-29T00:46:27.1787480Z ##[group]Installed distributions
build	Setup Java	2026-07-29T00:46:27.1915281Z Resolved Java 21.0.11+10 from tool-cache
build	Setup Java	2026-07-29T00:46:27.1916224Z Setting Java 21.0.11+10 as the default
build	Setup Java	2026-07-29T00:46:27.1926996Z (node:2295) [DEP0040] DeprecationWarning: The `punycode` module is deprecated. Please use a userland alternative instead.
build	Setup Java	2026-07-29T00:46:27.1928526Z (Use `node --trace-deprecation ...` to show where the warning was created)
build	Setup Java	2026-07-29T00:46:27.1931696Z Creating toolchains.xml for JDK version 21 from temurin
build	Setup Java	2026-07-29T00:46:27.2006987Z Writing to /home/runner/.m2/toolchains.xml
build	Setup Java	2026-07-29T00:46:27.2007488Z 
build	Setup Java	2026-07-29T00:46:27.2007908Z Java configuration:
build	Setup Java	2026-07-29T00:46:27.2008471Z   Distribution: temurin
build	Setup Java	2026-07-29T00:46:27.2009005Z   Version: 21.0.11+10
build	Setup Java	2026-07-29T00:46:27.2009726Z   Path: /opt/hostedtoolcache/Java_Temurin-Hotspot_jdk/21.0.11-10/x64
build	Setup Java	2026-07-29T00:46:27.2010319Z 
build	Setup Java	2026-07-29T00:46:27.2010942Z ##[endgroup]
build	Setup Java	2026-07-29T00:46:27.2032503Z Creating settings.xml with server-id: github
build	Setup Java	2026-07-29T00:46:27.2049388Z Writing to /home/runner/.m2/settings.xml
build	Setup Java	2026-07-29T00:46:27.5495782Z gradle cache is not found
build	Setup Android SDK	﻿2026-07-29T00:46:27.5656160Z Node 20 is being deprecated. This workflow is running with Node 24 by default. If you need to temporarily use Node 20, you can set the ACTIONS_ALLOW_USE_UNSECURE_NODE_VERSION=true environment variable. For more information see: https://github.blog/changelog/2025-09-19-deprecation-of-node-20-on-github-actions-runners/
build	Setup Android SDK	2026-07-29T00:46:27.5657584Z ##[group]Run android-actions/setup-android@v3
build	Setup Android SDK	2026-07-29T00:46:27.5657871Z with:
build	Setup Android SDK	2026-07-29T00:46:27.5658092Z   cmdline-tools-version: 12266719
build	Setup Android SDK	2026-07-29T00:46:27.5658367Z   accept-android-sdk-licenses: true
build	Setup Android SDK	2026-07-29T00:46:27.5658664Z   log-accepted-android-sdk-licenses: true
build	Setup Android SDK	2026-07-29T00:46:27.5658956Z   packages: tools platform-tools
build	Setup Android SDK	2026-07-29T00:46:27.5659202Z env:
build	Setup Android SDK	2026-07-29T00:46:27.5659497Z   JAVA_HOME: /opt/hostedtoolcache/Java_Temurin-Hotspot_jdk/21.0.11-10/x64
build	Setup Android SDK	2026-07-29T00:46:27.5659988Z   JAVA_HOME_21_X64: /opt/hostedtoolcache/Java_Temurin-Hotspot_jdk/21.0.11-10/x64
build	Setup Android SDK	2026-07-29T00:46:27.5660368Z ##[endgroup]
build	Setup Android SDK	2026-07-29T00:46:27.6523976Z Found preinstalled sdkmanager in /usr/local/lib/android/sdk/cmdline-tools/latest with following source.properties:
build	Setup Android SDK	2026-07-29T00:46:27.6525748Z Pkg.Revision=12.0
build	Setup Android SDK	2026-07-29T00:46:27.6526243Z Pkg.Path=cmdline-tools;12.0
build	Setup Android SDK	2026-07-29T00:46:27.6526701Z Pkg.Desc=Android SDK Command-line Tools
build	Setup Android SDK	2026-07-29T00:46:27.6527059Z 
build	Setup Android SDK	2026-07-29T00:46:27.6527268Z Wrong version in preinstalled sdkmanager
build	Setup Android SDK	2026-07-29T00:46:27.6528294Z Downloading commandline tools from https://dl.google.com/android/repository/commandlinetools-linux-12266719_latest.zip
build	Setup Android SDK	2026-07-29T00:46:28.6899377Z [command]/usr/bin/unzip -o -q /home/runner/work/_temp/ccfd34d7-a4d5-4114-8c10-71cdbc699695
build	Setup Android SDK	2026-07-29T00:46:29.4780375Z Accepting Android SDK licenses
build	Setup Android SDK	2026-07-29T00:46:29.4786772Z [command]/usr/local/lib/android/sdk/cmdline-tools/16.0/bin/sdkmanager --licenses
build	Setup Android SDK	2026-07-29T00:46:31.5305199Z Loading local repository...                                                     
build	Setup Android SDK	2026-07-29T00:46:31.5314587Z [=========                              ] 25% Loading local repository...       
build	Setup Android SDK	2026-07-29T00:46:32.1276766Z [=========                              ] 25% Fetch remote repository...        
build	Setup Android SDK	2026-07-29T00:46:32.4899515Z [==========                             ] 26% Fetch remote repository...        
build	Setup Android SDK	2026-07-29T00:46:32.4956204Z [============                           ] 31% Fetch remote repository...        
build	Setup Android SDK	2026-07-29T00:46:32.5843210Z [============                           ] 32% Fetch remote repository...        
build	Setup Android SDK	2026-07-29T00:46:32.5866277Z [=============                          ] 33% Fetch remote repository...        
build	Setup Android SDK	2026-07-29T00:46:32.6169682Z [=============                          ] 35% Fetch remote repository...        
build	Setup Android SDK	2026-07-29T00:46:32.6196302Z [==============                         ] 36% Fetch remote repository...        
build	Setup Android SDK	2026-07-29T00:46:32.6363242Z [==============                         ] 37% Fetch remote repository...        
build	Setup Android SDK	2026-07-29T00:46:32.6364645Z [===============                        ] 38% Fetch remote repository...        
build	Setup Android SDK	2026-07-29T00:46:32.6607718Z [===============                        ] 39% Fetch remote repository...        
build	Setup Android SDK	2026-07-29T00:46:32.6626419Z [================                       ] 40% Fetch remote repository...        
build	Setup Android SDK	2026-07-29T00:46:32.6729546Z [================                       ] 41% Fetch remote repository...        
build	Setup Android SDK	2026-07-29T00:46:32.6746812Z [================                       ] 42% Fetch remote repository...        
build	Setup Android SDK	2026-07-29T00:46:32.6907400Z [=================                      ] 44% Fetch remote repository...        
build	Setup Android SDK	2026-07-29T00:46:32.6910390Z [=================                      ] 45% Fetch remote repository...        
build	Setup Android SDK	2026-07-29T00:46:32.7035995Z [==================                     ] 46% Fetch remote repository...        
build	Setup Android SDK	2026-07-29T00:46:32.7056813Z [==================                     ] 47% Fetch remote repository...        
build	Setup Android SDK	2026-07-29T00:46:32.7167692Z [===================                    ] 48% Fetch remote repository...        
build	Setup Android SDK	2026-07-29T00:46:32.7196829Z [===================                    ] 49% Fetch remote repository...        
build	Setup Android SDK	2026-07-29T00:46:32.7307184Z [====================                   ] 50% Fetch remote repository...        
build	Setup Android SDK	2026-07-29T00:46:32.7316656Z [====================                   ] 51% Fetch remote repository...        
build	Setup Android SDK	2026-07-29T00:46:32.7404388Z [====================                   ] 53% Fetch remote repository...        
build	Setup Android SDK	2026-07-29T00:46:32.7426856Z [=====================                  ] 54% Fetch remote repository...        
build	Setup Android SDK	2026-07-29T00:46:32.7678297Z [=====================                  ] 55% Fetch remote repository...        
build	Setup Android SDK	2026-07-29T00:46:32.7706794Z [======================                 ] 56% Fetch remote repository...        
build	Setup Android SDK	2026-07-29T00:46:32.7836479Z [======================                 ] 57% Fetch remote repository...        
build	Setup Android SDK	2026-07-29T00:46:32.7856167Z [=======================                ] 58% Fetch remote repository...        
build	Setup Android SDK	2026-07-29T00:46:32.7999628Z [=======================                ] 59% Fetch remote repository...        
build	Setup Android SDK	2026-07-29T00:46:32.8026553Z [========================               ] 60% Fetch remote repository...        
build	Setup Android SDK	2026-07-29T00:46:32.8310240Z [========================               ] 61% Fetch remote repository...        
build	Setup Android SDK	2026-07-29T00:46:32.8336853Z [=========================              ] 63% Fetch remote repository...        
build	Setup Android SDK	2026-07-29T00:46:32.8426358Z [=========================              ] 64% Fetch remote repository...        
build	Setup Android SDK	2026-07-29T00:46:32.8427361Z [=========================              ] 65% Fetch remote repository...        
build	Setup Android SDK	2026-07-29T00:46:32.8548311Z [==========================             ] 66% Fetch remote repository...        
build	Setup Android SDK	2026-07-29T00:46:32.8549405Z [==========================             ] 67% Fetch remote repository...        
build	Setup Android SDK	2026-07-29T00:46:32.8812991Z [===========================            ] 68% Fetch remote repository...        
build	Setup Android SDK	2026-07-29T00:46:32.8814251Z [===========================            ] 69% Fetch remote repository...        
build	Setup Android SDK	2026-07-29T00:46:32.9764110Z [============================           ] 70% Fetch remote repository...        
build	Setup Android SDK	2026-07-29T00:46:32.9806196Z [============================           ] 72% Fetch remote repository...        
build	Setup Android SDK	2026-07-29T00:46:33.0209673Z [=============================          ] 73% Fetch remote repository...        
build	Setup Android SDK	2026-07-29T00:46:33.0232604Z [=============================          ] 74% Fetch remote repository...        
build	Setup Android SDK	2026-07-29T00:46:33.0319110Z [=============================          ] 75% Fetch remote repository...        
build	Setup Android SDK	2026-07-29T00:46:33.0476794Z [=============================          ] 75% Computing updates...              
build	Setup Android SDK	2026-07-29T00:46:33.0496416Z [=======================================] 100% Computing updates...             
build	Setup Android SDK	2026-07-29T00:46:33.0796786Z 6 of 7 SDK package licenses not accepted.
build	Setup Android SDK	2026-07-29T00:46:33.0800009Z Review licenses that have not been accepted (y/N)? 
build	Setup Android SDK	2026-07-29T00:46:33.0801056Z 1/6: License android-googletv-license:
build	Setup Android SDK	2026-07-29T00:46:33.0801747Z ---------------------------------------
build	Setup Android SDK	2026-07-29T00:46:33.0802465Z Terms and Conditions
build	Setup Android SDK	2026-07-29T00:46:33.0802870Z 
build	Setup Android SDK	2026-07-29T00:46:33.0803458Z This is the Google TV Add-on for the Android Software Development Kit License Agreement.
build	Setup Android SDK	2026-07-29T00:46:33.0804304Z 
build	Setup Android SDK	2026-07-29T00:46:33.0804623Z 1. Introduction
build	Setup Android SDK	2026-07-29T00:46:33.0804999Z 
build	Setup Android SDK	2026-07-29T00:46:33.0807783Z 1.1 The Google TV Add-on for the Android Software Development Kit (referred to in this License Agreement as the "Google TV Add-on" and specifically including the Android system files, packaged APIs, and Google APIs add-ons) is licensed to you subject to the terms of this License Agreement. This License Agreement forms a legally binding contract between you and Google in relation to your use of the Google TV Add-on.
build	Setup Android SDK	2026-07-29T00:46:33.0815343Z 
build	Setup Android SDK	2026-07-29T00:46:33.0816610Z 1.2 "Google" means Google Inc., a Delaware corporation with principal place of business at 1600 Amphitheatre Parkway, Mountain View, CA 94043, United States.
build	Setup Android SDK	2026-07-29T00:46:33.0817752Z 
build	Setup Android SDK	2026-07-29T00:46:33.0818366Z 2. Accepting this License Agreement
build	Setup Android SDK	2026-07-29T00:46:33.0818760Z 
build	Setup Android SDK	2026-07-29T00:46:33.0819737Z 2.1 In order to use the Google TV Add-on, you must first agree to this License Agreement. You may not use the Google TV Add-on if you do not accept this License Agreement.
build	Setup Android SDK	2026-07-29T00:46:33.0820899Z 
build	Setup Android SDK	2026-07-29T00:46:33.0821210Z 2.2 You can accept this License Agreement by:
build	Setup Android SDK	2026-07-29T00:46:33.0821651Z 
build	Setup Android SDK	2026-07-29T00:46:33.0822284Z (A) clicking to accept or agree to this License Agreement, where this option is made available to you; or
build	Setup Android SDK	2026-07-29T00:46:33.0832157Z 
build	Setup Android SDK	2026-07-29T00:46:33.0833293Z (B) by actually using the Google TV Add-on. In this case, you agree that use of the Google TV Add-on constitutes acceptance of the License Agreement from that point onwards.
build	Setup Android SDK	2026-07-29T00:46:33.0841697Z 
build	Setup Android SDK	2026-07-29T00:46:33.0843535Z 2.3 You may not use the Google TV Add-on and may not accept the Licensing Agreement if you are a person barred from receiving the Google TV Add-on under the laws of the United States or other countries including the country in which you are resident or from which you use the Google TV Add-on.
build	Setup Android SDK	2026-07-29T00:46:33.0848523Z 
build	Setup Android SDK	2026-07-29T00:46:33.0850918Z 2.4 If you are agreeing to be bound by this License Agreement on behalf of your employer or other entity, you represent and warrant that you have full legal authority to bind your employer or such entity to this License Agreement. If you do not have the requisite authority, you may not accept the Licensing Agreement or use the Google TV Add-on on behalf of your employer or other entity.
build	Setup Android SDK	2026-07-29T00:46:33.0855155Z 
build	Setup Android SDK	2026-07-29T00:46:33.0855733Z 3. Google TV Add-on License from Google
build	Setup Android SDK	2026-07-29T00:46:33.0856256Z 
build	Setup Android SDK	2026-07-29T00:46:33.0857715Z 3.1 Subject to the terms of this License Agreement, Google grants you a limited, worldwide, royalty-free, non- assignable and non-exclusive license to use the Google TV Add-on solely to develop applications to run on the Google TV platform.
build	Setup Android SDK	2026-07-29T00:46:33.0859341Z 
build	Setup Android SDK	2026-07-29T00:46:33.0861942Z 3.2 You agree that Google or third parties own all legal right, title and interest in and to the Google TV Add-on, including any Intellectual Property Rights that subsist in the Google TV Add-on. "Intellectual Property Rights" means any and all rights under patent law, copyright law, trade secret law, trademark law, and any and all other proprietary rights. Google reserves all rights not expressly granted to you.
build	Setup Android SDK	2026-07-29T00:46:33.0867877Z 
build	Setup Android SDK	2026-07-29T00:46:33.0871691Z 3.3 Except to the extent required by applicable third party licenses, you may not copy (except for backup purposes), modify, adapt, redistribute, decompile, reverse engineer, disassemble, or create derivative works of the Google TV Add-on or any part of the Google TV Add-on. Except to the extent required by applicable third party licenses, you may not load any part of the Google TV Add-on onto a mobile handset, television, or any other hardware device except a personal computer, combine any part of the Google TV Add-on with other software, or distribute any software or device incorporating a part of the Google TV Add-on.
build	Setup Android SDK	2026-07-29T00:46:33.0875898Z 
build	Setup Android SDK	2026-07-29T00:46:33.0877285Z 3.4 Use, reproduction and distribution of components of the Google TV Add-on licensed under an open source software license are governed solely by the terms of that open source software license and not this License Agreement.
build	Setup Android SDK	2026-07-29T00:46:33.0878889Z 
build	Setup Android SDK	2026-07-29T00:46:33.0882014Z 3.5 You agree that the form and nature of the Google TV Add-on that Google provides may change without prior notice to you and that future versions of the Google TV Add-on may be incompatible with applications developed on previous versions of the Google TV Add-on. You agree that Google may stop (permanently or temporarily) providing the Google TV Add-on (or any features within the Google TV Add-on) to you or to users generally at Google's sole discretion, without prior notice to you.
build	Setup Android SDK	2026-07-29T00:46:33.0893653Z 
build	Setup Android SDK	2026-07-29T00:46:33.0896077Z 3.6 Nothing in this License Agreement gives you a right to use any of Google's or it’s licensors’ trade names, trademarks, service marks, logos, domain names, or other distinctive brand features.
build	Setup Android SDK	2026-07-29T00:46:33.0898033Z 
build	Setup Android SDK	2026-07-29T00:46:33.0908068Z 3.7 You agree that you will not remove, obscure, or alter any proprietary rights notices (including copyright and trademark notices) that may be affixed to or contained within the Google TV Add-on.
build	Setup Android SDK	2026-07-29T00:46:33.0909577Z 
build	Setup Android SDK	2026-07-29T00:46:33.0909876Z 4. Use of the Google TV Add-on by You
build	Setup Android SDK	2026-07-29T00:46:33.0910285Z 
build	Setup Android SDK	2026-07-29T00:46:33.0911958Z 4.1 Google agrees that it obtains no right, title or interest from you (or your licensors) under this License Agreement in or to any software applications that you develop using the Google TV Add-on, including any intellectual property rights that subsist in those applications.
build	Setup Android SDK	2026-07-29T00:46:33.0913878Z 
build	Setup Android SDK	2026-07-29T00:46:33.0916298Z 4.2 You agree to use the Google TV Add-on and write applications only for purposes that are permitted by (a) this License Agreement and (b) any applicable law, regulation or generally accepted practices or guidelines in the relevant jurisdictions (including any laws regarding the export of data or software to and from the United States or other relevant countries).
build	Setup Android SDK	2026-07-29T00:46:33.0918943Z 
build	Setup Android SDK	2026-07-29T00:46:33.0947910Z 4.3 You agree that if you use the Google TV Add-on to develop applications for general public users, you will protect the privacy and legal rights of those users. If the users provide you with user names, passwords, or other login information or personal information, your must make the users aware that the information will be available to your application, and you must provide legally adequate privacy notice and protection for those users. If your application stores personal or sensitive information provided by users, it must do so securely. If the user provides your application with Google Account information, your application may only use that information to access the user's Google Account when, and for the limited purposes for which, the user has given you explicit permission to do so.
build	Setup Android SDK	2026-07-29T00:46:33.0975917Z 
build	Setup Android SDK	2026-07-29T00:46:33.0986739Z 4.4 You agree that you will not engage in any activity with the Google TV Add-on, including the development or distribution of an application, that interferes with, disrupts, damages, or accesses in an unauthorized manner the servers, networks, or other properties or services of any third party including, but not limited to, Google, Multichannel Video Program Distributors or any mobile communications carrier.
build	Setup Android SDK	2026-07-29T00:46:33.0989787Z 
build	Setup Android SDK	2026-07-29T00:46:33.0991192Z 4.5 You agree that you are solely responsible for (and that Google has no responsibility to you or to any third party for) any data, content, or resources that you create, transmit or display through the Google TV platform and/or applications for the Google TV platform, and for the consequences of your actions (including any loss or damage which Google may suffer) by doing so.
build	Setup Android SDK	2026-07-29T00:46:33.0992565Z 
build	Setup Android SDK	2026-07-29T00:46:33.0993864Z 4.6 You agree that you are solely responsible for (and that Google has no responsibility to you or to any third party for) any breach of your obligations under this License Agreement, any applicable third party contract or Terms of Service, or any applicable law or regulation, and for the consequences (including any loss or damage which Google or any third party may suffer) of any such breach.
build	Setup Android SDK	2026-07-29T00:46:33.0995231Z 
build	Setup Android SDK	2026-07-29T00:46:33.0995331Z 5. Your Developer Credentials
build	Setup Android SDK	2026-07-29T00:46:33.0995792Z 
build	Setup Android SDK	2026-07-29T00:46:33.0997487Z 5.1 You agree that you are responsible for maintaining the confidentiality of any developer credentials that may be issued to you by Google or which you may choose yourself and that you will be solely responsible for all applications that are developed under your developer credentials.
build	Setup Android SDK	2026-07-29T00:46:33.0999211Z 
build	Setup Android SDK	2026-07-29T00:46:33.0999335Z 6. Privacy and Information
build	Setup Android SDK	2026-07-29T00:46:33.0999495Z 
build	Setup Android SDK	2026-07-29T00:46:33.1001159Z 6.1 In order to continually innovate and improve the Google TV Add-on, Google may collect certain usage statistics from the software including but not limited to a unique identifier, associated IP address, version number of the software, and information on which tools and/or services in the Google TV Add-on are being used and how they are being used. Before any of this information is collected, the Google TV Add-on will notify you and seek your consent. If you withhold consent, the information will not be collected.
build	Setup Android SDK	2026-07-29T00:46:33.1003114Z 
build	Setup Android SDK	2026-07-29T00:46:33.1028780Z 6.2 The data collected is examined in the aggregate to improve the Google TV Add-on and is maintained in accordance with Google's Privacy Policy.
build	Setup Android SDK	2026-07-29T00:46:33.1029355Z 
build	Setup Android SDK	2026-07-29T00:46:33.1029514Z 7. Third Party Applications for the Google TV Platform
build	Setup Android SDK	2026-07-29T00:46:33.1029769Z 
build	Setup Android SDK	2026-07-29T00:46:33.1031692Z 7.1 If you use the Google TV Add-on to run applications developed by a third party or that access data, content or resources provided by a third party, you agree that Google is not responsible for those applications, data, content, or resources. You understand that all data, content or resources which you may access through such third party applications are the sole responsibility of the person from which they originated and that Google is not liable for any loss or damage that you may experience as a result of the use or access of any of those third party applications, data, content, or resources.
build	Setup Android SDK	2026-07-29T00:46:33.1033929Z 
build	Setup Android SDK	2026-07-29T00:46:33.1035792Z 7.2 You should be aware the data, content, and resources presented to you through such a third party application may be protected by intellectual property rights which are owned by the providers (or by other persons or companies on their behalf). You may not modify, rent, lease, loan, sell, distribute or create derivative works based on these data, content, or resources (either in whole or in part) unless you have been specifically given permission to do so by the relevant owners.
build	Setup Android SDK	2026-07-29T00:46:33.1038416Z 
build	Setup Android SDK	2026-07-29T00:46:33.1040020Z 7.3 You acknowledge that your use of such third party applications, data, content, or resources may be subject to separate terms between you and the relevant third party. In that case, this License Agreement does not affect your legal relationship with these third parties.
build	Setup Android SDK	2026-07-29T00:46:33.1041785Z 
build	Setup Android SDK	2026-07-29T00:46:33.1041956Z 8. Using Google TV APIs
build	Setup Android SDK	2026-07-29T00:46:33.1042203Z 
build	Setup Android SDK	2026-07-29T00:46:33.1045290Z 8.1 If you use any Google TV API to retrieve data from Google, you acknowledge that the data (“Google TV API Content”) may be protected by intellectual property rights which are owned by Google or those parties that provide the data (or by other persons or companies on their behalf). Your use of any such API may be subject to additional Terms of Service. You may not modify, rent, lease, loan, sell, distribute or create derivative works based on this data (either in whole or in part) unless allowed by the relevant Terms of Service. Some portions of the Google TV API Content are licensed to Google by third parties, including but not limited to Tribune Media Services
build	Setup Android SDK	2026-07-29T00:46:33.1047903Z 
build	Setup Android SDK	2026-07-29T00:46:33.1048680Z 8.2 If you use any API to retrieve a user's data from Google, you acknowledge and agree that you shall retrieve data only with the user's explicit consent and only when, and for the limited purposes for which, the user has given you permission to do so.
build	Setup Android SDK	2026-07-29T00:46:33.1049551Z 
build	Setup Android SDK	2026-07-29T00:46:33.1049833Z 8.3 Except as explicitly permitted in Section 3 (Google TV Add-on License from Google), you must:
build	Setup Android SDK	2026-07-29T00:46:33.1050210Z 
build	Setup Android SDK	2026-07-29T00:46:33.1050758Z (a) not modify nor format the Google TV API Content except to the extent reasonably and technically necessary to optimize the display such Google TV API Content in your application;
build	Setup Android SDK	2026-07-29T00:46:33.1051405Z 
build	Setup Android SDK	2026-07-29T00:46:33.1052009Z (b) not edit the Google TV API Content in a manner that renders the Google TV API Content inaccurate of alters its inherent meaning (provided that displaying excerpts will not violate the foregoing); or
build	Setup Android SDK	2026-07-29T00:46:33.1052903Z 
build	Setup Android SDK	2026-07-29T00:46:33.1053182Z (c) not create any commercial audience measurement tool or service using the Google TV API Content
build	Setup Android SDK	2026-07-29T00:46:33.1053558Z 
build	Setup Android SDK	2026-07-29T00:46:33.1053665Z 9. Terminating this License Agreement
build	Setup Android SDK	2026-07-29T00:46:33.1053846Z 
build	Setup Android SDK	2026-07-29T00:46:33.1054156Z 9.1 This License Agreement will continue to apply until terminated by either you or Google as set out below.
build	Setup Android SDK	2026-07-29T00:46:33.1054556Z 
build	Setup Android SDK	2026-07-29T00:46:33.1054979Z 9.2 If you want to terminate this License Agreement, you may do so by ceasing your use of the Google TV Add-on and any relevant developer credentials.
build	Setup Android SDK	2026-07-29T00:46:33.1055751Z 
build	Setup Android SDK	2026-07-29T00:46:33.1055960Z 9.3 Google may at any time, terminate this License Agreement with you if:
build	Setup Android SDK	2026-07-29T00:46:33.1056245Z 
build	Setup Android SDK	2026-07-29T00:46:33.1056414Z (A) you have breached any provision of this License Agreement; or
build	Setup Android SDK	2026-07-29T00:46:33.1056672Z 
build	Setup Android SDK	2026-07-29T00:46:33.1056785Z (B) Google is required to do so by law; or
build	Setup Android SDK	2026-07-29T00:46:33.1056987Z 
build	Setup Android SDK	2026-07-29T00:46:33.1057608Z (C) the partner with whom Google offered certain parts of Google TV Add-on (such as APIs) to you has terminated its relationship with Google or ceased to offer certain parts of the Google TV Add-on to you; or
build	Setup Android SDK	2026-07-29T00:46:33.1058454Z 
build	Setup Android SDK	2026-07-29T00:46:33.1059504Z (D) Google decides to no longer providing the Google TV Add-on or certain parts of the Google TV Add-on to users in the country in which you are resident or from which you use the service, or the provision of the Google TV Add-on or certain Google TV Add-on services to you by Google is, in Google's sole discretion, no longer commercially viable.
build	Setup Android SDK	2026-07-29T00:46:33.1060641Z 
build	Setup Android SDK	2026-07-29T00:46:33.1062057Z 9.4 When this License Agreement comes to an end, all of the legal rights, obligations and liabilities that you and Google have benefited from, been subject to (or which have accrued over time whilst this License Agreement has been in force) or which are expressed to continue indefinitely, shall be unaffected by this cessation, and the provisions of paragraph 14.7 shall continue to apply to such rights, obligations and liabilities indefinitely.
build	Setup Android SDK	2026-07-29T00:46:33.1063561Z 
build	Setup Android SDK	2026-07-29T00:46:33.1063664Z 10. DISCLAIMER OF WARRANTIES
build	Setup Android SDK	2026-07-29T00:46:33.1063818Z 
build	Setup Android SDK	2026-07-29T00:46:33.1064429Z 10.1 YOU EXPRESSLY UNDERSTAND AND AGREE THAT YOUR USE OF THE GOOGLE TV ADD-ON IS AT YOUR SOLE RISK AND THAT THE GOOGLE TV ADD-ON IS PROVIDED "AS IS" AND "AS AVAILABLE" WITHOUT WARRANTY OF ANY KIND FROM GOOGLE.
build	Setup Android SDK	2026-07-29T00:46:33.1065117Z 
build	Setup Android SDK	2026-07-29T00:46:33.1066241Z 10.2 YOUR USE OF THE GOOGLE TV ADD-ON AND ANY MATERIAL DOWNLOADED OR OTHERWISE OBTAINED THROUGH THE USE OF THE GOOGLE TV ADD-ON IS AT YOUR OWN DISCRETION AND RISK AND YOU ARE SOLELY RESPONSIBLE FOR ANY DAMAGE TO YOUR COMPUTER SYSTEM OR OTHER DEVICE OR LOSS OF DATA THAT RESULTS FROM SUCH USE.
build	Setup Android SDK	2026-07-29T00:46:33.1067233Z 
build	Setup Android SDK	2026-07-29T00:46:33.1068052Z 10.3 GOOGLE FURTHER EXPRESSLY DISCLAIMS ALL WARRANTIES AND CONDITIONS OF ANY KIND, WHETHER EXPRESS OR IMPLIED, INCLUDING, BUT NOT LIMITED TO THE IMPLIED WARRANTIES AND CONDITIONS OF MERCHANTABILITY, FITNESS FOR A PARTICULAR PURPOSE AND NON-INFRINGEMENT.
build	Setup Android SDK	2026-07-29T00:46:33.1068994Z 
build	Setup Android SDK	2026-07-29T00:46:33.1069086Z 11. LIMITATION OF LIABILITY
build	Setup Android SDK	2026-07-29T00:46:33.1069239Z 
build	Setup Android SDK	2026-07-29T00:46:33.1070635Z 11.1 YOU EXPRESSLY UNDERSTAND AND AGREE THAT GOOGLE, ITS SUBSIDIARIES AND AFFILIATES, AND ITS LICENSORS SHALL NOT BE LIABLE TO YOU UNDER ANY THEORY OF LIABILITY FOR ANY DIRECT, INDIRECT, INCIDENTAL, SPECIAL CONSEQUENTIAL OR EXEMPLARY DAMAGES THAT MAY BE INCURRED BY YOU, INCLUDING ANY LOSS OF DATA, WHETHER OR NOT GOOGLE OR ITS REPRESENTATIVES HAVE BEEN ADVISED OF OR SHOULD HAVE BEEN AWARE OF THE POSSIBILITY OF ANY SUCH LOSSES ARISING.
build	Setup Android SDK	2026-07-29T00:46:33.1072110Z 
build	Setup Android SDK	2026-07-29T00:46:33.1072195Z 12. Indemnification
build	Setup Android SDK	2026-07-29T00:46:33.1072317Z 
build	Setup Android SDK	2026-07-29T00:46:33.1074723Z 12.1 To the maximum extent permitted by law, you agree to defend, indemnify and hold harmless Google, its affiliates and their respective directors, officers, employees and agents from and against any and all claims, actions, suits or proceedings, as well as any and all losses, liabilities, damages, costs and expenses (including reasonable attorneys fees) arising out of or accruing from (a) your use of the Google TV Add-on, (b) any application you develop on the Google TV Add-on that infringes any copyright, trademark, trade secret, trade dress, patent or other intellectual property right of any person or defames any person or violates their rights of publicity or privacy, and (c) any non-compliance by you with this License Agreement.
build	Setup Android SDK	2026-07-29T00:46:33.1077623Z 
build	Setup Android SDK	2026-07-29T00:46:33.1077728Z 13. Changes to the License Agreement
build	Setup Android SDK	2026-07-29T00:46:33.1077912Z 
build	Setup Android SDK	2026-07-29T00:46:33.1078213Z 13.1 Google may make changes to the License Agreement as it distributes new versions of the Google TV Add-on.
build	Setup Android SDK	2026-07-29T00:46:33.1078618Z 
build	Setup Android SDK	2026-07-29T00:46:33.1078700Z 14. General Legal Terms
build	Setup Android SDK	2026-07-29T00:46:33.1078838Z 
build	Setup Android SDK	2026-07-29T00:46:33.1079876Z 14.1 This License Agreement constitute the whole legal agreement between you and Google and govern your use of the Google TV Add-on (excluding any services which Google may provide to you under a separate written agreement), and completely replace any prior agreements between you and Google in relation to the Google TV Add-on.
build	Setup Android SDK	2026-07-29T00:46:33.1081131Z 
build	Setup Android SDK	2026-07-29T00:46:33.1082120Z 14.2 You agree that if Google does not exercise or enforce any legal right or remedy which is contained in this License Agreement (or which Google has the benefit of under any applicable law), this will not be taken to be a formal waiver of Google's rights and that those rights or remedies will still be available to Google.
build	Setup Android SDK	2026-07-29T00:46:33.1083194Z 
build	Setup Android SDK	2026-07-29T00:46:33.1084292Z 14.3 If any court of law, having the jurisdiction to decide on this matter, rules that any provision of this License Agreement is invalid, then that provision will be removed from this License Agreement without affecting the rest of this License Agreement. The remaining provisions of this License Agreement will continue to be valid and enforceable.
build	Setup Android SDK	2026-07-29T00:46:33.1085771Z 
build	Setup Android SDK	2026-07-29T00:46:33.1087674Z 14.4 You acknowledge and agree that Google’s API data licensors and each member of the group of companies of which Google is the parent shall be third party beneficiaries to this License Agreement and that such other companies shall be entitled to directly enforce, and rely upon, any provision of this License Agreement that confers a benefit on (or rights in favor of) them. Other than this, no other person or company shall be third party beneficiaries to this License Agreement.
build	Setup Android SDK	2026-07-29T00:46:33.1089300Z 
build	Setup Android SDK	2026-07-29T00:46:33.1090210Z 14.5 EXPORT RESTRICTIONS. THE GOOGLE TV ADD-ON IS SUBJECT TO UNITED STATES EXPORT LAWS AND REGULATIONS. YOU MUST COMPLY WITH ALL DOMESTIC AND INTERNATIONAL EXPORT LAWS AND REGULATIONS THAT APPLY TO THE GOOGLE TV ADD-ON. THESE LAWS INCLUDE RESTRICTIONS ON DESTINATIONS, END USERS AND END USE.
build	Setup Android SDK	2026-07-29T00:46:33.1091222Z 
build	Setup Android SDK	2026-07-29T00:46:33.1092304Z 14.6 The rights granted in this License Agreement may not be assigned or transferred by either you or Google without the prior written approval of the other party. Neither you nor Google shall be permitted to delegate their responsibilities or obligations under this License Agreement without the prior written approval of the other party.
build	Setup Android SDK	2026-07-29T00:46:33.1093477Z 
build	Setup Android SDK	2026-07-29T00:46:33.1095281Z 14.7 This License Agreement, and your relationship with Google under this License Agreement, shall be governed by the laws of the State of California without regard to its conflict of laws provisions. You and Google agree to submit to the exclusive jurisdiction of the courts located within the county of Santa Clara, California to resolve any legal matter arising from this License Agreement. Notwithstanding this, you agree that Google shall still be allowed to apply for injunctive remedies (or an equivalent type of urgent legal relief) in any jurisdiction.
build	Setup Android SDK	2026-07-29T00:46:33.1097598Z 
build	Setup Android SDK	2026-07-29T00:46:33.1097771Z 
build	Setup Android SDK	2026-07-29T00:46:33.1097869Z August 15, 2011
build	Setup Android SDK	2026-07-29T00:46:33.1098096Z ---------------------------------------
build	Setup Android SDK	2026-07-29T00:46:33.1098383Z Accept? (y/N): 
build	Setup Android SDK	2026-07-29T00:46:33.1098598Z 2/6: License android-googlexr-license:
build	Setup Android SDK	2026-07-29T00:46:33.1098862Z ---------------------------------------
build	Setup Android SDK	2026-07-29T00:46:33.1100043Z To get started with the Android XR Emulator System Image SDK, you must agree to the following terms and conditions. As described below, please note that this is a preview, emulated version of the Android XR OS, subject to change, that you use at your own risk.
build	Setup Android SDK	2026-07-29T00:46:33.1100948Z 
build	Setup Android SDK	2026-07-29T00:46:33.1101121Z This is the Android XR Emulator System Image SDK License Agreement
build	Setup Android SDK	2026-07-29T00:46:33.1101382Z 
build	Setup Android SDK	2026-07-29T00:46:33.1101464Z 1. Introduction
build	Setup Android SDK	2026-07-29T00:46:33.1101577Z 
build	Setup Android SDK	2026-07-29T00:46:33.1103011Z 1.1 The Android Android XR Emulator System Image SDK (referred to in the License Agreement as the "SDK" and specifically including the Android system files,, packaged APIs, library files (if and when they are made available), and Google applications and APIs add-ons) is licensed to you subject to the terms of the License Agreement. The License Agreement forms a legally binding contract between you and Google in relation to your use of the SDK.
build	Setup Android SDK	2026-07-29T00:46:33.1104696Z 
build	Setup Android SDK	2026-07-29T00:46:33.1105375Z 1.2 "Android" means the Android software stack for devices, as made available under the Android Open Source Project, which is located at the following URL: https://source.android.com/, as updated from time to time.
build	Setup Android SDK	2026-07-29T00:46:33.1106382Z 
build	Setup Android SDK	2026-07-29T00:46:33.1107064Z 1.3 "Google" means Google LLC, organized under the laws of the State of Delaware, USA, and operating under the laws of the USA with principal place of business at 1600 Amphitheatre Parkway, Mountain View, CA 94043, USA.
build	Setup Android SDK	2026-07-29T00:46:33.1107832Z 
build	Setup Android SDK	2026-07-29T00:46:33.1107935Z 2. Accepting this License Agreement
build	Setup Android SDK	2026-07-29T00:46:33.1108106Z 
build	Setup Android SDK	2026-07-29T00:46:33.1108506Z 2.1 In order to use the SDK, you must first agree to the License Agreement. You may not use the SDK if you do not accept the License Agreement.
build	Setup Android SDK	2026-07-29T00:46:33.1109009Z 
build	Setup Android SDK	2026-07-29T00:46:33.1109292Z 2.2 By clicking to accept and/or using this SDK, you hereby agree to the terms of the License Agreement.
build	Setup Android SDK	2026-07-29T00:46:33.1109666Z 
build	Setup Android SDK	2026-07-29T00:46:33.1110428Z 2.3 You may not use the SDK and may not accept the License Agreement if you are a person barred from receiving the SDK under the laws of the United States or other countries, including the country in which you are resident or from which you use the SDK.
build	Setup Android SDK	2026-07-29T00:46:33.1111286Z 
build	Setup Android SDK	2026-07-29T00:46:33.1112428Z 2.4 If you are agreeing to be bound by the License Agreement on behalf of your employer or other entity, you represent and warrant that you have full legal authority to bind your employer or such entity to the License Agreement. If you do not have the requisite authority, you may not accept the License Agreement or use the SDK on behalf of your employer or other entity.
build	Setup Android SDK	2026-07-29T00:46:33.1113706Z 
build	Setup Android SDK	2026-07-29T00:46:33.1113795Z 3. SDK License from Google
build	Setup Android SDK	2026-07-29T00:46:33.1113948Z 
build	Setup Android SDK	2026-07-29T00:46:33.1114674Z 3.1 Subject to the terms of the License Agreement, Google grants you a limited, worldwide, royalty-free, non-assignable, non-exclusive, and non-sublicensable license to use the SDK solely to develop applications for Android XR.
build	Setup Android SDK	2026-07-29T00:46:33.1115726Z 
build	Setup Android SDK	2026-07-29T00:46:33.1116425Z 3.2 You may not use this SDK to develop applications for other platforms or to develop another SDK. You are of course free to develop applications for other platforms provided that this SDK is not used for that purpose.
build	Setup Android SDK	2026-07-29T00:46:33.1117196Z 
build	Setup Android SDK	2026-07-29T00:46:33.1118443Z 3.3 You agree that Google or third parties own all legal right, title and interest in and to the SDK, including any Intellectual Property Rights that subsist in the SDK. "Intellectual Property Rights" means any and all rights under patent law, copyright law, trade secret law, trademark law, and any and all other proprietary rights. Google reserves all rights not expressly granted to you.
build	Setup Android SDK	2026-07-29T00:46:33.1119922Z 
build	Setup Android SDK	2026-07-29T00:46:33.1121748Z 3.4 You may not use the SDK for any purpose not expressly permitted by the License Agreement. Except to the extent required by applicable third party licenses, you may not (a) copy (except for backup purposes), modify, adapt, redistribute, decompile, reverse engineer, disassemble, or create derivative works of the SDK or any part of the SDK; or (b) load any part of the SDK onto a mobile handset or any other hardware device except a personal computer, combine any part of the SDK with other software, or distribute any software or device incorporating a part of the SDK.
build	Setup Android SDK	2026-07-29T00:46:33.1123663Z 
build	Setup Android SDK	2026-07-29T00:46:33.1125011Z 3.5 Use, reproduction and distribution of components of the SDK licensed under an open source software license are governed solely by the terms of that open source software license and not the License Agreement. You agree to remain a licensee in good standing in regard to such open source software licenses under all the rights granted and to refrain from any actions that may terminate, suspend, or breach such rights.
build	Setup Android SDK	2026-07-29T00:46:33.1126776Z 
build	Setup Android SDK	2026-07-29T00:46:33.1128135Z 3.6 You agree that the form and nature of the SDK that Google provides may change without prior notice to you and that future versions of the SDK may be incompatible with applications developed on previous versions of the SDK. You agree that Google may stop (permanently or temporarily) providing the SDK (or any features within the SDK) to you or to users generally at Google's sole discretion, without prior notice to you.
build	Setup Android SDK	2026-07-29T00:46:33.1129570Z 
build	Setup Android SDK	2026-07-29T00:46:33.1130084Z 3.7 Nothing in the License Agreement gives you a right to use any of Google's trade names, trademarks, service marks, logos, domain names, or other distinctive brand features.
build	Setup Android SDK	2026-07-29T00:46:33.1130700Z 
build	Setup Android SDK	2026-07-29T00:46:33.1131256Z 3.8 You agree that you will not remove, obscure, or alter any proprietary rights notices (including copyright and trademark notices) that may be affixed to or contained within the SDK.
build	Setup Android SDK	2026-07-29T00:46:33.1131920Z 
build	Setup Android SDK	2026-07-29T00:46:33.1132011Z 4. Use of the SDK by You
build	Setup Android SDK	2026-07-29T00:46:33.1132154Z 
build	Setup Android SDK	2026-07-29T00:46:33.1132979Z 4.1 Google agrees that it obtains no right, title or interest from you (or your licensors) under the License Agreement in or to any software applications that you develop using the SDK, including any intellectual property rights that subsist in those applications.
build	Setup Android SDK	2026-07-29T00:46:33.1133890Z 
build	Setup Android SDK	2026-07-29T00:46:33.1135008Z 4.2 You agree to use the SDK and write applications only for purposes that are permitted by (a) the License Agreement and (b) any applicable law, regulation or generally accepted practices or guidelines in the relevant jurisdictions (including any laws regarding the export of data or software to and from the United States or other relevant countries).
build	Setup Android SDK	2026-07-29T00:46:33.1136461Z 
build	Setup Android SDK	2026-07-29T00:46:33.1139008Z 4.3 You agree that if you use the SDK to develop applications for general public users, you will protect the privacy and legal rights of those users. If the users provide you with user names, passwords, or other login information or personal information, you must make the users aware that the information will be available to your application, and you must provide legally adequate privacy notice and protection for those users. If your application stores personal or sensitive information provided by users, it must do so securely. If the user provides your application with Google Account information, your application may only use that information to access the user's Google Account when, and for the limited purposes for which, the user has given you permission to do so.
build	Setup Android SDK	2026-07-29T00:46:33.1141716Z 
build	Setup Android SDK	2026-07-29T00:46:33.1142860Z 4.4 You agree that you will not engage in any activity with the SDK, including the development or distribution of an application, that interferes with, disrupts, damages, or accesses in an unauthorized manner the servers, networks, or other properties or services of any third party including, but not limited to, Google or any mobile communications carrier.
build	Setup Android SDK	2026-07-29T00:46:33.1144277Z 
build	Setup Android SDK	2026-07-29T00:46:33.1145370Z 4.5 You agree that you are solely responsible for (and that Google has no responsibility to you or to any third party for) any data, content, or resources that you create, transmit or display through Android and/or applications for Android, and for the consequences of your actions (including any loss or damage which Google may suffer) by doing so.
build	Setup Android SDK	2026-07-29T00:46:33.1146778Z 
build	Setup Android SDK	2026-07-29T00:46:33.1148023Z 4.6 You agree that you are solely responsible for (and that Google has no responsibility to you or to any third party for) any breach of your obligations under the License Agreement, any applicable third party contract or Terms of Service, or any applicable law or regulation, and for the consequences (including any loss or damage which Google or any third party may suffer) of any such breach.
build	Setup Android SDK	2026-07-29T00:46:33.1149367Z 
build	Setup Android SDK	2026-07-29T00:46:33.1150303Z 4.7 The SDK is in development, and your testing and feedback are an important part of the development process. By using the SDK, you acknowledge that implementation of some features are still under development and that you should not rely on the SDK having the full functionality of a stable release.
build	Setup Android SDK	2026-07-29T00:46:33.1151495Z 
build	Setup Android SDK	2026-07-29T00:46:33.1151592Z 5. Your Developer Credentials
build	Setup Android SDK	2026-07-29T00:46:33.1151756Z 
build	Setup Android SDK	2026-07-29T00:46:33.1152648Z 5.1 You agree that you are responsible for maintaining the confidentiality of any developer credentials that may be issued to you by Google or which you may choose yourself and that you will be solely responsible for all applications that are developed under your developer credentials.
build	Setup Android SDK	2026-07-29T00:46:33.1153646Z 
build	Setup Android SDK	2026-07-29T00:46:33.1153735Z 6. Privacy and Information
build	Setup Android SDK	2026-07-29T00:46:33.1153887Z 
build	Setup Android SDK	2026-07-29T00:46:33.1155673Z 6.1 In order to continually innovate and improve the SDK, Google may collect certain usage statistics from the software including but not limited to a unique identifier, associated IP address, version number of the software, and information on which tools and/or services in the SDK are being used and how they are being used. Before any of this information is collected, the SDK will notify you and seek your consent. If you withhold consent, the information will not be collected.
build	Setup Android SDK	2026-07-29T00:46:33.1157337Z 
build	Setup Android SDK	2026-07-29T00:46:33.1157990Z 6.2 The data collected is examined in the aggregate to improve the SDK and is maintained in accordance with Google's Privacy Policy, which is located at the following URL: https://policies.google.com/privacy
build	Setup Android SDK	2026-07-29T00:46:33.1158732Z 
build	Setup Android SDK	2026-07-29T00:46:33.1159014Z 6.3 Anonymized and aggregated sets of the data may be shared with Google partners to improve the SDK.
build	Setup Android SDK	2026-07-29T00:46:33.1159400Z 
build	Setup Android SDK	2026-07-29T00:46:33.1159492Z 7. Third Party Applications
build	Setup Android SDK	2026-07-29T00:46:33.1159648Z 
build	Setup Android SDK	2026-07-29T00:46:33.1161534Z 7.1 If you use the SDK to run applications developed by a third party or that access data, content or resources provided by a third party, you agree that Google is not responsible for those applications, data, content, or resources. You understand that all data, content or resources which you may access through such third party applications are the sole responsibility of the person from which they originated and that Google is not liable for any loss or damage that you may experience as a result of the use or access of any of those third party applications, data, content, or resources.
build	Setup Android SDK	2026-07-29T00:46:33.1163516Z 
build	Setup Android SDK	2026-07-29T00:46:33.1165101Z 7.2 You should be aware that the data, content, and resources presented to you through such a third party application may be protected by intellectual property rights which are owned by the providers (or by other persons or companies on their behalf). You may not modify, rent, lease, loan, sell, distribute or create derivative works based on these data, content, or resources (either in whole or in part) unless you have been specifically given permission to do so by the relevant owners.
build	Setup Android SDK	2026-07-29T00:46:33.1167186Z 
build	Setup Android SDK	2026-07-29T00:46:33.1168040Z 7.3 You acknowledge that your use of such third party applications, data, content, or resources may be subject to separate terms between you and the relevant third party. In that case, the License Agreement does not affect your legal relationship with these third parties.
build	Setup Android SDK	2026-07-29T00:46:33.1168992Z 
build	Setup Android SDK	2026-07-29T00:46:33.1169075Z 8. Using Android APIs
build	Setup Android SDK	2026-07-29T00:46:33.1169225Z 
build	Setup Android SDK	2026-07-29T00:46:33.1169302Z 8.1 Google Data APIs
build	Setup Android SDK	2026-07-29T00:46:33.1169428Z 
build	Setup Android SDK	2026-07-29T00:46:33.1171009Z 8.1.1 If you use any API to retrieve data from Google, you acknowledge that the data may be protected by intellectual property rights which are owned by Google or those parties that provide the data (or by other persons or companies on their behalf). Your use of any such API may be subject to additional Terms of Service. You may not modify, rent, lease, loan, sell, distribute or create derivative works based on this data (either in whole or in part) unless allowed by the relevant Terms of Service.
build	Setup Android SDK	2026-07-29T00:46:33.1172821Z 
build	Setup Android SDK	2026-07-29T00:46:33.1175799Z 8.1.2 If you use any API to retrieve a user's data from Google, you acknowledge and agree that you shall retrieve data only with the user's explicit consent and only when, and for the limited purposes for which, the user has given you permission to do so. If you use the Android Recognition Service API, documented at the following URL: https://developer.android.com/reference/android/speech/RecognitionService, as updated from time to time, you acknowledge that the use of the API is subject to the Data Processing Addendum for Products where Google is a Data Processor, which is located at the following URL: https://privacy.google.com/businesses/gdprprocessorterms/, as updated from time to time. By clicking to accept, you hereby agree to the terms of the Data Processing Addendum for Products where Google is a Data Processor.
build	Setup Android SDK	2026-07-29T00:46:33.1178630Z 
build	Setup Android SDK	2026-07-29T00:46:33.1178740Z 9. Terminating this License Agreement
build	Setup Android SDK	2026-07-29T00:46:33.1178924Z 
build	Setup Android SDK	2026-07-29T00:46:33.1179232Z 9.1 The License Agreement will continue to apply until terminated by either you or Google as set out below.
build	Setup Android SDK	2026-07-29T00:46:33.1179640Z 
build	Setup Android SDK	2026-07-29T00:46:33.1180016Z 9.2 If you want to terminate the License Agreement, you may do so by ceasing your use of the SDK and any relevant developer credentials.
build	Setup Android SDK	2026-07-29T00:46:33.1180487Z 
build	Setup Android SDK	2026-07-29T00:46:33.1183240Z 9.3 Google may at any time, terminate the License Agreement with you if: (A) you have breached any provision of the License Agreement; or (B) Google is required to do so by law; or (C) the partner with whom Google offered certain parts of SDK (such as APIs) to you has terminated its relationship with Google or ceased to offer certain parts of the SDK to you; or (D) Google decides to no longer provide the SDK or certain parts of the SDK to users in the country in which you are resident or from which you use the service, or the provision of the SDK or certain SDK services to you by Google is, in Google's sole discretion, no longer commercially viable.
build	Setup Android SDK	2026-07-29T00:46:33.1185386Z 
build	Setup Android SDK	2026-07-29T00:46:33.1187024Z 9.4 When the License Agreement comes to an end, all of the legal rights, obligations and liabilities that you and Google have benefited from, been subject to (or which have accrued over time whilst the License Agreement has been in force) or which are expressed to continue indefinitely, shall be unaffected by this cessation, and the provisions of paragraph 14.7 shall continue to apply to such rights, obligations and liabilities indefinitely.
build	Setup Android SDK	2026-07-29T00:46:33.1188539Z 
build	Setup Android SDK	2026-07-29T00:46:33.1188631Z 10. DISCLAIMER OF WARRANTIES
build	Setup Android SDK	2026-07-29T00:46:33.1188787Z 
build	Setup Android SDK	2026-07-29T00:46:33.1189310Z 10.1 YOU EXPRESSLY UNDERSTAND AND AGREE THAT YOUR USE OF THE SDK IS AT YOUR SOLE RISK AND THAT THE SDK IS PROVIDED "AS IS" AND "AS AVAILABLE" WITHOUT WARRANTY OF ANY KIND FROM GOOGLE.
build	Setup Android SDK	2026-07-29T00:46:33.1189922Z 
build	Setup Android SDK	2026-07-29T00:46:33.1190725Z 10.2 YOUR USE OF THE SDK AND ANY MATERIAL DOWNLOADED OR OTHERWISE OBTAINED THROUGH THE USE OF THE SDK IS AT YOUR OWN DISCRETION AND RISK AND YOU ARE SOLELY RESPONSIBLE FOR ANY DAMAGE TO YOUR COMPUTER SYSTEM OR OTHER DEVICE OR LOSS OF DATA THAT RESULTS FROM SUCH USE.
build	Setup Android SDK	2026-07-29T00:46:33.1191785Z 
build	Setup Android SDK	2026-07-29T00:46:33.1192593Z 10.3 GOOGLE FURTHER EXPRESSLY DISCLAIMS ALL WARRANTIES AND CONDITIONS OF ANY KIND, WHETHER EXPRESS OR IMPLIED, INCLUDING, BUT NOT LIMITED TO THE IMPLIED WARRANTIES AND CONDITIONS OF MERCHANTABILITY, FITNESS FOR A PARTICULAR PURPOSE AND NON-INFRINGEMENT.
build	Setup Android SDK	2026-07-29T00:46:33.1193488Z 
build	Setup Android SDK	2026-07-29T00:46:33.1193574Z 11. LIMITATION OF LIABILITY
build	Setup Android SDK	2026-07-29T00:46:33.1193724Z 
build	Setup Android SDK	2026-07-29T00:46:33.1195128Z 11.1 YOU EXPRESSLY UNDERSTAND AND AGREE THAT GOOGLE, ITS SUBSIDIARIES AND AFFILIATES, AND ITS LICENSORS SHALL NOT BE LIABLE TO YOU UNDER ANY THEORY OF LIABILITY FOR ANY DIRECT, INDIRECT, INCIDENTAL, SPECIAL, CONSEQUENTIAL OR EXEMPLARY DAMAGES THAT MAY BE INCURRED BY YOU, INCLUDING ANY LOSS OF DATA, WHETHER OR NOT GOOGLE OR ITS REPRESENTATIVES HAVE BEEN ADVISED OF OR SHOULD HAVE BEEN AWARE OF THE POSSIBILITY OF ANY SUCH LOSSES ARISING.
build	Setup Android SDK	2026-07-29T00:46:33.1196985Z 
build	Setup Android SDK	2026-07-29T00:46:33.1197076Z 12. Indemnification
build	Setup Android SDK	2026-07-29T00:46:33.1197204Z 
build	Setup Android SDK	2026-07-29T00:46:33.1199555Z 12.1 To the maximum extent permitted by law, you agree to defend, indemnify and hold harmless Google, its affiliates and their respective directors, officers, employees and agents from and against any and all claims, actions, suits or proceedings, as well as any and all losses, liabilities, damages, costs and expenses (including reasonable attorneys fees) arising out of or accruing from (a) your use of the SDK, (b) any application you develop on the SDK that infringes any copyright, trademark, trade secret, trade dress, patent or other intellectual property right of any person or defames any person or violates their rights of publicity or privacy, and (c) any non-compliance by you with the License Agreement.
build	Setup Android SDK	2026-07-29T00:46:33.1203500Z 
build	Setup Android SDK	2026-07-29T00:46:33.1203641Z 13. Changes to the License Agreement
build	Setup Android SDK	2026-07-29T00:46:33.1203841Z 
build	Setup Android SDK	2026-07-29T00:46:33.1204587Z 13.1 Google may make changes to the License Agreement as it distributes new versions of the SDK. When these changes are made, Google will make a new version of the License Agreement available on the website where the SDK is made available.
build	Setup Android SDK	2026-07-29T00:46:33.1205625Z 
build	Setup Android SDK	2026-07-29T00:46:33.1205745Z 14. General Legal Terms
build	Setup Android SDK	2026-07-29T00:46:33.1205901Z 
build	Setup Android SDK	2026-07-29T00:46:33.1206866Z 14.1 The License Agreement constitutes the whole legal agreement between you and Google and governs your use of the SDK (excluding any services which Google may provide to you under a separate written agreement), and completely replaces any prior agreements between you and Google in relation to the SDK.
build	Setup Android SDK	2026-07-29T00:46:33.1207933Z 
build	Setup Android SDK	2026-07-29T00:46:33.1208927Z 14.2 You agree that if Google does not exercise or enforce any legal right or remedy which is contained in the License Agreement (or which Google has the benefit of under any applicable law), this will not be taken to be a formal waiver of Google's rights and that those rights or remedies will still be available to Google.
build	Setup Android SDK	2026-07-29T00:46:33.1210012Z 
build	Setup Android SDK	2026-07-29T00:46:33.1211118Z 14.3 If any court of law, having the jurisdiction to decide on this matter, rules that any provision of the License Agreement is invalid, then that provision will be removed from the License Agreement without affecting the rest of the License Agreement. The remaining provisions of the License Agreement will continue to be valid and enforceable.
build	Setup Android SDK	2026-07-29T00:46:33.1212301Z 
build	Setup Android SDK	2026-07-29T00:46:33.1213750Z 14.4 You acknowledge and agree that each member of the group of companies of which Google is the parent shall be third party beneficiaries to the License Agreement and that such other companies shall be entitled to directly enforce, and rely upon, any provision of the License Agreement that confers a benefit on (or rights in favor of) them. Other than this, no other person or company shall be third party beneficiaries to the License Agreement.
build	Setup Android SDK	2026-07-29T00:46:33.1215633Z 
build	Setup Android SDK	2026-07-29T00:46:33.1217112Z 14.5 EXPORT RESTRICTIONS. THE SDK IS SUBJECT TO UNITED STATES EXPORT LAWS AND REGULATIONS. YOU MUST COMPLY WITH ALL DOMESTIC AND INTERNATIONAL EXPORT LAWS AND REGULATIONS THAT APPLY TO THE SDK. THESE LAWS INCLUDE RESTRICTIONS ON DESTINATIONS, END USERS AND END USE.
build	Setup Android SDK	2026-07-29T00:46:33.1218773Z 
build	Setup Android SDK	2026-07-29T00:46:33.1220791Z 14.6 The rights granted in the License Agreement may not be assigned or transferred by either you or Google without the prior written approval of the other party. Neither you nor Google shall be permitted to delegate their responsibilities or obligations under the License Agreement without the prior written approval of the other party.
build	Setup Android SDK	2026-07-29T00:46:33.1222970Z 
build	Setup Android SDK	2026-07-29T00:46:33.1226569Z 14.7 The License Agreement, and your relationship with Google under the License Agreement, shall be governed by the laws of the State of California without regard to its conflict of laws provisions. You and Google agree to submit to the exclusive jurisdiction of the courts located within the county of Santa Clara, California to resolve any legal matter arising from the License Agreement. Notwithstanding this, you agree that Google shall still be allowed to apply for injunctive remedies (or an equivalent type of urgent legal relief) in any jurisdiction.
build	Setup Android SDK	2026-07-29T00:46:33.1230304Z ---------------------------------------
build	Setup Android SDK	2026-07-29T00:46:33.1230747Z Accept? (y/N): 
build	Setup Android SDK	2026-07-29T00:46:33.1231093Z 3/6: License android-sdk-arm-dbt-license:
build	Setup Android SDK	2026-07-29T00:46:33.1231610Z ---------------------------------------
build	Setup Android SDK	2026-07-29T00:46:33.1232042Z Terms and Conditions
build	Setup Android SDK	2026-07-29T00:46:33.1232268Z 
build	Setup Android SDK	2026-07-29T00:46:33.1232539Z This is the Android Software Development Kit License Agreement
build	Setup Android SDK	2026-07-29T00:46:33.1232991Z 
build	Setup Android SDK	2026-07-29T00:46:33.1233133Z 1. Introduction
build	Setup Android SDK	2026-07-29T00:46:33.1233323Z 
build	Setup Android SDK	2026-07-29T00:46:33.1235637Z 1.1 The Android Software Development Kit (referred to in the License Agreement as the "SDK" and specifically including the Android system files, packaged APIs, and Google APIs add-ons) is licensed to you subject to the terms of the License Agreement. The License Agreement forms a legally binding contract between you and Google in relation to your use of the SDK.
build	Setup Android SDK	2026-07-29T00:46:33.1237940Z 
build	Setup Android SDK	2026-07-29T00:46:33.1239130Z 1.2 "Android" means the Android software stack for devices, as made available under the Android Open Source Project, which is located at the following URL: http://source.android.com/, as updated from time to time.
build	Setup Android SDK	2026-07-29T00:46:33.1240498Z 
build	Setup Android SDK	2026-07-29T00:46:33.1242537Z 1.3 A "compatible implementation" means any Android device that (i) complies with the Android Compatibility Definition document, which can be found at the Android compatibility website (http://source.android.com/compatibility) and which may be updated from time to time; and (ii) successfully passes the Android Compatibility Test Suite (CTS).
build	Setup Android SDK	2026-07-29T00:46:33.1244733Z 
build	Setup Android SDK	2026-07-29T00:46:33.1245762Z 1.4 "Google" means Google Inc., a Delaware corporation with principal place of business at 1600 Amphitheatre Parkway, Mountain View, CA 94043, United States.
build	Setup Android SDK	2026-07-29T00:46:33.1246810Z 
build	Setup Android SDK	2026-07-29T00:46:33.1246816Z 
build	Setup Android SDK	2026-07-29T00:46:33.1246983Z 2. Accepting the License Agreement
build	Setup Android SDK	2026-07-29T00:46:33.1247273Z 
build	Setup Android SDK	2026-07-29T00:46:33.1247978Z 2.1 In order to use the SDK, you must first agree to the License Agreement. You may not use the SDK if you do not accept the License Agreement.
build	Setup Android SDK	2026-07-29T00:46:33.1248856Z 
build	Setup Android SDK	2026-07-29T00:46:33.1249226Z 2.2 By clicking to accept, you hereby agree to the terms of the License Agreement.
build	Setup Android SDK	2026-07-29T00:46:33.1249769Z 
build	Setup Android SDK	2026-07-29T00:46:33.1251146Z 2.3 You may not use the SDK and may not accept the License Agreement if you are a person barred from receiving the SDK under the laws of the United States or other countries, including the country in which you are resident or from which you use the SDK.
build	Setup Android SDK	2026-07-29T00:46:33.1252703Z 
build	Setup Android SDK	2026-07-29T00:46:33.1254787Z 2.4 If you are agreeing to be bound by the License Agreement on behalf of your employer or other entity, you represent and warrant that you have full legal authority to bind your employer or such entity to the License Agreement. If you do not have the requisite authority, you may not accept the License Agreement or use the SDK on behalf of your employer or other entity.
build	Setup Android SDK	2026-07-29T00:46:33.1257411Z 
build	Setup Android SDK	2026-07-29T00:46:33.1257420Z 
build	Setup Android SDK	2026-07-29T00:46:33.1257570Z 3. SDK License from Google
build	Setup Android SDK	2026-07-29T00:46:33.1257827Z 
build	Setup Android SDK	2026-07-29T00:46:33.1259301Z 3.1 Subject to the terms of the License Agreement, Google grants you a limited, worldwide, royalty-free, non-assignable, non-exclusive, and non-sublicensable license to use the SDK solely to develop applications for compatible implementations of Android.
build	Setup Android SDK	2026-07-29T00:46:33.1260936Z 
build	Setup Android SDK	2026-07-29T00:46:33.1262877Z 3.2 You may not use this SDK to develop applications for other platforms (including non-compatible implementations of Android) or to develop another SDK. You are of course free to develop applications for other platforms, including non-compatible implementations of Android, provided that this SDK is not used for that purpose.
build	Setup Android SDK	2026-07-29T00:46:33.1265212Z 
build	Setup Android SDK	2026-07-29T00:46:33.1267636Z 3.3 You agree that Google or third parties own all legal right, title and interest in and to the SDK, including any Intellectual Property Rights that subsist in the SDK. "Intellectual Property Rights" means any and all rights under patent law, copyright law, trade secret law, trademark law, and any and all other proprietary rights. Google reserves all rights not expressly granted to you.
build	Setup Android SDK	2026-07-29T00:46:33.1270022Z 
build	Setup Android SDK	2026-07-29T00:46:33.1271996Z 3.4 You may not use the SDK for any purpose not expressly permitted by the License Agreement. Except to the extent required by applicable third party licenses, you may not copy (except for backup purposes), modify, adapt, redistribute, decompile, reverse engineer, disassemble, or create derivative works of the SDK or any part of the SDK.
build	Setup Android SDK	2026-07-29T00:46:33.1274139Z 
build	Setup Android SDK	2026-07-29T00:46:33.1275301Z 3.5 Use, reproduction and distribution of components of the SDK licensed under an open source software license are governed solely by the terms of that open source software license and not the License Agreement.
build	Setup Android SDK	2026-07-29T00:46:33.1276858Z 
build	Setup Android SDK	2026-07-29T00:46:33.1279353Z 3.6 You agree that the form and nature of the SDK that Google provides may change without prior notice to you and that future versions of the SDK may be incompatible with applications developed on previous versions of the SDK. You agree that Google may stop (permanently or temporarily) providing the SDK (or any features within the SDK) to you or to users generally at Google's sole discretion, without prior notice to you.
build	Setup Android SDK	2026-07-29T00:46:33.1281959Z 
build	Setup Android SDK	2026-07-29T00:46:33.1282903Z 3.7 Nothing in the License Agreement gives you a right to use any of Google's trade names, trademarks, service marks, logos, domain names, or other distinctive brand features.
build	Setup Android SDK	2026-07-29T00:46:33.1284015Z 
build	Setup Android SDK	2026-07-29T00:46:33.1285029Z 3.8 You agree that you will not remove, obscure, or alter any proprietary rights notices (including copyright and trademark notices) that may be affixed to or contained within the SDK.
build	Setup Android SDK	2026-07-29T00:46:33.1286426Z 
build	Setup Android SDK	2026-07-29T00:46:33.1286435Z 
build	Setup Android SDK	2026-07-29T00:46:33.1286577Z 4. Use of the SDK by You
build	Setup Android SDK	2026-07-29T00:46:33.1286825Z 
build	Setup Android SDK	2026-07-29T00:46:33.1288330Z 4.1 Google agrees that it obtains no right, title or interest from you (or your licensors) under the License Agreement in or to any software applications that you develop using the SDK, including any intellectual property rights that subsist in those applications.
build	Setup Android SDK	2026-07-29T00:46:33.1290004Z 
build	Setup Android SDK	2026-07-29T00:46:33.1292045Z 4.2 You agree to use the SDK and write applications only for purposes that are permitted by (a) the License Agreement and (b) any applicable law, regulation or generally accepted practices or guidelines in the relevant jurisdictions (including any laws regarding the export of data or software to and from the United States or other relevant countries).
build	Setup Android SDK	2026-07-29T00:46:33.1294263Z 
build	Setup Android SDK	2026-07-29T00:46:33.1299336Z 4.3 You agree that if you use the SDK to develop applications for general public users, you will protect the privacy and legal rights of those users. If the users provide you with user names, passwords, or other login information or personal information, you must make the users aware that the information will be available to your application, and you must provide legally adequate privacy notice and protection for those users. If your application stores personal or sensitive information provided by users, it must do so securely. If the user provides your application with Google Account information, your application may only use that information to access the user's Google Account when, and for the limited purposes for which, the user has given you permission to do so.
build	Setup Android SDK	2026-07-29T00:46:33.1304181Z 
build	Setup Android SDK	2026-07-29T00:46:33.1306447Z 4.4 You agree that you will not engage in any activity with the SDK, including the development or distribution of an application, that interferes with, disrupts, damages, or accesses in an unauthorized manner the servers, networks, or other properties or services of any third party including, but not limited to, Google or any mobile communications carrier.
build	Setup Android SDK	2026-07-29T00:46:33.1308902Z 
build	Setup Android SDK	2026-07-29T00:46:33.1310927Z 4.5 You agree that you are solely responsible for (and that Google has no responsibility to you or to any third party for) any data, content, or resources that you create, transmit or display through Android and/or applications for Android, and for the consequences of your actions (including any loss or damage which Google may suffer) by doing so.
build	Setup Android SDK	2026-07-29T00:46:33.1313107Z 
build	Setup Android SDK	2026-07-29T00:46:33.1315632Z 4.6 You agree that you are solely responsible for (and that Google has no responsibility to you or to any third party for) any breach of your obligations under the License Agreement, any applicable third party contract or Terms of Service, or any applicable law or regulation, and for the consequences (including any loss or damage which Google or any third party may suffer) of any such breach.
build	Setup Android SDK	2026-07-29T00:46:33.1318105Z 
build	Setup Android SDK	2026-07-29T00:46:33.1320807Z 4.7 This software enables the execution of intellectual property owned by Arm Limited. You agree that your use of the software, that allows execution of ARM Instruction Set Architecture (“ISA”) compliant executables for application development and debug only on x86 desktop, laptop, customer on-premise servers, and customer-procured cloud-based environments.
build	Setup Android SDK	2026-07-29T00:46:33.1323072Z 
build	Setup Android SDK	2026-07-29T00:46:33.1323226Z 5. Your Developer Credentials
build	Setup Android SDK	2026-07-29T00:46:33.1323486Z 
build	Setup Android SDK	2026-07-29T00:46:33.1325014Z 5.1 You agree that you are responsible for maintaining the confidentiality of any developer credentials that may be issued to you by Google or which you may choose yourself and that you will be solely responsible for all applications that are developed under your developer credentials.
build	Setup Android SDK	2026-07-29T00:46:33.1326581Z 
build	Setup Android SDK	2026-07-29T00:46:33.1326696Z 6. Privacy and Information
build	Setup Android SDK	2026-07-29T00:46:33.1326859Z 
build	Setup Android SDK	2026-07-29T00:46:33.1329101Z 6.1 In order to continually innovate and improve the SDK, Google may collect certain usage statistics from the software including but not limited to a unique identifier, associated IP address, version number of the software, and information on which tools and/or services in the SDK are being used and how they are being used. Before any of this information is collected, the SDK will notify you and seek your consent. If you withhold consent, the information will not be collected.
build	Setup Android SDK	2026-07-29T00:46:33.1330828Z 
build	Setup Android SDK	2026-07-29T00:46:33.1331227Z 6.2 The data collected is examined in the aggregate to improve the SDK and is maintained in accordance with Google's Privacy Policy.
build	Setup Android SDK	2026-07-29T00:46:33.1331714Z 
build	Setup Android SDK	2026-07-29T00:46:33.1331719Z 
build	Setup Android SDK	2026-07-29T00:46:33.1331816Z 7. Third Party Applications
build	Setup Android SDK	2026-07-29T00:46:33.1331983Z 
build	Setup Android SDK	2026-07-29T00:46:33.1334117Z 7.1 If you use the SDK to run applications developed by a third party or that access data, content or resources provided by a third party, you agree that Google is not responsible for those applications, data, content, or resources. You understand that all data, content or resources which you may access through such third party applications are the sole responsibility of the person from which they originated and that Google is not liable for any loss or damage that you may experience as a result of the use or access of any of those third party applications, data, content, or resources.
build	Setup Android SDK	2026-07-29T00:46:33.1337036Z 
build	Setup Android SDK	2026-07-29T00:46:33.1338610Z 7.2 You should be aware the data, content, and resources presented to you through such a third party application may be protected by intellectual property rights which are owned by the providers (or by other persons or companies on their behalf). You may not modify, rent, lease, loan, sell, distribute or create derivative works based on these data, content, or resources (either in whole or in part) unless you have been specifically given permission to do so by the relevant owners.
build	Setup Android SDK	2026-07-29T00:46:33.1340250Z 
build	Setup Android SDK	2026-07-29T00:46:33.1341102Z 7.3 You acknowledge that your use of such third party applications, data, content, or resources may be subject to separate terms between you and the relevant third party. In that case, the License Agreement does not affect your legal relationship with these third parties.
build	Setup Android SDK	2026-07-29T00:46:33.1342469Z 
build	Setup Android SDK	2026-07-29T00:46:33.1342479Z 
build	Setup Android SDK	2026-07-29T00:46:33.1342597Z 8. Using Android APIs
build	Setup Android SDK	2026-07-29T00:46:33.1342746Z 
build	Setup Android SDK	2026-07-29T00:46:33.1342834Z 8.1 Google Data APIs
build	Setup Android SDK	2026-07-29T00:46:33.1342960Z 
build	Setup Android SDK	2026-07-29T00:46:33.1344543Z 8.1.1 If you use any API to retrieve data from Google, you acknowledge that the data may be protected by intellectual property rights which are owned by Google or those parties that provide the data (or by other persons or companies on their behalf). Your use of any such API may be subject to additional Terms of Service. You may not modify, rent, lease, loan, sell, distribute or create derivative works based on this data (either in whole or in part) unless allowed by the relevant Terms of Service.
build	Setup Android SDK	2026-07-29T00:46:33.1346633Z 
build	Setup Android SDK	2026-07-29T00:46:33.1349376Z 8.1.2 If you use any API to retrieve a user's data from Google, you acknowledge and agree that you shall retrieve data only with the user's explicit consent and only when, and for the limited purposes for which, the user has given you permission to do so. If you use the Android Recognition Service API, documented at the following URL: https://developer.android.com/reference/android/speech/RecognitionService, as updated from time to time, you acknowledge that the use of the API is subject to the Data Processing Addendum for Products where Google is a Data Processor, which is located at the following URL: https://privacy.google.com/businesses/gdprprocessorterms/, as updated from time to time. By clicking to accept, you hereby agree to the terms of the Data Processing Addendum for Products where Google is a Data Processor.
build	Setup Android SDK	2026-07-29T00:46:33.1352202Z 
build	Setup Android SDK	2026-07-29T00:46:33.1352208Z 
build	Setup Android SDK	2026-07-29T00:46:33.1352369Z 9. Terminating the License Agreement
build	Setup Android SDK	2026-07-29T00:46:33.1352617Z 
build	Setup Android SDK	2026-07-29T00:46:33.1353018Z 9.1 The License Agreement will continue to apply until terminated by either you or Google as set out below.
build	Setup Android SDK	2026-07-29T00:46:33.1353451Z 
build	Setup Android SDK	2026-07-29T00:46:33.1353828Z 9.2 If you want to terminate the License Agreement, you may do so by ceasing your use of the SDK and any relevant developer credentials.
build	Setup Android SDK	2026-07-29T00:46:33.1354305Z 
build	Setup Android SDK	2026-07-29T00:46:33.1356716Z 9.3 Google may at any time, terminate the License Agreement with you if: (A) you have breached any provision of the License Agreement; or (B) Google is required to do so by law; or (C) the partner with whom Google offered certain parts of SDK (such as APIs) to you has terminated its relationship with Google or ceased to offer certain parts of the SDK to you; or (D) Google decides to no longer provide the SDK or certain parts of the SDK to users in the country in which you are resident or from which you use the service, or the provision of the SDK or certain SDK services to you by Google is, in Google's sole discretion, no longer commercially viable.
build	Setup Android SDK	2026-07-29T00:46:33.1359020Z 
build	Setup Android SDK	2026-07-29T00:46:33.1360428Z 9.4 When the License Agreement comes to an end, all of the legal rights, obligations and liabilities that you and Google have benefited from, been subject to (or which have accrued over time whilst the License Agreement has been in force) or which are expressed to continue indefinitely, shall be unaffected by this cessation, and the provisions of paragraph 14.7 shall continue to apply to such rights, obligations and liabilities indefinitely.
build	Setup Android SDK	2026-07-29T00:46:33.1361925Z 
build	Setup Android SDK	2026-07-29T00:46:33.1361929Z 
build	Setup Android SDK	2026-07-29T00:46:33.1362028Z 10. DISCLAIMER OF WARRANTIES
build	Setup Android SDK	2026-07-29T00:46:33.1362178Z 
build	Setup Android SDK	2026-07-29T00:46:33.1362700Z 10.1 YOU EXPRESSLY UNDERSTAND AND AGREE THAT YOUR USE OF THE SDK IS AT YOUR SOLE RISK AND THAT THE SDK IS PROVIDED "AS IS" AND "AS AVAILABLE" WITHOUT WARRANTY OF ANY KIND FROM GOOGLE.
build	Setup Android SDK	2026-07-29T00:46:33.1363306Z 
build	Setup Android SDK	2026-07-29T00:46:33.1364102Z 10.2 YOUR USE OF THE SDK AND ANY MATERIAL DOWNLOADED OR OTHERWISE OBTAINED THROUGH THE USE OF THE SDK IS AT YOUR OWN DISCRETION AND RISK AND YOU ARE SOLELY RESPONSIBLE FOR ANY DAMAGE TO YOUR COMPUTER SYSTEM OR OTHER DEVICE OR LOSS OF DATA THAT RESULTS FROM SUCH USE.
build	Setup Android SDK	2026-07-29T00:46:33.1365103Z 
build	Setup Android SDK	2026-07-29T00:46:33.1366279Z 10.3 GOOGLE FURTHER EXPRESSLY DISCLAIMS ALL WARRANTIES AND CONDITIONS OF ANY KIND, WHETHER EXPRESS OR IMPLIED, INCLUDING, BUT NOT LIMITED TO THE IMPLIED WARRANTIES AND CONDITIONS OF MERCHANTABILITY, FITNESS FOR A PARTICULAR PURPOSE AND NON-INFRINGEMENT.
build	Setup Android SDK	2026-07-29T00:46:33.1367196Z 
build	Setup Android SDK	2026-07-29T00:46:33.1367201Z 
build	Setup Android SDK	2026-07-29T00:46:33.1367293Z 11. LIMITATION OF LIABILITY
build	Setup Android SDK	2026-07-29T00:46:33.1367448Z 
build	Setup Android SDK	2026-07-29T00:46:33.1368832Z 11.1 YOU EXPRESSLY UNDERSTAND AND AGREE THAT GOOGLE, ITS SUBSIDIARIES AND AFFILIATES, AND ITS LICENSORS SHALL NOT BE LIABLE TO YOU UNDER ANY THEORY OF LIABILITY FOR ANY DIRECT, INDIRECT, INCIDENTAL, SPECIAL, CONSEQUENTIAL OR EXEMPLARY DAMAGES THAT MAY BE INCURRED BY YOU, INCLUDING ANY LOSS OF DATA, WHETHER OR NOT GOOGLE OR ITS REPRESENTATIVES HAVE BEEN ADVISED OF OR SHOULD HAVE BEEN AWARE OF THE POSSIBILITY OF ANY SUCH LOSSES ARISING.
build	Setup Android SDK	2026-07-29T00:46:33.1370313Z 
build	Setup Android SDK	2026-07-29T00:46:33.1370318Z 
build	Setup Android SDK	2026-07-29T00:46:33.1370402Z 12. Indemnification
build	Setup Android SDK	2026-07-29T00:46:33.1370523Z 
build	Setup Android SDK	2026-07-29T00:46:33.1372823Z 12.1 To the maximum extent permitted by law, you agree to defend, indemnify and hold harmless Google, its affiliates and their respective directors, officers, employees and agents from and against any and all claims, actions, suits or proceedings, as well as any and all losses, liabilities, damages, costs and expenses (including reasonable attorneys fees) arising out of or accruing from (a) your use of the SDK, (b) any application you develop on the SDK that infringes any copyright, trademark, trade secret, trade dress, patent or other intellectual property right of any person or defames any person or violates their rights of publicity or privacy, and (c) any non-compliance by you with the License Agreement.
build	Setup Android SDK	2026-07-29T00:46:33.1375213Z 
build	Setup Android SDK	2026-07-29T00:46:33.1375217Z 
build	Setup Android SDK	2026-07-29T00:46:33.1375308Z 13. Changes to the License Agreement
build	Setup Android SDK	2026-07-29T00:46:33.1375724Z 
build	Setup Android SDK	2026-07-29T00:46:33.1376666Z 13.1 Google may make changes to the License Agreement as it distributes new versions of the SDK. When these changes are made, Google will make a new version of the License Agreement available on the website where the SDK is made available.
build	Setup Android SDK	2026-07-29T00:46:33.1378199Z 
build	Setup Android SDK	2026-07-29T00:46:33.1378210Z 
build	Setup Android SDK	2026-07-29T00:46:33.1378367Z 14. General Legal Terms
build	Setup Android SDK	2026-07-29T00:46:33.1378608Z 
build	Setup Android SDK	2026-07-29T00:46:33.1380009Z 14.1 The License Agreement constitutes the whole legal agreement between you and Google and governs your use of the SDK (excluding any services which Google may provide to you under a separate written agreement), and completely replaces any prior agreements between you and Google in relation to the SDK.
build	Setup Android SDK	2026-07-29T00:46:33.1381499Z 
build	Setup Android SDK	2026-07-29T00:46:33.1382505Z 14.2 You agree that if Google does not exercise or enforce any legal right or remedy which is contained in the License Agreement (or which Google has the benefit of under any applicable law), this will not be taken to be a formal waiver of Google's rights and that those rights or remedies will still be available to Google.
build	Setup Android SDK	2026-07-29T00:46:33.1383780Z 
build	Setup Android SDK	2026-07-29T00:46:33.1384860Z 14.3 If any court of law, having the jurisdiction to decide on this matter, rules that any provision of the License Agreement is invalid, then that provision will be removed from the License Agreement without affecting the rest of the License Agreement. The remaining provisions of the License Agreement will continue to be valid and enforceable.
build	Setup Android SDK	2026-07-29T00:46:33.1386295Z 
build	Setup Android SDK	2026-07-29T00:46:33.1387706Z 14.4 You acknowledge and agree that each member of the group of companies of which Google is the parent shall be third party beneficiaries to the License Agreement and that such other companies shall be entitled to directly enforce, and rely upon, any provision of the License Agreement that confers a benefit on (or rights in favor of) them. Other than this, no other person or company shall be third party beneficiaries to the License Agreement.
build	Setup Android SDK	2026-07-29T00:46:33.1389337Z 
build	Setup Android SDK	2026-07-29T00:46:33.1390169Z 14.5 EXPORT RESTRICTIONS. THE SDK IS SUBJECT TO UNITED STATES EXPORT LAWS AND REGULATIONS. YOU MUST COMPLY WITH ALL DOMESTIC AND INTERNATIONAL EXPORT LAWS AND REGULATIONS THAT APPLY TO THE SDK. THESE LAWS INCLUDE RESTRICTIONS ON DESTINATIONS, END USERS AND END USE.
build	Setup Android SDK	2026-07-29T00:46:33.1391102Z 
build	Setup Android SDK	2026-07-29T00:46:33.1392180Z 14.6 The rights granted in the License Agreement may not be assigned or transferred by either you or Google without the prior written approval of the other party. Neither you nor Google shall be permitted to delegate their responsibilities or obligations under the License Agreement without the prior written approval of the other party.
build	Setup Android SDK	2026-07-29T00:46:33.1393339Z 
build	Setup Android SDK	2026-07-29T00:46:33.1395128Z 14.7 The License Agreement, and your relationship with Google under the License Agreement, shall be governed by the laws of the State of California without regard to its conflict of laws provisions. You and Google agree to submit to the exclusive jurisdiction of the courts located within the county of Santa Clara, California to resolve any legal matter arising from the License Agreement. Notwithstanding this, you agree that Google shall still be allowed to apply for injunctive remedies (or an equivalent type of urgent legal relief) in any jurisdiction.
build	Setup Android SDK	2026-07-29T00:46:33.1397288Z 
build	Setup Android SDK	2026-07-29T00:46:33.1397294Z 
build	Setup Android SDK	2026-07-29T00:46:33.1397387Z January 16, 2019
build	Setup Android SDK	2026-07-29T00:46:33.1397595Z ---------------------------------------
build	Setup Android SDK	2026-07-29T00:46:33.1397848Z Accept? (y/N): 
build	Setup Android SDK	2026-07-29T00:46:33.1398071Z 4/6: License android-sdk-preview-license:
build	Setup Android SDK	2026-07-29T00:46:33.1398347Z ---------------------------------------
build	Setup Android SDK	2026-07-29T00:46:33.1399740Z To get started with the Android SDK Preview, you must agree to the following terms and conditions. As described below, please note that this is a preview version of the Android SDK, subject to change, that you use at your own risk. The Android SDK Preview is not a stable release, and may contain errors and defects that can result in serious damage to your computer systems, devices and data.
build	Setup Android SDK	2026-07-29T00:46:33.1401055Z 
build	Setup Android SDK	2026-07-29T00:46:33.1401250Z This is the Android SDK Preview License Agreement (the "License Agreement").
build	Setup Android SDK	2026-07-29T00:46:33.1401549Z 
build	Setup Android SDK	2026-07-29T00:46:33.1401622Z 1. Introduction
build	Setup Android SDK	2026-07-29T00:46:33.1401736Z 
build	Setup Android SDK	2026-07-29T00:46:33.1403317Z 1.1 The Android SDK Preview (referred to in the License Agreement as the “Preview” and specifically including the Android system files, packaged APIs, and Preview library files, if and when they are made available) is licensed to you subject to the terms of the License Agreement. The License Agreement forms a legally binding contract between you and Google in relation to your use of the Preview.
build	Setup Android SDK	2026-07-29T00:46:33.1404667Z 
build	Setup Android SDK	2026-07-29T00:46:33.1405322Z 1.2 "Android" means the Android software stack for devices, as made available under the Android Open Source Project, which is located at the following URL: http://source.android.com/, as updated from time to time.
build	Setup Android SDK	2026-07-29T00:46:33.1406490Z 
build	Setup Android SDK	2026-07-29T00:46:33.1406974Z 1.3 "Google" means Google Inc., a Delaware corporation with principal place of business at 1600 Amphitheatre Parkway, Mountain View, CA 94043, United States.
build	Setup Android SDK	2026-07-29T00:46:33.1407540Z 
build	Setup Android SDK	2026-07-29T00:46:33.1407640Z 2. Accepting the License Agreement
build	Setup Android SDK	2026-07-29T00:46:33.1407806Z 
build	Setup Android SDK	2026-07-29T00:46:33.1408251Z 2.1 In order to use the Preview, you must first agree to the License Agreement. You may not use the Preview if you do not accept the License Agreement.
build	Setup Android SDK	2026-07-29T00:46:33.1408778Z 
build	Setup Android SDK	2026-07-29T00:46:33.1409072Z 2.2 By clicking to accept and/or using the Preview, you hereby agree to the terms of the License Agreement.
build	Setup Android SDK	2026-07-29T00:46:33.1409462Z 
build	Setup Android SDK	2026-07-29T00:46:33.1410265Z 2.3 You may not use the Preview and may not accept the License Agreement if you are a person barred from receiving the Preview under the laws of the United States or other countries including the country in which you are resident or from which you use the Preview.
build	Setup Android SDK	2026-07-29T00:46:33.1411279Z 
build	Setup Android SDK	2026-07-29T00:46:33.1412674Z 2.4 If you will use the Preview internally within your company or organization you agree to be bound by the License Agreement on behalf of your employer or other entity, and you represent and warrant that you have full legal authority to bind your employer or such entity to the License Agreement. If you do not have the requisite authority, you may not accept the License Agreement or use the Preview on behalf of your employer or other entity.
build	Setup Android SDK	2026-07-29T00:46:33.1414190Z 
build	Setup Android SDK	2026-07-29T00:46:33.1414289Z 3. Preview License from Google
build	Setup Android SDK	2026-07-29T00:46:33.1414445Z 
build	Setup Android SDK	2026-07-29T00:46:33.1415673Z 3.1 Subject to the terms of the License Agreement, Google grants you a royalty-free, non-assignable, non-exclusive, non-sublicensable, limited, revocable license to use the Preview, personally or internally within your company or organization, solely to develop applications to run on the Android platform.
build	Setup Android SDK	2026-07-29T00:46:33.1416833Z 
build	Setup Android SDK	2026-07-29T00:46:33.1418116Z 3.2 You agree that Google or third parties owns all legal right, title and interest in and to the Preview, including any Intellectual Property Rights that subsist in the Preview. "Intellectual Property Rights" means any and all rights under patent law, copyright law, trade secret law, trademark law, and any and all other proprietary rights. Google reserves all rights not expressly granted to you.
build	Setup Android SDK	2026-07-29T00:46:33.1419482Z 
build	Setup Android SDK	2026-07-29T00:46:33.1421397Z 3.3 You may not use the Preview for any purpose not expressly permitted by the License Agreement. Except to the extent required by applicable third party licenses, you may not: (a) copy (except for backup purposes), modify, adapt, redistribute, decompile, reverse engineer, disassemble, or create derivative works of the Preview or any part of the Preview; or (b) load any part of the Preview onto a mobile handset or any other hardware device except a personal computer, combine any part of the Preview with other software, or distribute any software or device incorporating a part of the Preview.
build	Setup Android SDK	2026-07-29T00:46:33.1423403Z 
build	Setup Android SDK	2026-07-29T00:46:33.1424192Z 3.4 You agree that you will not take any actions that may cause or result in the fragmentation of Android, including but not limited to distributing, participating in the creation of, or promoting in any way a software development kit derived from the Preview.
build	Setup Android SDK	2026-07-29T00:46:33.1425089Z 
build	Setup Android SDK	2026-07-29T00:46:33.1427565Z 3.5 Use, reproduction and distribution of components of the Preview licensed under an open source software license are governed solely by the terms of that open source software license and not the License Agreement. You agree to remain a licensee in good standing in regard to such open source software licenses under all the rights granted and to refrain from any actions that may terminate, suspend, or breach such rights.
build	Setup Android SDK	2026-07-29T00:46:33.1429431Z 
build	Setup Android SDK	2026-07-29T00:46:33.1431561Z 3.6 You agree that the form and nature of the Preview that Google provides may change without prior notice to you and that future versions of the Preview may be incompatible with applications developed on previous versions of the Preview. You agree that Google may stop (permanently or temporarily) providing the Preview (or any features within the Preview) to you or to users generally at Google's sole discretion, without prior notice to you.
build	Setup Android SDK	2026-07-29T00:46:33.1433488Z 
build	Setup Android SDK	2026-07-29T00:46:33.1434020Z 3.7 Nothing in the License Agreement gives you a right to use any of Google's trade names, trademarks, service marks, logos, domain names, or other distinctive brand features.
build	Setup Android SDK	2026-07-29T00:46:33.1434634Z 
build	Setup Android SDK	2026-07-29T00:46:33.1435202Z 3.8 You agree that you will not remove, obscure, or alter any proprietary rights notices (including copyright and trademark notices) that may be affixed to or contained within the Preview.
build	Setup Android SDK	2026-07-29T00:46:33.1436449Z 
build	Setup Android SDK	2026-07-29T00:46:33.1436611Z 4. Use of the Preview by You
build	Setup Android SDK	2026-07-29T00:46:33.1436881Z 
build	Setup Android SDK	2026-07-29T00:46:33.1438017Z 4.1 Google agrees that nothing in the License Agreement gives Google any right, title or interest from you (or your licensors) under the License Agreement in or to any software applications that you develop using the Preview, including any intellectual property rights that subsist in those applications.
build	Setup Android SDK	2026-07-29T00:46:33.1439243Z 
build	Setup Android SDK	2026-07-29T00:46:33.1440383Z 4.2 You agree to use the Preview and write applications only for purposes that are permitted by (a) the License Agreement, and (b) any applicable law, regulation or generally accepted practices or guidelines in the relevant jurisdictions (including any laws regarding the export of data or software to and from the United States or other relevant countries).
build	Setup Android SDK	2026-07-29T00:46:33.1441610Z 
build	Setup Android SDK	2026-07-29T00:46:33.1444854Z 4.3 You agree that if you use the Preview to develop applications, you will protect the privacy and legal rights of users. If users provide you with user names, passwords, or other login information or personal information, you must make the users aware that the information will be available to your application, and you must provide legally adequate privacy notice and protection for those users. If your application stores personal or sensitive information provided by users, it must do so securely. If users provide you with Google Account information, your application may only use that information to access the user's Google Account when, and for the limited purposes for which, each user has given you permission to do so.
build	Setup Android SDK	2026-07-29T00:46:33.1447641Z 
build	Setup Android SDK	2026-07-29T00:46:33.1448583Z 4.4 You agree that you will not engage in any activity with the Preview, including the development or distribution of an application, that interferes with, disrupts, damages, or accesses in an unauthorized manner the servers, networks, or other properties or services of Google or any third party.
build	Setup Android SDK	2026-07-29T00:46:33.1449601Z 
build	Setup Android SDK	2026-07-29T00:46:33.1450688Z 4.5 You agree that you are solely responsible for (and that Google has no responsibility to you or to any third party for) any data, content, or resources that you create, transmit or display through Android and/or applications for Android, and for the consequences of your actions (including any loss or damage which Google may suffer) by doing so.
build	Setup Android SDK	2026-07-29T00:46:33.1451875Z 
build	Setup Android SDK	2026-07-29T00:46:33.1453117Z 4.6 You agree that you are solely responsible for (and that Google has no responsibility to you or to any third party for) any breach of your obligations under the License Agreement, any applicable third party contract or Terms of Service, or any applicable law or regulation, and for the consequences (including any loss or damage which Google or any third party may suffer) of any such breach.
build	Setup Android SDK	2026-07-29T00:46:33.1454453Z 
build	Setup Android SDK	2026-07-29T00:46:33.1456192Z 4.7 The Preview is in development, and your testing and feedback are an important part of the development process. By using the Preview, you acknowledge that implementation of some features are still under development and that you should not rely on the Preview having the full functionality of a stable release. You agree not to publicly distribute or ship any application using this Preview as this Preview will no longer be supported after the official Android SDK is released.
build	Setup Android SDK	2026-07-29T00:46:33.1457999Z 
build	Setup Android SDK	2026-07-29T00:46:33.1458103Z 5. Your Developer Credentials
build	Setup Android SDK	2026-07-29T00:46:33.1458312Z 
build	Setup Android SDK	2026-07-29T00:46:33.1459935Z 5.1 You agree that you are responsible for maintaining the confidentiality of any developer credentials that may be issued to you by Google or which you may choose yourself and that you will be solely responsible for all applications that are developed under your developer credentials.
build	Setup Android SDK	2026-07-29T00:46:33.1461791Z 
build	Setup Android SDK	2026-07-29T00:46:33.1462021Z 6. Privacy and Information
build	Setup Android SDK	2026-07-29T00:46:33.1462342Z 
build	Setup Android SDK	2026-07-29T00:46:33.1465205Z 6.1 In order to continually innovate and improve the Preview, Google may collect certain usage statistics from the software including but not limited to a unique identifier, associated IP address, version number of the software, and information on which tools and/or services in the Preview are being used and how they are being used. Before any of this information is collected, the Preview will notify you and seek your consent. If you withhold consent, the information will not be collected.
build	Setup Android SDK	2026-07-29T00:46:33.1468743Z 
build	Setup Android SDK	2026-07-29T00:46:33.1469844Z 6.2 The data collected is examined in the aggregate to improve the Preview and is maintained in accordance with Google's Privacy Policy located at http://www.google.com/policies/privacy/.
build	Setup Android SDK	2026-07-29T00:46:33.1471069Z 
build	Setup Android SDK	2026-07-29T00:46:33.1471255Z 7. Third Party Applications
build	Setup Android SDK	2026-07-29T00:46:33.1471533Z 
build	Setup Android SDK	2026-07-29T00:46:33.1475063Z 7.1 If you use the Preview to run applications developed by a third party or that access data, content or resources provided by a third party, you agree that Google is not responsible for those applications, data, content, or resources. You understand that all data, content or resources which you may access through such third party applications are the sole responsibility of the person from which they originated and that Google is not liable for any loss or damage that you may experience as a result of the use or access of any of those third party applications, data, content, or resources.
build	Setup Android SDK	2026-07-29T00:46:33.1478750Z 
build	Setup Android SDK	2026-07-29T00:46:33.1480305Z 7.2 You should be aware the data, content, and resources presented to you through such a third party application may be protected by intellectual property rights which are owned by the providers (or by other persons or companies on their behalf). You may not modify, rent, lease, loan, sell, distribute or create derivative works based on these data, content, or resources (either in whole or in part) unless you have been specifically given permission to do so by the relevant owners.
build	Setup Android SDK	2026-07-29T00:46:33.1481943Z 
build	Setup Android SDK	2026-07-29T00:46:33.1482453Z 7.3 You acknowledge that your use of such third party applications, data, content, or resources may be subject to separate terms between you and the relevant third party.
build	Setup Android SDK	2026-07-29T00:46:33.1483057Z 
build	Setup Android SDK	2026-07-29T00:46:33.1483144Z 8. Using Google APIs
build	Setup Android SDK	2026-07-29T00:46:33.1483278Z 
build	Setup Android SDK	2026-07-29T00:46:33.1483360Z 8.1 Google APIs
build	Setup Android SDK	2026-07-29T00:46:33.1483471Z 
build	Setup Android SDK	2026-07-29T00:46:33.1485042Z 8.1.1 If you use any API to retrieve data from Google, you acknowledge that the data may be protected by intellectual property rights which are owned by Google or those parties that provide the data (or by other persons or companies on their behalf). Your use of any such API may be subject to additional Terms of Service. You may not modify, rent, lease, loan, sell, distribute or create derivative works based on this data (either in whole or in part) unless allowed by the relevant Terms of Service.
build	Setup Android SDK	2026-07-29T00:46:33.1486984Z 
build	Setup Android SDK	2026-07-29T00:46:33.1487750Z 8.1.2 If you use any API to retrieve a user's data from Google, you acknowledge and agree that you shall retrieve data only with the user's explicit consent and only when, and for the limited purposes for which, the user has given you permission to do so.
build	Setup Android SDK	2026-07-29T00:46:33.1488809Z 
build	Setup Android SDK	2026-07-29T00:46:33.1488911Z 9. Terminating the License Agreement
build	Setup Android SDK	2026-07-29T00:46:33.1489098Z 
build	Setup Android SDK	2026-07-29T00:46:33.1489400Z 9.1 the License Agreement will continue to apply until terminated by either you or Google as set out below.
build	Setup Android SDK	2026-07-29T00:46:33.1489811Z 
build	Setup Android SDK	2026-07-29T00:46:33.1490210Z 9.2 If you want to terminate the License Agreement, you may do so by ceasing your use of the Preview and any relevant developer credentials.
build	Setup Android SDK	2026-07-29T00:46:33.1490697Z 
build	Setup Android SDK	2026-07-29T00:46:33.1490980Z 9.3 Google may at any time, terminate the License Agreement, with or without cause, upon notice to you.
build	Setup Android SDK	2026-07-29T00:46:33.1491358Z 
build	Setup Android SDK	2026-07-29T00:46:33.1492397Z 9.4 The License Agreement will automatically terminate without notice or other action upon the earlier of: (A) when Google ceases to provide the Preview or certain parts of the Preview to users in the country in which you are resident or from which you use the service; and (B) Google issues a final release version of the Android SDK.
build	Setup Android SDK	2026-07-29T00:46:33.1493521Z 
build	Setup Android SDK	2026-07-29T00:46:33.1494260Z 9.5 When the License Agreement is terminated, the license granted to you in the License Agreement will terminate, you will immediately cease all use of the Preview, and the provisions of paragraphs 10, 11, 12 and 14 shall survive indefinitely.
build	Setup Android SDK	2026-07-29T00:46:33.1495253Z 
build	Setup Android SDK	2026-07-29T00:46:33.1495328Z 10. DISCLAIMERS
build	Setup Android SDK	2026-07-29T00:46:33.1495678Z 
build	Setup Android SDK	2026-07-29T00:46:33.1496247Z 10.1 YOU EXPRESSLY UNDERSTAND AND AGREE THAT YOUR USE OF THE PREVIEW IS AT YOUR SOLE RISK AND THAT THE PREVIEW IS PROVIDED "AS IS" AND "AS AVAILABLE" WITHOUT WARRANTY OF ANY KIND FROM GOOGLE.
build	Setup Android SDK	2026-07-29T00:46:33.1496896Z 
build	Setup Android SDK	2026-07-29T00:46:33.1498672Z 10.2 YOUR USE OF THE PREVIEW AND ANY MATERIAL DOWNLOADED OR OTHERWISE OBTAINED THROUGH THE USE OF THE PREVIEW IS AT YOUR OWN DISCRETION AND RISK AND YOU ARE SOLELY RESPONSIBLE FOR ANY DAMAGE TO YOUR COMPUTER SYSTEM OR OTHER DEVICE OR LOSS OF DATA THAT RESULTS FROM SUCH USE. WITHOUT LIMITING THE FOREGOING, YOU UNDERSTAND THAT THE PREVIEW IS NOT A STABLE RELEASE AND MAY CONTAIN ERRORS, DEFECTS AND SECURITY VULNERABILITIES THAT CAN RESULT IN SIGNIFICANT DAMAGE, INCLUDING THE COMPLETE, IRRECOVERABLE LOSS OF USE OF YOUR COMPUTER SYSTEM OR OTHER DEVICE.
build	Setup Android SDK	2026-07-29T00:46:33.1500531Z 
build	Setup Android SDK	2026-07-29T00:46:33.1501326Z 10.3 GOOGLE FURTHER EXPRESSLY DISCLAIMS ALL WARRANTIES AND CONDITIONS OF ANY KIND, WHETHER EXPRESS OR IMPLIED, INCLUDING, BUT NOT LIMITED TO THE IMPLIED WARRANTIES AND CONDITIONS OF MERCHANTABILITY, FITNESS FOR A PARTICULAR PURPOSE AND NON-INFRINGEMENT.
build	Setup Android SDK	2026-07-29T00:46:33.1502217Z 
build	Setup Android SDK	2026-07-29T00:46:33.1502303Z 11. LIMITATION OF LIABILITY
build	Setup Android SDK	2026-07-29T00:46:33.1502454Z 
build	Setup Android SDK	2026-07-29T00:46:33.1503845Z 11.1 YOU EXPRESSLY UNDERSTAND AND AGREE THAT GOOGLE, ITS SUBSIDIARIES AND AFFILIATES, AND ITS LICENSORS SHALL NOT BE LIABLE TO YOU UNDER ANY THEORY OF LIABILITY FOR ANY DIRECT, INDIRECT, INCIDENTAL, SPECIAL, CONSEQUENTIAL OR EXEMPLARY DAMAGES THAT MAY BE INCURRED BY YOU, INCLUDING ANY LOSS OF DATA, WHETHER OR NOT GOOGLE OR ITS REPRESENTATIVES HAVE BEEN ADVISED OF OR SHOULD HAVE BEEN AWARE OF THE POSSIBILITY OF ANY SUCH LOSSES ARISING.
build	Setup Android SDK	2026-07-29T00:46:33.1505858Z 
build	Setup Android SDK	2026-07-29T00:46:33.1506007Z 12. Indemnification
build	Setup Android SDK	2026-07-29T00:46:33.1506203Z 
build	Setup Android SDK	2026-07-29T00:46:33.1510952Z 12.1 To the maximum extent permitted by law, you agree to defend, indemnify and hold harmless Google, its affiliates and their respective directors, officers, employees and agents from and against any and all claims, actions, suits or proceedings, as well as any and all losses, liabilities, damages, costs and expenses (including reasonable attorneys’ fees) arising out of or accruing from (a) your use of the Preview, (b) any application you develop on the Preview that infringes any Intellectual Property Rights of any person or defames any person or violates their rights of publicity or privacy, and (c) any non-compliance by you of the License Agreement.
build	Setup Android SDK	2026-07-29T00:46:33.1515128Z 
build	Setup Android SDK	2026-07-29T00:46:33.1515296Z 13. Changes to the License Agreement
build	Setup Android SDK	2026-07-29T00:46:33.1516058Z 
build	Setup Android SDK	2026-07-29T00:46:33.1517442Z 13.1 Google may make changes to the License Agreement as it distributes new versions of the Preview. When these changes are made, Google will make a new version of the License Agreement available on the website where the Preview is made available.
build	Setup Android SDK	2026-07-29T00:46:33.1518997Z 
build	Setup Android SDK	2026-07-29T00:46:33.1519143Z 14. General Legal Terms
build	Setup Android SDK	2026-07-29T00:46:33.1519382Z 
build	Setup Android SDK	2026-07-29T00:46:33.1521178Z 14.1 the License Agreement constitutes the whole legal agreement between you and Google and governs your use of the Preview (excluding any services which Google may provide to you under a separate written agreement), and completely replaces any prior agreements between you and Google in relation to the Preview.
build	Setup Android SDK	2026-07-29T00:46:33.1523120Z 
build	Setup Android SDK	2026-07-29T00:46:33.1525048Z 14.2 You agree that if Google does not exercise or enforce any legal right or remedy which is contained in the License Agreement (or which Google has the benefit of under any applicable law), this will not be taken to be a formal waiver of Google's rights and that those rights or remedies will still be available to Google.
build	Setup Android SDK	2026-07-29T00:46:33.1527445Z 
build	Setup Android SDK	2026-07-29T00:46:33.1529481Z 14.3 If any court of law, having the jurisdiction to decide on this matter, rules that any provision of the License Agreement is invalid, then that provision will be removed from the License Agreement without affecting the rest of the License Agreement. The remaining provisions of the License Agreement will continue to be valid and enforceable.
build	Setup Android SDK	2026-07-29T00:46:33.1531778Z 
build	Setup Android SDK	2026-07-29T00:46:33.1534519Z 14.4 You acknowledge and agree that each member of the group of companies of which Google is the parent shall be third party beneficiaries to the License Agreement and that such other companies shall be entitled to directly enforce, and rely upon, any provision of the License Agreement that confers a benefit on (or rights in favor of) them. Other than this, no other person or company shall be third party beneficiaries to the License Agreement.
build	Setup Android SDK	2026-07-29T00:46:33.1537399Z 
build	Setup Android SDK	2026-07-29T00:46:33.1538970Z 14.5 EXPORT RESTRICTIONS. THE PREVIEW IS SUBJECT TO UNITED STATES EXPORT LAWS AND REGULATIONS. YOU MUST COMPLY WITH ALL DOMESTIC AND INTERNATIONAL EXPORT LAWS AND REGULATIONS THAT APPLY TO THE PREVIEW. THESE LAWS INCLUDE RESTRICTIONS ON DESTINATIONS, END USERS AND END USE.
build	Setup Android SDK	2026-07-29T00:46:33.1540695Z 
build	Setup Android SDK	2026-07-29T00:46:33.1542484Z 14.6 The License Agreement may not be assigned or transferred by you without the prior written approval of Google, and any attempted assignment without such approval will be void. You shall not delegate your responsibilities or obligations under the License Agreement without the prior written approval of Google.
build	Setup Android SDK	2026-07-29T00:46:33.1544454Z 
build	Setup Android SDK	2026-07-29T00:46:33.1547855Z 14.7 The License Agreement, and your relationship with Google under the License Agreement, shall be governed by the laws of the State of California without regard to its conflict of laws provisions. You and Google agree to submit to the exclusive jurisdiction of the courts located within the county of Santa Clara, California to resolve any legal matter arising from the License Agreement. Notwithstanding this, you agree that Google shall still be allowed to apply for injunctive remedies (or an equivalent type of urgent legal relief) in any jurisdiction.
build	Setup Android SDK	2026-07-29T00:46:33.1551274Z 
build	Setup Android SDK	2026-07-29T00:46:33.1551396Z June 2014.
build	Setup Android SDK	2026-07-29T00:46:33.1551700Z ---------------------------------------
build	Setup Android SDK	2026-07-29T00:46:33.1552113Z Accept? (y/N): 
build	Setup Android SDK	2026-07-29T00:46:33.1552450Z 5/6: License google-gdk-license:
build	Setup Android SDK	2026-07-29T00:46:33.1552853Z ---------------------------------------
build	Setup Android SDK	2026-07-29T00:46:33.1553406Z This is a Developer Preview of the GDK that is subject to change.
build	Setup Android SDK	2026-07-29T00:46:33.1553855Z 
build	Setup Android SDK	2026-07-29T00:46:33.1553994Z Terms and Conditions
build	Setup Android SDK	2026-07-29T00:46:33.1554201Z 
build	Setup Android SDK	2026-07-29T00:46:33.1554412Z This is the Glass Development Kit License Agreement.
build	Setup Android SDK	2026-07-29T00:46:33.1554786Z 
build	Setup Android SDK	2026-07-29T00:46:33.1554916Z 1. Introduction
build	Setup Android SDK	2026-07-29T00:46:33.1555106Z 
build	Setup Android SDK	2026-07-29T00:46:33.1557701Z 1.1 The Glass Development Kit (referred to in this License Agreement as the "GDK" and specifically including the Android system files, packaged APIs, and GDK library files, if and when they are made available) is licensed to you subject to the terms of this License Agreement. This License Agreement forms a legally binding contract between you and Google in relation to your use of the GDK.
build	Setup Android SDK	2026-07-29T00:46:33.1560091Z 
build	Setup Android SDK	2026-07-29T00:46:33.1560470Z 1.2 "Glass" means Glass devices and the Glass software stack for use on Glass devices.
build	Setup Android SDK	2026-07-29T00:46:33.1561037Z 
build	Setup Android SDK	2026-07-29T00:46:33.1561043Z 
build	Setup Android SDK	2026-07-29T00:46:33.1562198Z 1.3 "Android" means the Android software stack for devices, as made available under the Android Open Source Project, which is located at the following URL: http://source.android.com/, as updated from time to time.
build	Setup Android SDK	2026-07-29T00:46:33.1563530Z 
build	Setup Android SDK	2026-07-29T00:46:33.1564349Z 1.4 "Google" means Google Inc., a Delaware corporation with principal place of business at 1600 Amphitheatre Parkway, Mountain View, CA 94043, United States.
build	Setup Android SDK	2026-07-29T00:46:33.1565360Z 
build	Setup Android SDK	2026-07-29T00:46:33.1565841Z 2. Accepting this License Agreement
build	Setup Android SDK	2026-07-29T00:46:33.1566138Z 
build	Setup Android SDK	2026-07-29T00:46:33.1566834Z 2.1 In order to use the GDK, you must first agree to this License Agreement. You may not use the GDK if you do not accept this License Agreement.
build	Setup Android SDK	2026-07-29T00:46:33.1567716Z 
build	Setup Android SDK	2026-07-29T00:46:33.1568077Z 2.2 By clicking to accept, you hereby agree to the terms of this License Agreement.
build	Setup Android SDK	2026-07-29T00:46:33.1568688Z 
build	Setup Android SDK	2026-07-29T00:46:33.1570031Z 2.3 You may not use the GDK and may not accept the License Agreement if you are a person barred from receiving the GDK under the laws of the United States or other countries including the country in which you are resident or from which you use the GDK.
build	Setup Android SDK	2026-07-29T00:46:33.1571602Z 
build	Setup Android SDK	2026-07-29T00:46:33.1573740Z 2.4 If you are agreeing to be bound by this License Agreement on behalf of your employer or other entity, you represent and warrant that you have full legal authority to bind your employer or such entity to this License Agreement. If you do not have the requisite authority, you may not accept the License Agreement or use the GDK on behalf of your employer or other entity.
build	Setup Android SDK	2026-07-29T00:46:33.1576244Z 
build	Setup Android SDK	2026-07-29T00:46:33.1576401Z 3. GDK License from Google
build	Setup Android SDK	2026-07-29T00:46:33.1576661Z 
build	Setup Android SDK	2026-07-29T00:46:33.1578049Z 3.1 Subject to the terms of this License Agreement, Google grants you a limited, worldwide, royalty-free, non-assignable and non-exclusive license to use the GDK solely to develop applications to run on the Glass platform for Glass devices.
build	Setup Android SDK	2026-07-29T00:46:33.1579729Z 
build	Setup Android SDK	2026-07-29T00:46:33.1582123Z 3.2 You agree that Google or third parties own all legal right, title and interest in and to the GDK, including any Intellectual Property Rights that subsist in the GDK. "Intellectual Property Rights" means any and all rights under patent law, copyright law, trade secret law, trademark law, and any and all other proprietary rights. Google reserves all rights not expressly granted to you.
build	Setup Android SDK	2026-07-29T00:46:33.1584530Z 
build	Setup Android SDK	2026-07-29T00:46:33.1588265Z 3.3 You may not use the GDK for any purpose not expressly permitted by this License Agreement. Except to the extent required by applicable third party licenses, you may not: (a) copy (except for backup purposes), modify, adapt, redistribute, decompile, reverse engineer, disassemble, or create derivative works of the GDK or any part of the GDK; or (b) load any part of the GDK onto a mobile handset or wearable computing device or any other hardware device except a Glass device personal computer, combine any part of the GDK with other software, or distribute any software or device incorporating a part of the GDK.
build	Setup Android SDK	2026-07-29T00:46:33.1591958Z 
build	Setup Android SDK	2026-07-29T00:46:33.1593340Z 3.4 You agree that you will not take any actions that may cause or result in the fragmentation of Glass, including but not limited to distributing, participating in the creation of, or promoting in any way a software development kit derived from the GDK.
build	Setup Android SDK	2026-07-29T00:46:33.1595063Z 
build	Setup Android SDK	2026-07-29T00:46:33.1596387Z 3.5 Use, reproduction and distribution of components of the GDK licensed under an open source software license are governed solely by the terms of that open source software license and not this License Agreement.
build	Setup Android SDK	2026-07-29T00:46:33.1597725Z 
build	Setup Android SDK	2026-07-29T00:46:33.1600108Z 3.6 You agree that the form and nature of the GDK that Google provides may change without prior notice to you and that future versions of the GDK may be incompatible with applications developed on previous versions of the GDK. You agree that Google may stop (permanently or temporarily) providing the GDK (or any features within the GDK) to you or to users generally at Google's sole discretion, without prior notice to you.
build	Setup Android SDK	2026-07-29T00:46:33.1602666Z 
build	Setup Android SDK	2026-07-29T00:46:33.1603583Z 3.7 Nothing in this License Agreement gives you a right to use any of Google's trade names, trademarks, service marks, logos, domain names, or other distinctive brand features.
build	Setup Android SDK	2026-07-29T00:46:33.1604680Z 
build	Setup Android SDK	2026-07-29T00:46:33.1605834Z 3.8 You agree that you will not remove, obscure, or alter any proprietary rights notices (including copyright and trademark notices) that may be affixed to or contained within the GDK.
build	Setup Android SDK	2026-07-29T00:46:33.1607152Z 
build	Setup Android SDK	2026-07-29T00:46:33.1607159Z 
build	Setup Android SDK	2026-07-29T00:46:33.1609208Z 3.9 Your use of any Android system files, packaged APIs, or other components of the GDK which are part of the Android Software Development Kit is subject to the terms of the Android Software Development Kit License Agreement located at http://developer.android.com/sdk/terms.html. These terms are hereby incorporated by reference into this License Agreement.
build	Setup Android SDK	2026-07-29T00:46:33.1611425Z 
build	Setup Android SDK	2026-07-29T00:46:33.1611565Z 4. Use of the GDK by You
build	Setup Android SDK	2026-07-29T00:46:33.1611796Z 
build	Setup Android SDK	2026-07-29T00:46:33.1613367Z 4.1 Google agrees that it obtains no right, title or interest from you (or your licensors) under this License Agreement in or to any software applications that you develop using the GDK, including any intellectual property rights that subsist in those applications.
build	Setup Android SDK	2026-07-29T00:46:33.1615018Z 
build	Setup Android SDK	2026-07-29T00:46:33.1618334Z 4.2 You agree to use the GDK and write applications only for purposes that are permitted by (a) this License Agreement, (b) the Glass Platform Developer Policies (located at https://developers.google.com/glass/policies, and hereby incorporated into this License Agreement by reference), and (c) any applicable law, regulation or generally accepted practices or guidelines in the relevant jurisdictions (including any laws regarding the export of data or software to and from the United States or other relevant countries).
build	Setup Android SDK	2026-07-29T00:46:33.1621648Z 
build	Setup Android SDK	2026-07-29T00:46:33.1626544Z 4.3 You agree that if you use the GDK to develop applications for general public users, you will protect the privacy and legal rights of those users. If the users provide you with user names, passwords, or other login information or personal information, you must make the users aware that the information will be available to your application, and you must provide legally adequate privacy notice and protection for those users. If your application stores personal or sensitive information provided by users, it must do so securely. If the user provides your application with Google Account information, your application may only use that information to access the user's Google Account when, and for the limited purposes for which, the user has given you permission to do so.
build	Setup Android SDK	2026-07-29T00:46:33.1631556Z 
build	Setup Android SDK	2026-07-29T00:46:33.1633386Z 4.4 You agree that you will not engage in any activity with the GDK, including the development or distribution of an application, that interferes with, disrupts, damages, or accesses in an unauthorized manner the servers, networks, or other properties or services of any third party including, but not limited to, Google.
build	Setup Android SDK	2026-07-29T00:46:33.1635365Z 
build	Setup Android SDK	2026-07-29T00:46:33.1637459Z 4.5 You agree that you are solely responsible for (and that Google has no responsibility to you or to any third party for) any data, content, or resources that you create, transmit or display through Glass and/or applications for Glass, and for the consequences of your actions (including any loss or damage which Google may suffer) by doing so.
build	Setup Android SDK	2026-07-29T00:46:33.1639724Z 
build	Setup Android SDK	2026-07-29T00:46:33.1641964Z 4.6 You agree that you are solely responsible for (and that Google has no responsibility to you or to any third party for) any breach of your obligations under this License Agreement, any applicable third party contract or Terms of Service, or any applicable law or regulation, and for the consequences (including any loss or damage which Google or any third party may suffer) of any such breach.
build	Setup Android SDK	2026-07-29T00:46:33.1644368Z 
build	Setup Android SDK	2026-07-29T00:46:33.1644375Z 
build	Setup Android SDK	2026-07-29T00:46:33.1646662Z 4.7 The GDK is in development, and your testing and feedback are an important part of the development process. By using the GDK, you acknowledge that implementation of some features are still under development and that you should not rely on the GDK, Glass devices, Glass system software, Google Mirror API, or Glass services having the full functionality of a stable release.
build	Setup Android SDK	2026-07-29T00:46:33.1649112Z 
build	Setup Android SDK	2026-07-29T00:46:33.1649264Z 5. Your Developer Credentials
build	Setup Android SDK	2026-07-29T00:46:33.1649534Z 
build	Setup Android SDK	2026-07-29T00:46:33.1651130Z 5.1 You agree that you are responsible for maintaining the confidentiality of any developer credentials that may be issued to you by Google or which you may choose yourself and that you will be solely responsible for all applications that are developed under your developer credentials.
build	Setup Android SDK	2026-07-29T00:46:33.1652902Z 
build	Setup Android SDK	2026-07-29T00:46:33.1653044Z 6. Privacy and Information
build	Setup Android SDK	2026-07-29T00:46:33.1653287Z 
build	Setup Android SDK	2026-07-29T00:46:33.1653294Z 
build	Setup Android SDK	2026-07-29T00:46:33.1656213Z 6.1 In order to continually innovate and improve the GDK, Google may collect certain usage statistics from the software including but not limited to a unique identifier, associated IP address, version number of the software, and information on which tools and/or services in the GDK are being used and how they are being used. Before any of this information is collected, the GDK will notify you and seek your consent. If you withhold consent, the information will not be collected.
build	Setup Android SDK	2026-07-29T00:46:33.1659121Z 
build	Setup Android SDK	2026-07-29T00:46:33.1659780Z 6.2 The data collected is examined in the aggregate to improve the GDK and is maintained in accordance with Google's Privacy Policy.
build	Setup Android SDK	2026-07-29T00:46:33.1660609Z 
build	Setup Android SDK	2026-07-29T00:46:33.1660758Z 7. Third Party Applications
build	Setup Android SDK	2026-07-29T00:46:33.1661025Z 
build	Setup Android SDK	2026-07-29T00:46:33.1664451Z 7.1 If you use the GDK to run applications developed by a third party or that access data, content or resources provided by a third party, you agree that Google is not responsible for those applications, data, content, or resources. You understand that all data, content or resources which you may access through such third party applications are the sole responsibility of the person from which they originated and that Google is not liable for any loss or damage that you may experience as a result of the use or access of any of those third party applications, data, content, or resources.
build	Setup Android SDK	2026-07-29T00:46:33.1668291Z 
build	Setup Android SDK	2026-07-29T00:46:33.1671056Z 7.2 You should be aware the data, content, and resources presented to you through such a third party application may be protected by intellectual property rights which are owned by the providers (or by other persons or companies on their behalf). You may not modify, rent, lease, loan, sell, distribute or create derivative works based on these data, content, or resources (either in whole or in part) unless you have been specifically given permission to do so by the relevant owners.
build	Setup Android SDK	2026-07-29T00:46:33.1674006Z 
build	Setup Android SDK	2026-07-29T00:46:33.1675718Z 7.3 You acknowledge that your use of such third party applications, data, content, or resources may be subject to separate terms between you and the relevant third party. In that case, this License Agreement does not affect your legal relationship with these third parties.
build	Setup Android SDK	2026-07-29T00:46:33.1677509Z 
build	Setup Android SDK	2026-07-29T00:46:33.1677697Z 8. Using Google APIs
build	Setup Android SDK	2026-07-29T00:46:33.1678156Z 
build	Setup Android SDK	2026-07-29T00:46:33.1678330Z 8.1 Google APIs
build	Setup Android SDK	2026-07-29T00:46:33.1678579Z 
build	Setup Android SDK	2026-07-29T00:46:33.1682309Z 8.1.1 If you use any API to retrieve data from Google, you acknowledge that the data may be protected by intellectual property rights which are owned by Google or those parties that provide the data (or by other persons or companies on their behalf). Your use of any such API may be subject to additional Terms of Service. You may not modify, rent, lease, loan, sell, distribute or create derivative works based on this data (either in whole or in part) unless allowed by the relevant Terms of Service.
build	Setup Android SDK	2026-07-29T00:46:33.1685301Z 
build	Setup Android SDK	2026-07-29T00:46:33.1686890Z 8.1.2 If you use any API to retrieve a user's data from Google, you acknowledge and agree that you shall retrieve data only with the user's explicit consent and only when, and for the limited purposes for which, the user has given you permission to do so.
build	Setup Android SDK	2026-07-29T00:46:33.1688462Z 
build	Setup Android SDK	2026-07-29T00:46:33.1688650Z 9. Terminating this License Agreement
build	Setup Android SDK	2026-07-29T00:46:33.1689025Z 
build	Setup Android SDK	2026-07-29T00:46:33.1689508Z 9.1 This License Agreement will continue to apply until terminated by either you or Google as set out below.
build	Setup Android SDK	2026-07-29T00:46:33.1690453Z 
build	Setup Android SDK	2026-07-29T00:46:33.1691138Z 9.2 If you want to terminate this License Agreement, you may do so by ceasing your use of the GDK and any relevant developer credentials.
build	Setup Android SDK	2026-07-29T00:46:33.1691999Z 
build	Setup Android SDK	2026-07-29T00:46:33.1695920Z 9.3 Google may at any time, terminate this License Agreement with you if: (A) you have breached any provision of this License Agreement; or (B) Google is required to do so by law; or (C) the partner with whom Google offered certain parts of GDK (such as APIs) to you has terminated its relationship with Google or ceased to offer certain parts of the GDK to you; or (D) Google decides to no longer provide the GDK or certain parts of the GDK to users in the country in which you are resident or from which you use the service, or the provision of the GDK or certain GDK services to you by Google is, in Google's sole discretion, no longer commercially viable.
build	Setup Android SDK	2026-07-29T00:46:33.1699708Z 
build	Setup Android SDK	2026-07-29T00:46:33.1702249Z 9.4 When this License Agreement comes to an end, all of the legal rights, obligations and liabilities that you and Google have benefited from, been subject to (or which have accrued over time whilst this License Agreement has been in force) or which are expressed to continue indefinitely, shall be unaffected by this cessation, and the provisions of paragraph 14.7 shall continue to apply to such rights, obligations and liabilities indefinitely.
build	Setup Android SDK	2026-07-29T00:46:33.1705109Z 
build	Setup Android SDK	2026-07-29T00:46:33.1705296Z 10. DISCLAIMER OF WARRANTIES
build	Setup Android SDK	2026-07-29T00:46:33.1705751Z 
build	Setup Android SDK	2026-07-29T00:46:33.1706792Z 10.1 YOU EXPRESSLY UNDERSTAND AND AGREE THAT YOUR USE OF THE GDK IS AT YOUR SOLE RISK AND THAT THE GDK IS PROVIDED "AS IS" AND "AS AVAILABLE" WITHOUT WARRANTY OF ANY KIND FROM GOOGLE.
build	Setup Android SDK	2026-07-29T00:46:33.1707663Z 
build	Setup Android SDK	2026-07-29T00:46:33.1709215Z 10.2 YOUR USE OF THE GDK AND ANY MATERIAL DOWNLOADED OR OTHERWISE OBTAINED THROUGH THE USE OF THE GDK IS AT YOUR OWN DISCRETION AND RISK AND YOU ARE SOLELY RESPONSIBLE FOR ANY DAMAGE TO YOUR COMPUTER SYSTEM OR OTHER DEVICE OR LOSS OF DATA THAT RESULTS FROM SUCH USE.
build	Setup Android SDK	2026-07-29T00:46:33.1710891Z 
build	Setup Android SDK	2026-07-29T00:46:33.1712524Z 10.3 GOOGLE FURTHER EXPRESSLY DISCLAIMS ALL WARRANTIES AND CONDITIONS OF ANY KIND, WHETHER EXPRESS OR IMPLIED, INCLUDING, BUT NOT LIMITED TO THE IMPLIED WARRANTIES AND CONDITIONS OF MERCHANTABILITY, FITNESS FOR A PARTICULAR PURPOSE AND NON-INFRINGEMENT.
build	Setup Android SDK	2026-07-29T00:46:33.1714279Z 
build	Setup Android SDK	2026-07-29T00:46:33.1714422Z 11. LIMITATION OF LIABILITY
build	Setup Android SDK	2026-07-29T00:46:33.1714674Z 
build	Setup Android SDK	2026-07-29T00:46:33.1717361Z 11.1 YOU EXPRESSLY UNDERSTAND AND AGREE THAT GOOGLE, ITS SUBSIDIARIES AND AFFILIATES, AND ITS LICENSORS SHALL NOT BE LIABLE TO YOU UNDER ANY THEORY OF LIABILITY FOR ANY DIRECT, INDIRECT, INCIDENTAL, SPECIAL, CONSEQUENTIAL OR EXEMPLARY DAMAGES THAT MAY BE INCURRED BY YOU, INCLUDING ANY LOSS OF DATA, WHETHER OR NOT GOOGLE OR ITS REPRESENTATIVES HAVE BEEN ADVISED OF OR SHOULD HAVE BEEN AWARE OF THE POSSIBILITY OF ANY SUCH LOSSES ARISING.
build	Setup Android SDK	2026-07-29T00:46:33.1720216Z 
build	Setup Android SDK	2026-07-29T00:46:33.1720370Z 12. Indemnification
build	Setup Android SDK	2026-07-29T00:46:33.1720602Z 
build	Setup Android SDK	2026-07-29T00:46:33.1724855Z 12.1 To the maximum extent permitted by law, you agree to defend, indemnify and hold harmless Google, its affiliates and their respective directors, officers, employees and agents from and against any and all claims, actions, suits or proceedings, as well as any and all losses, liabilities, damages, costs and expenses (including reasonable attorneys fees) arising out of or accruing from (a) your use of the GDK, (b) any application you develop on the GDK that infringes any copyright, trademark, trade secret, trade dress, patent or other intellectual property right of any person or defames any person or violates their rights of publicity or privacy, and (c) any non-compliance by you with this License Agreement.
build	Setup Android SDK	2026-07-29T00:46:33.1729323Z 
build	Setup Android SDK	2026-07-29T00:46:33.1729496Z 13. Changes to the License Agreement
build	Setup Android SDK	2026-07-29T00:46:33.1729817Z 
build	Setup Android SDK	2026-07-29T00:46:33.1731134Z 13.1 Google may make changes to the License Agreement as it distributes new versions of the GDK. When these changes are made, Google will make a new version of the License Agreement available on the website where the GDK is made available.
build	Setup Android SDK	2026-07-29T00:46:33.1732788Z 
build	Setup Android SDK	2026-07-29T00:46:33.1732943Z 14. General Legal Terms
build	Setup Android SDK	2026-07-29T00:46:33.1733179Z 
build	Setup Android SDK	2026-07-29T00:46:33.1734920Z 14.1 This License Agreement constitutes the whole legal agreement between you and Google and governs your use of the GDK (excluding any services which Google may provide to you under a separate written agreement), and completely replaces any prior agreements between you and Google in relation to the GDK.
build	Setup Android SDK	2026-07-29T00:46:33.1737072Z 
build	Setup Android SDK	2026-07-29T00:46:33.1738990Z 14.2 You agree that if Google does not exercise or enforce any legal right or remedy which is contained in this License Agreement (or which Google has the benefit of under any applicable law), this will not be taken to be a formal waiver of Google's rights and that those rights or remedies will still be available to Google.
build	Setup Android SDK	2026-07-29T00:46:33.1741080Z 
build	Setup Android SDK	2026-07-29T00:46:33.1743156Z 14.3 If any court of law, having the jurisdiction to decide on this matter, rules that any provision of this License Agreement is invalid, then that provision will be removed from this License Agreement without affecting the rest of this License Agreement. The remaining provisions of this License Agreement will continue to be valid and enforceable.
build	Setup Android SDK	2026-07-29T00:46:33.1745370Z 
build	Setup Android SDK	2026-07-29T00:46:33.1748241Z 14.4 You acknowledge and agree that each member of the group of companies of which Google is the parent shall be third party beneficiaries to this License Agreement and that such other companies shall be entitled to directly enforce, and rely upon, any provision of this License Agreement that confers a benefit on (or rights in favor of) them. Other than this, no other person or company shall be third party beneficiaries to this License Agreement.
build	Setup Android SDK	2026-07-29T00:46:33.1751051Z 
build	Setup Android SDK	2026-07-29T00:46:33.1752605Z 14.5 EXPORT RESTRICTIONS. THE GDK IS SUBJECT TO UNITED STATES EXPORT LAWS AND REGULATIONS. YOU MUST COMPLY WITH ALL DOMESTIC AND INTERNATIONAL EXPORT LAWS AND REGULATIONS THAT APPLY TO THE GDK. THESE LAWS INCLUDE RESTRICTIONS ON DESTINATIONS, END USERS AND END USE.
build	Setup Android SDK	2026-07-29T00:46:33.1754365Z 
build	Setup Android SDK	2026-07-29T00:46:33.1756560Z 14.6 The rights granted in this License Agreement may not be assigned or transferred by either you or Google without the prior written approval of the other party. Neither you nor Google shall be permitted to delegate their responsibilities or obligations under this License Agreement without the prior written approval of the other party.
build	Setup Android SDK	2026-07-29T00:46:33.1758763Z 
build	Setup Android SDK	2026-07-29T00:46:33.1762042Z 14.7 This License Agreement, and your relationship with Google under this License Agreement, shall be governed by the laws of the State of California without regard to its conflict of laws provisions. You and Google agree to submit to the exclusive jurisdiction of the courts located within the county of Santa Clara, California to resolve any legal matter arising from this License Agreement. Notwithstanding this, you agree that Google shall still be allowed to apply for injunctive remedies (or an equivalent type of urgent legal relief) in any jurisdiction.
build	Setup Android SDK	2026-07-29T00:46:33.1766255Z 
build	Setup Android SDK	2026-07-29T00:46:33.1766491Z November 19, 2013
build	Setup Android SDK	2026-07-29T00:46:33.1767000Z ---------------------------------------
build	Setup Android SDK	2026-07-29T00:46:33.1767615Z Accept? (y/N): 
build	Setup Android SDK	2026-07-29T00:46:33.1768155Z 6/6: License mips-android-sysimage-license:
build	Setup Android SDK	2026-07-29T00:46:33.1768844Z ---------------------------------------
build	Setup Android SDK	2026-07-29T00:46:33.1773175Z MIPS Technologies, Inc. (“MIPS”) Internal Evaluation License Agreement for MIPS Android™ System Images for Android Software Development Kit (SDK): This Internal Evaluation License Agreement (this "Agreement") is entered into by and between MIPS and you (as an individual developer or a legal entity -- identified below as “Recipient”). MIPS shall make the Evaluation Software available to Recipient as described in accordance with the terms and conditions set forth below.
build	Setup Android SDK	2026-07-29T00:46:33.1776622Z 
build	Setup Android SDK	2026-07-29T00:46:33.1780149Z By clicking on the “Accept” button, downloading, installing, or otherwise using the Evaluation Materials (defined below), you agree to be bound by the terms of this Agreement effective as of the date you click “Accept” (the “Effective Date”), and if doing so on behalf of an entity, you represent that you are authorized to bind the entity to the terms and conditions of this Agreement. If you do not agree to be bound by the terms and conditions of this Agreement, do not download, install, or use the Evaluation Materials.
build	Setup Android SDK	2026-07-29T00:46:33.1783338Z 
build	Setup Android SDK	2026-07-29T00:46:33.1783632Z 1. DEFINITIONS. These terms shall have the following meanings:
build	Setup Android SDK	2026-07-29T00:46:33.1784071Z 
build	Setup Android SDK	2026-07-29T00:46:33.1785081Z 1.1 “MIPS” shall mean MIPS Technologies, Inc., a Delaware corporation having a principal place of business at: 955 East Arques Ave., Sunnyvale, CA 94085
build	Setup Android SDK	2026-07-29T00:46:33.1786272Z 
build	Setup Android SDK	2026-07-29T00:46:33.1787287Z 1.2 “Evaluation Software” shall mean MIPS Android™ emulator system images for Android Software Development Kit (SDK), as made available to Recipient.
build	Setup Android SDK	2026-07-29T00:46:33.1788270Z 
build	Setup Android SDK	2026-07-29T00:46:33.1790425Z 1.3 “Evaluation Materials" means, collectively, the Evaluation Software (in source and/or object code form) and documentation (including, without limitation, any design documents, specifications, reference manuals, and other related materials) related to the Evaluation Software as made available to Recipient.
build	Setup Android SDK	2026-07-29T00:46:33.1792406Z 
build	Setup Android SDK	2026-07-29T00:46:33.1799559Z 1.4 “Open Source Software” means any software that requires (as a condition of use, modification and/or distribution of such software) that such software or other software incorporated into, derived from or distributed with such software (a) be disclosed or distributed in source code form; or (b) be licensed by the user to third parties for the purpose of making and/or distributing derivative works; or (c) be redistributable at no charge. Open Source Software includes, without limitation, software licensed or distributed under any of the following licenses or distribution models, or licenses or distribution models substantially similar to any of the following: (a) GNU’s General Public License (GPL) or Lesser/Library GPL (LGPL), (b) the Artistic License (e.g., PERL), (c) the Mozilla Public License, (d) the Netscape Public License, (e) the Sun Community Source License (SCSL), (f) the Sun Industry Source License (SISL), (g) the Apache Software license and (h) the Common Public License (CPL).
build	Setup Android SDK	2026-07-29T00:46:33.1805842Z 
build	Setup Android SDK	2026-07-29T00:46:33.1808098Z 1.5 “Pre-Release Materials” means “alpha” or “beta” designated pre-release features, which may not be fully functional, which MIPS may substantially modify in producing any production version of the Evaluation Materials, and/or which is still under development by MIPS and/or MIPS’ suppliers.
build	Setup Android SDK	2026-07-29T00:46:33.1810212Z 
build	Setup Android SDK	2026-07-29T00:46:33.1813699Z 2. PURPOSE. MIPS desires to make the Evaluation Materials available to Recipient solely for Recipient's internal evaluation of the Evaluation Software to evaluate the desirability of cooperating with MIPS in developing products that are compatible with the Evaluation Software and/or to advise MIPS as to possible modifications to the Evaluation Software. Recipient may not disclose, distribute, modify (except to facilitate the above-mentioned internal evaluation), or make commercial use of the Evaluation Materials or any modifications of the Evaluation Materials.
build	Setup Android SDK	2026-07-29T00:46:33.1817414Z 
build	Setup Android SDK	2026-07-29T00:46:33.1819959Z THE EVALUATION MATERIALS ARE PROVIDED FOR EVALUATION PURPOSES ONLY AND MAY NOT BE MODIFIED (EXCEPT TO FACILITATE THE INTERNAL EVALUATION) OR DISTRIBUTED BY RECIPIENT OR INCORPORATED INTO RECIPIENT’S PRODUCTS OR SOFTWARE. PLEASE CONTACT A MIPS SALES REPRESENTATIVE TO LEARN ABOUT THE AVAILABILITY AND COST OF A COMMERCIAL VERSION OF THE EVALUATION SOFTWARE.
build	Setup Android SDK	2026-07-29T00:46:33.1822261Z 
build	Setup Android SDK	2026-07-29T00:46:33.1823866Z 3. TITLE. Title to the Evaluation Materials remains with MIPS or its suppliers. Recipient shall not mortgage, pledge or encumber the Evaluation Materials in any way. Recipient shall return all Evaluation Materials, keeping no copies, upon termination or expiration of this Agreement.
build	Setup Android SDK	2026-07-29T00:46:33.1826035Z 
build	Setup Android SDK	2026-07-29T00:46:33.1832819Z 4. LICENSE. MIPS grants Recipient a royalty-free, personal, nontransferable, nonexclusive license under its copyrights to use the Evaluation Software only for the purposes described in paragraph 2 above and only for a period beginning on the Effective Date and extending to the first anniversary of the Effective Date (the “Evaluation Period”). Unless otherwise communicated in writing by MIPS to Recipient, to the extent the Evaluation Software is provided in more than one delivery or release (each, a “Release”) the license grant in this Section 4 and the Evaluation Period shall apply to each Release, in which case the Evaluation Period shall begin on the date that the Release is made generally available and continue to the first anniversary of such date. Recipient may not make modifications to the Evaluation Software. Recipient shall not disassemble, reverse-engineer, or decompile any software that is not provided to Recipient in source code form.
build	Setup Android SDK	2026-07-29T00:46:33.1838671Z 
build	Setup Android SDK	2026-07-29T00:46:33.1838687Z 
build	Setup Android SDK	2026-07-29T00:46:33.1840393Z EXCEPT AS PROVIDED HEREIN, NO OTHER LICENSE, EXPRESS OR IMPLIED, BY ESTOPPEL OR OTHERWISE, TO ANY OTHER MIPS INTELLECTUAL PROPERTY RIGHTS IS GRANTED TO THE RECIPIENT. OTHER THAN AS EXPLICITLY SET FORTH IN PARAGRAPH 2 ABOVE, NO RIGHT TO COPY, TO REPRODUCE, TO MODIFY, OR TO CREATE DERIVATIVE WORKS OF, THE EVALUATION MATERIALS IS GRANTED HEREIN.
build	Setup Android SDK	2026-07-29T00:46:33.1842189Z 
build	Setup Android SDK	2026-07-29T00:46:33.1843021Z 5. NO OBLIGATION. Recipient shall have no duty to purchase or license any product from MIPS. MIPS and its suppliers shall have no obligation to provide support for, or develop a non-evaluation version of, the Evaluation Software or to license any version of it.
build	Setup Android SDK	2026-07-29T00:46:33.1843955Z 
build	Setup Android SDK	2026-07-29T00:46:33.1850253Z 6. MODIFICATIONS. This Agreement does not obligate Recipient to provide MIPS with comments or suggestions regarding Evaluation Materials. However, should Recipient provide MIPS with comments or suggestions for the modification, correction, improvement or enhancement of (a) the Evaluation Materials or (b) MIPS products or processes which may embody the Evaluation Materials, then Recipient agrees to grant and hereby grants to MIPS a non-exclusive, irrevocable, worldwide, fully paid-up, royalty-free license, with the right to sublicense MIPS’ licensees and customers, under Recipient’s Intellectual property rights, to use and disclose such comments and suggestions in any manner MIPS chooses and to display, perform, copy, make, have made, use, sell, offer to sell, import, and otherwise dispose of MIPS’ and its sublicensee’s products embodying such comments and suggestions in any manner and via any media MIPS chooses, without reference to the source.
build	Setup Android SDK	2026-07-29T00:46:33.1854240Z 
build	Setup Android SDK	2026-07-29T00:46:33.1856278Z 7. WARRANTY DISCLAIMER. MIPS AND ITS SUPPLIERS MAKE NO WARRANTIES WITH RESPECT TO EVALUATION MATERIALS, EITHER EXPRESS OR IMPLIED, INCLUDING ANY IMPLIED WARRANTIES OF MERCHANTABILITY OR FITNESS FOR A PARTICULAR PURPOSE, OR ANY IMPLIED WARRANTY OF NONINFRINGEMENT WITH RESPECT TO THIRD PARTY INTELLECTUAL PROPERTY. RECIPIENT ACKNOWLEDGES AND AGREES THAT THE EVALUATION MATERIALS ARE PROVIDED “AS IS,” WITHOUT WARRANTY OF ANY KIND.
build	Setup Android SDK	2026-07-29T00:46:33.1857825Z 
build	Setup Android SDK	2026-07-29T00:46:33.1859717Z 8. LIMITATION OF LIABILITY. MIPS AND ITS SUPPLIERS SHALL NOT BE LIABLE FOR ANY PROPERTY DAMAGE, PERSONAL INJURY, LOSS OF PROFITS, INTERRUPTION OF BUSINESS OR FOR ANY DIRECT, INDIRECT, SPECIAL, CONSEQUENTIAL OR INCIDENTAL DAMAGES, HOWEVER CAUSED OR ALLEGED, WHETHER FOR BREACH OF WARRANTY, CONTRACT, STRICT LIABILITY OR OTHERWISE, INCLUDING WITHOUT LIMITATION, UNDER TORT OR OTHER LEGAL THEORY. MIPS AND ITS SUPPLIERS DISCLAIM ANY AND ALL LIABILITY, INCLUDING LIABILITY FOR INFRINGEMENT OF ANY INTELLECTUAL PROPERTY RIGHTS OF ANY KIND RELATING TO THE EVALUATION MATERIALS.
build	Setup Android SDK	2026-07-29T00:46:33.1862926Z 
build	Setup Android SDK	2026-07-29T00:46:33.1864287Z 9. EXPIRATION. MIPS may terminate this Agreement immediately after a breach by Recipient or otherwise at MIPS’ reasonable discretion and upon five (5) business days’ notice to Recipient.
build	Setup Android SDK	2026-07-29T00:46:33.1865897Z 
build	Setup Android SDK	2026-07-29T00:46:33.1866047Z 10. GENERAL.
build	Setup Android SDK	2026-07-29T00:46:33.1866228Z 
build	Setup Android SDK	2026-07-29T00:46:33.1872186Z 10.1 Controlling Law. This Agreement shall be governed by California law excluding its choice of law rules. With the exception of MIPS’ rights to enforce its intellectual property rights and any confidentiality obligations under this Agreement or any licenses distributed with the Evaluation Materials, all disputes and any claims arising under or relating to this Agreement shall be subject to the exclusive jurisdiction and venue of the state and federal courts located in Santa Clara County, California. Each party hereby agrees to jurisdiction and venue in the courts set forth in the preceding sentence. The parties agree that the United Nations Convention on Contracts for the International Sale of Goods is specifically excluded from application to this Agreement. The parties consent to the personal jurisdiction of the above courts.
build	Setup Android SDK	2026-07-29T00:46:33.1878175Z 
build	Setup Android SDK	2026-07-29T00:46:33.1881327Z 10.2 Remedies. Recipient acknowledges and agrees that any breach of confidentiality obligations under this Agreement or any licenses distributed with the Evaluation Materials, as well as any disclosure, commercialization, or public use of the Evaluation Materials, would cause irreparable injury to MIPS, and therefore Recipient agrees to consent to, and hereby consents to, the grant of an injunction by any court of competent jurisdiction in the event of an actual or threatened breach.
build	Setup Android SDK	2026-07-29T00:46:33.1884518Z 
build	Setup Android SDK	2026-07-29T00:46:33.1888762Z 10.3 Assignment. Recipient may not delegate, assign or transfer this Agreement, the license granted or any of Recipient’s rights, obligations, or duties hereunder, expressly, by implication, by operation of law, by way of merger (regardless of whether Recipient is the surviving entity) or acquisition, or otherwise and any attempt to do so, without MIPS’ express prior written consent, shall be ineffective, null and void. MIPS may freely assign this Agreement, and its rights and obligations hereunder, in its sole discretion.
build	Setup Android SDK	2026-07-29T00:46:33.1892029Z 
build	Setup Android SDK	2026-07-29T00:46:33.1894772Z 10.4 Entire Agreement. This Agreement constitutes the entire agreement between Recipient and MIPS and supersedes in their entirety any and all oral or written agreements previously existing between Recipient and MIPS with respect to the subject matter hereof. This Agreement may only be amended or supplemented by a writing that refers explicitly to this Agreement and that is signed or otherwise accepted by duly authorized representatives of Recipient and MIPS.
build	Setup Android SDK	2026-07-29T00:46:33.1898076Z 
build	Setup Android SDK	2026-07-29T00:46:33.1900773Z 10.5 Severability. In the event that any provision of this Agreement is finally adjudicated to be unenforceable or invalid under any applicable law, such unenforceability or invalidity shall not render this Agreement unenforceable or invalid as a whole, and, in such event, such unenforceable or invalid provision shall be interpreted so as to best accomplish the objectives of such provision within the limits of applicable law or applicable court decisions.
build	Setup Android SDK	2026-07-29T00:46:33.1903639Z 
build	Setup Android SDK	2026-07-29T00:46:33.1912488Z 10.6 Export Regulations / Export Control. Recipient shall not export, either directly or indirectly, any product, service or technical data or system incorporating the Evaluation Materials without first obtaining any required license or other necessary approval from the U.S. Department of Commerce or any other governing agency or department of the United States Government. In the event any product is exported from the United States or re-exported from a foreign destination by Recipient, Recipient shall ensure that the distribution and export/re-export or import of the product is in compliance with all applicable laws, regulations, orders, or other restrictions of the U.S. Export Administration Regulations and the appropriate foreign government. Recipient agrees that neither it nor any of its subsidiaries will export/re-export any technical data, process, product, or service, directly or indirectly, to any country for which the United States government or any agency thereof or the foreign government from where it is shipping requires an export license, or other governmental approval, without first obtaining such license or approval. Recipient also agrees to implement measures to ensure that foreign national employees are authorized to receive any information controlled by U.S. export control laws. An export is "deemed" to take place when information is released to a foreign national wherever located.
build	Setup Android SDK	2026-07-29T00:46:33.1922067Z 
build	Setup Android SDK	2026-07-29T00:46:33.1929379Z 10.7 Special Terms for Pre-Release Materials. If so indicated in the description of the Evaluation Software, the Evaluation Software may contain Pre-Release Materials. Recipient hereby understands, acknowledges and agrees that: (i) Pre-Release Materials may not be fully tested and may contain bugs or errors; (ii) Pre-Release materials are not suitable for commercial release in their current state; (iii) regulatory approvals for Pre-Release Materials (such as UL or FCC) have not been obtained, and Pre-Release Materials may therefore not be certified for use in certain countries or environments or may not be suitable for certain applications and (iv) MIPS can provide no assurance that it will ever produce or make generally available a production version of the Pre-Release Materials . MIPS is not under any obligation to develop and/or release or offer for sale or license a final product based upon the Pre-Release Materials and may unilaterally elect to abandon the Pre-Release Materials or any such development platform at any time and without any obligation or liability whatsoever to Recipient or any other person.
build	Setup Android SDK	2026-07-29T00:46:33.1936815Z 
build	Setup Android SDK	2026-07-29T00:46:33.1938006Z ANY PRE-RELEASE MATERIALS ARE NON-QUALIFIED AND, AS SUCH, ARE PROVIDED “AS IS” AND “AS AVAILABLE”, POSSIBLY WITH FAULTS, AND WITHOUT REPRESENTATION OR WARRANTY OF ANY KIND.
build	Setup Android SDK	2026-07-29T00:46:33.1939100Z 
build	Setup Android SDK	2026-07-29T00:46:33.1942902Z 10.8 Open Source Software. In the event Open Source software is included with Evaluation Software, such Open Source software is licensed pursuant to the applicable Open Source software license agreement identified in the Open Source software comments in the applicable source code file(s) and/or file header as indicated in the Evaluation Software. Additional detail may be available (where applicable) in the accompanying on-line documentation. With respect to the Open Source software, nothing in this Agreement limits any rights under, or grants rights that supersede, the terms of any applicable Open Source software license agreement.
build	Setup Android SDK	2026-07-29T00:46:33.1947343Z ---------------------------------------
build	Setup Android SDK	2026-07-29T00:46:33.1947852Z Accept? (y/N): All SDK package licenses accepted
build	Setup Android SDK	2026-07-29T00:46:33.1948212Z 
build	Setup Android SDK	2026-07-29T00:46:33.1948575Z [command]/usr/local/lib/android/sdk/cmdline-tools/16.0/bin/sdkmanager tools
build	Setup Android SDK	2026-07-29T00:46:33.9176649Z Loading package information...                                                  
build	Setup Android SDK	2026-07-29T00:46:34.0128656Z Loading local repository...                                                     
build	Setup Android SDK	2026-07-29T00:46:34.0129976Z [                                       ] 3% Loading local repository...        
build	Setup Android SDK	2026-07-29T00:46:34.0165639Z [                                       ] 3% Fetch remote repository...         
build	Setup Android SDK	2026-07-29T00:46:34.3337314Z [=                                      ] 3% Fetch remote repository...         
build	Setup Android SDK	2026-07-29T00:46:34.4831230Z [=                                      ] 4% Fetch remote repository...         
build	Setup Android SDK	2026-07-29T00:46:34.5215838Z [=                                      ] 5% Fetch remote repository...         
build	Setup Android SDK	2026-07-29T00:46:34.5882482Z [==                                     ] 5% Fetch remote repository...         
build	Setup Android SDK	2026-07-29T00:46:34.6794740Z [==                                     ] 6% Fetch remote repository...         
build	Setup Android SDK	2026-07-29T00:46:34.7556762Z [==                                     ] 7% Fetch remote repository...         
build	Setup Android SDK	2026-07-29T00:46:34.7576709Z [==                                     ] 7% Computing updates...               
build	Setup Android SDK	2026-07-29T00:46:34.7676383Z [===                                    ] 8% Computing updates...               
build	Setup Android SDK	2026-07-29T00:46:34.8028951Z [===                                    ] 10% Computing updates...              
build	Setup Android SDK	2026-07-29T00:46:35.7486858Z [===                                    ] 10% Installing Android Emulator       
build	Setup Android SDK	2026-07-29T00:46:35.8941613Z [===                                    ] 10% Downloading emulator-linux_x64-155
build	Setup Android SDK	2026-07-29T00:46:35.9926563Z [====                                   ] 10% Downloading emulator-linux_x64-155
build	Setup Android SDK	2026-07-29T00:46:36.1199891Z [====                                   ] 11% Downloading emulator-linux_x64-155
build	Setup Android SDK	2026-07-29T00:46:36.2169827Z [====                                   ] 12% Downloading emulator-linux_x64-155
build	Setup Android SDK	2026-07-29T00:46:36.3063969Z [=====                                  ] 13% Downloading emulator-linux_x64-155
build	Setup Android SDK	2026-07-29T00:46:36.3820936Z [=====                                  ] 14% Downloading emulator-linux_x64-155
build	Setup Android SDK	2026-07-29T00:46:36.4284471Z [=====                                  ] 15% Downloading emulator-linux_x64-155
build	Setup Android SDK	2026-07-29T00:46:36.4639603Z [======                                 ] 15% Downloading emulator-linux_x64-155
build	Setup Android SDK	2026-07-29T00:46:36.5334780Z [======                                 ] 16% Downloading emulator-linux_x64-155
build	Setup Android SDK	2026-07-29T00:46:36.5984067Z [======                                 ] 17% Downloading emulator-linux_x64-155
build	Setup Android SDK	2026-07-29T00:46:36.6647304Z [=======                                ] 18% Downloading emulator-linux_x64-155
build	Setup Android SDK	2026-07-29T00:46:36.7414143Z [=======                                ] 19% Downloading emulator-linux_x64-155
build	Setup Android SDK	2026-07-29T00:46:36.7692407Z [=======                                ] 20% Downloading emulator-linux_x64-155
build	Setup Android SDK	2026-07-29T00:46:36.8121383Z [========                               ] 20% Downloading emulator-linux_x64-155
build	Setup Android SDK	2026-07-29T00:46:36.8609149Z [========                               ] 21% Downloading emulator-linux_x64-155
build	Setup Android SDK	2026-07-29T00:46:36.9326797Z [========                               ] 21% Unzipping...                      
build	Setup Android SDK	2026-07-29T00:46:36.9328962Z [========                               ] 21% Unzipping... emulator/            
build	Setup Android SDK	2026-07-29T00:46:36.9330019Z [========                               ] 21% Unzipping... emulator/resources/  
build	Setup Android SDK	2026-07-29T00:46:36.9706491Z [========                               ] 21% Unzipping... emulator/qsn         
build	Setup Android SDK	2026-07-29T00:46:36.9831090Z [========                               ] 21% Unzipping... emulator/emulator    
build	Setup Android SDK	2026-07-29T00:46:37.0741139Z [========                               ] 21% Unzipping... emulator/netsimd     
build	Setup Android SDK	2026-07-29T00:46:37.1296106Z [========                               ] 22% Unzipping... emulator/netsimd     
build	Setup Android SDK	2026-07-29T00:46:37.1297866Z [========                               ] 22% Unzipping... emulator/bin64/      
build	Setup Android SDK	2026-07-29T00:46:37.1299202Z [========                               ] 22% Unzipping... emulator/qemu/       
build	Setup Android SDK	2026-07-29T00:46:37.1313069Z [========                               ] 22% Unzipping... emulator/NOTICE.txt  
build	Setup Android SDK	2026-07-29T00:46:37.1518407Z [========                               ] 22% Unzipping... emulator/crashpad_han
build	Setup Android SDK	2026-07-29T00:46:37.1521373Z [========                               ] 22% Unzipping... emulator/source.prope
build	Setup Android SDK	2026-07-29T00:46:37.2013596Z [========                               ] 22% Unzipping... emulator/nimble_bridg
build	Setup Android SDK	2026-07-29T00:46:37.2016173Z [========                               ] 22% Unzipping... emulator/LICENSE     
build	Setup Android SDK	2026-07-29T00:46:37.2017482Z [========                               ] 22% Unzipping... emulator/lib/        
build	Setup Android SDK	2026-07-29T00:46:37.2106875Z [========                               ] 22% Unzipping... emulator/qemu-img    
build	Setup Android SDK	2026-07-29T00:46:37.2108529Z [========                               ] 22% Unzipping... emulator/include/    
build	Setup Android SDK	2026-07-29T00:46:37.2112629Z [========                               ] 22% Unzipping... emulator/NOTICE.csv  
build	Setup Android SDK	2026-07-29T00:46:37.2114844Z [========                               ] 22% Unzipping... emulator/lib64/      
build	Setup Android SDK	2026-07-29T00:46:37.2290518Z [========                               ] 22% Unzipping... emulator/emulator-che
build	Setup Android SDK	2026-07-29T00:46:37.2488194Z [========                               ] 22% Unzipping... emulator/crashreport 
build	Setup Android SDK	2026-07-29T00:46:37.2492491Z [========                               ] 22% Unzipping... emulator/mksdcard    
build	Setup Android SDK	2026-07-29T00:46:37.2776592Z [========                               ] 22% Unzipping... emulator/resources/To
build	Setup Android SDK	2026-07-29T00:46:37.2802190Z [========                               ] 22% Unzipping... emulator/resources/de
build	Setup Android SDK	2026-07-29T00:46:37.2981621Z [========                               ] 22% Unzipping... emulator/resources/To
build	Setup Android SDK	2026-07-29T00:46:37.2984329Z [========                               ] 22% Unzipping... emulator/resources/ma
build	Setup Android SDK	2026-07-29T00:46:37.3017687Z [========                               ] 22% Unzipping... emulator/resources/de
build	Setup Android SDK	2026-07-29T00:46:37.3020241Z [========                               ] 22% Unzipping... emulator/resources/sk
build	Setup Android SDK	2026-07-29T00:46:37.3063872Z [========                               ] 22% Unzipping... emulator/resources/de
build	Setup Android SDK	2026-07-29T00:46:37.3066525Z [========                               ] 22% Unzipping... emulator/resources/ma
build	Setup Android SDK	2026-07-29T00:46:37.3080692Z [========                               ] 22% Unzipping... emulator/resources/po
build	Setup Android SDK	2026-07-29T00:46:37.3179678Z [========                               ] 22% Unzipping... emulator/resources/ma
build	Setup Android SDK	2026-07-29T00:46:37.3254962Z [========                               ] 22% Unzipping... emulator/resources/sk
build	Setup Android SDK	2026-07-29T00:46:37.3279506Z [========                               ] 22% Unzipping... emulator/resources/ma
build	Setup Android SDK	2026-07-29T00:46:37.3317840Z [========                               ] 22% Unzipping... emulator/bin64/e2fsck
build	Setup Android SDK	2026-07-29T00:46:37.3362084Z [========                               ] 22% Unzipping... emulator/bin64/fsck.e
build	Setup Android SDK	2026-07-29T00:46:37.3391382Z [========                               ] 22% Unzipping... emulator/bin64/tune2f
build	Setup Android SDK	2026-07-29T00:46:37.3409229Z [========                               ] 22% Unzipping... emulator/bin64/resize
build	Setup Android SDK	2026-07-29T00:46:37.3439402Z [========                               ] 22% Unzipping... emulator/bin64/mkfs.e
build	Setup Android SDK	2026-07-29T00:46:37.3764668Z [========                               ] 22% Unzipping... emulator/qemu/linux-x
build	Setup Android SDK	2026-07-29T00:46:37.7355756Z [=========                              ] 23% Unzipping... emulator/qemu/linux-x
build	Setup Android SDK	2026-07-29T00:46:38.0741807Z [=========                              ] 24% Unzipping... emulator/qemu/linux-x
build	Setup Android SDK	2026-07-29T00:46:38.2340492Z [=========                              ] 25% Unzipping... emulator/qemu/linux-x
build	Setup Android SDK	2026-07-29T00:46:38.3978579Z [==========                             ] 25% Unzipping... emulator/qemu/linux-x
build	Setup Android SDK	2026-07-29T00:46:38.3981317Z [==========                             ] 25% Unzipping... emulator/lib/emulator
build	Setup Android SDK	2026-07-29T00:46:38.3984002Z [==========                             ] 25% Unzipping... emulator/lib/rtc_serv
build	Setup Android SDK	2026-07-29T00:46:38.3991400Z [==========                             ] 25% Unzipping... emulator/lib/advanced
build	Setup Android SDK	2026-07-29T00:46:38.3992159Z [==========                             ] 25% Unzipping... emulator/lib/cmake/  
build	Setup Android SDK	2026-07-29T00:46:38.3992964Z [==========                             ] 25% Unzipping... emulator/lib/emulator
build	Setup Android SDK	2026-07-29T00:46:38.3997359Z [==========                             ] 25% Unzipping... emulator/lib/control_
build	Setup Android SDK	2026-07-29T00:46:38.3998725Z [==========                             ] 25% Unzipping... emulator/lib/emulated
build	Setup Android SDK	2026-07-29T00:46:38.4002055Z [==========                             ] 25% Unzipping... emulator/lib/rtc_serv
build	Setup Android SDK	2026-07-29T00:46:38.4006836Z [==========                             ] 25% Unzipping... emulator/lib/emu-orig
build	Setup Android SDK	2026-07-29T00:46:38.4009774Z [==========                             ] 25% Unzipping... emulator/lib/hardware
build	Setup Android SDK	2026-07-29T00:46:38.4010731Z [==========                             ] 25% Unzipping... emulator/lib/pkgconfi
build	Setup Android SDK	2026-07-29T00:46:38.4012992Z [==========                             ] 25% Unzipping... emulator/lib/pc-bios/
build	Setup Android SDK	2026-07-29T00:46:38.4015760Z [==========                             ] 25% Unzipping... emulator/lib/snapshot
build	Setup Android SDK	2026-07-29T00:46:38.4018953Z [==========                             ] 25% Unzipping... emulator/lib/adb_serv
build	Setup Android SDK	2026-07-29T00:46:38.4027307Z [==========                             ] 25% Unzipping... emulator/lib/hostapd.
build	Setup Android SDK	2026-07-29T00:46:38.4029064Z [==========                             ] 25% Unzipping... emulator/lib/grpc_end
build	Setup Android SDK	2026-07-29T00:46:38.4045226Z [==========                             ] 25% Unzipping... emulator/lib/ca-bundl
build	Setup Android SDK	2026-07-29T00:46:38.4048493Z [==========                             ] 25% Unzipping... emulator/lib/ui_contr
build	Setup Android SDK	2026-07-29T00:46:38.4051909Z [==========                             ] 25% Unzipping... emulator/lib/snapshot
build	Setup Android SDK	2026-07-29T00:46:38.4055113Z [==========                             ] 25% Unzipping... emulator/lib/ice_conf
build	Setup Android SDK	2026-07-29T00:46:38.4281329Z [==========                             ] 25% Unzipping... emulator/lib/libflatb
build	Setup Android SDK	2026-07-29T00:46:38.4369193Z [==========                             ] 26% Unzipping... emulator/lib/libflatb
build	Setup Android SDK	2026-07-29T00:46:38.4376329Z [==========                             ] 26% Unzipping... emulator/lib/emulator
build	Setup Android SDK	2026-07-29T00:46:38.4379520Z [==========                             ] 26% Unzipping... emulator/lib/waterfal
build	Setup Android SDK	2026-07-29T00:46:38.4381865Z [==========                             ] 26% Unzipping... emulator/lib/emulated
build	Setup Android SDK	2026-07-29T00:46:38.4417272Z [==========                             ] 26% Unzipping... emulator/lib/cmake/fl
build	Setup Android SDK	2026-07-29T00:46:38.4418230Z [==========                             ] 26% Unzipping... emulator/lib/pkgconfi
build	Setup Android SDK	2026-07-29T00:46:38.4592695Z [==========                             ] 26% Unzipping... emulator/lib/pc-bios/
build	Setup Android SDK	2026-07-29T00:46:38.4696260Z [==========                             ] 26% Unzipping... emulator/include/flat
build	Setup Android SDK	2026-07-29T00:46:38.4789915Z [==========                             ] 26% Unzipping... emulator/lib64/libgli
build	Setup Android SDK	2026-07-29T00:46:38.4912266Z [==========                             ] 26% Unzipping... emulator/lib64/libpro
build	Setup Android SDK	2026-07-29T00:46:38.4913078Z [==========                             ] 26% Unzipping... emulator/lib64/qt/   
build	Setup Android SDK	2026-07-29T00:46:38.5303687Z [==========                             ] 26% Unzipping... emulator/lib64/liband
build	Setup Android SDK	2026-07-29T00:46:38.5993815Z [==========                             ] 26% Unzipping... emulator/lib64/libgfx
build	Setup Android SDK	2026-07-29T00:46:38.5994587Z [==========                             ] 26% Unzipping... emulator/lib64/gles_l
build	Setup Android SDK	2026-07-29T00:46:38.6002789Z [==========                             ] 26% Unzipping... emulator/lib64/liband
build	Setup Android SDK	2026-07-29T00:46:38.6004445Z [==========                             ] 26% Unzipping... emulator/lib64/vulkan
build	Setup Android SDK	2026-07-29T00:46:38.6026992Z [==========                             ] 26% Unzipping... emulator/lib64/gles_s
build	Setup Android SDK	2026-07-29T00:46:38.6027713Z [==========                             ] 26% Unzipping... emulator/lib64/libemu
build	Setup Android SDK	2026-07-29T00:46:38.6132904Z [==========                             ] 26% Unzipping... emulator/lib64/libpro
build	Setup Android SDK	2026-07-29T00:46:38.7502021Z [==========                             ] 26% Unzipping... emulator/lib64/liband
build	Setup Android SDK	2026-07-29T00:46:38.7520941Z [==========                             ] 26% Unzipping... emulator/lib64/libtcm
build	Setup Android SDK	2026-07-29T00:46:38.7524363Z [==========                             ] 26% Unzipping... emulator/lib64/libima
build	Setup Android SDK	2026-07-29T00:46:38.7593194Z [==========                             ] 26% Unzipping... emulator/lib64/libc++
build	Setup Android SDK	2026-07-29T00:46:38.7850994Z [==========                             ] 26% Unzipping... emulator/lib64/liband
build	Setup Android SDK	2026-07-29T00:46:38.7899469Z [==========                             ] 26% Unzipping... emulator/lib64/libabs
build	Setup Android SDK	2026-07-29T00:46:38.7900661Z [==========                             ] 26% Unzipping... emulator/lib64/gles_a
build	Setup Android SDK	2026-07-29T00:46:38.7970112Z [==========                             ] 26% Unzipping... emulator/lib64/libsha
build	Setup Android SDK	2026-07-29T00:46:38.8042000Z [==========                             ] 26% Unzipping... emulator/lib64/libc++
build	Setup Android SDK	2026-07-29T00:46:38.8043047Z [==========                             ] 26% Unzipping... emulator/lib64/qt/res
build	Setup Android SDK	2026-07-29T00:46:38.8044005Z [==========                             ] 26% Unzipping... emulator/lib64/qt/lib
build	Setup Android SDK	2026-07-29T00:46:38.8044977Z [==========                             ] 26% Unzipping... emulator/lib64/qt/tra
build	Setup Android SDK	2026-07-29T00:46:38.8046180Z [==========                             ] 26% Unzipping... emulator/lib64/qt/plu
build	Setup Android SDK	2026-07-29T00:46:38.8090797Z [==========                             ] 26% Unzipping... emulator/lib64/qt/res
build	Setup Android SDK	2026-07-29T00:46:38.8775983Z [==========                             ] 27% Unzipping... emulator/lib64/qt/res
build	Setup Android SDK	2026-07-29T00:46:38.9682064Z [==========                             ] 27% Unzipping... emulator/lib64/qt/lib
build	Setup Android SDK	2026-07-29T00:46:39.3509676Z [===========                            ] 28% Unzipping... emulator/lib64/qt/lib
build	Setup Android SDK	2026-07-29T00:46:39.7416135Z [===========                            ] 29% Unzipping... emulator/lib64/qt/lib
build	Setup Android SDK	2026-07-29T00:46:39.9150644Z [===========                            ] 30% Unzipping... emulator/lib64/qt/lib
build	Setup Android SDK	2026-07-29T00:46:40.0603308Z [============                           ] 30% Unzipping... emulator/lib64/qt/lib
build	Setup Android SDK	2026-07-29T00:46:40.1240420Z [============                           ] 30% Unzipping... emulator/lib64/qt/tra
build	Setup Android SDK	2026-07-29T00:46:40.1691116Z [============                           ] 31% Unzipping... emulator/lib64/qt/tra
build	Setup Android SDK	2026-07-29T00:46:40.1808681Z [============                           ] 31% Unzipping... emulator/lib64/qt/plu
build	Setup Android SDK	2026-07-29T00:46:40.2662764Z [============                           ] 31% Unzipping... emulator/lib64/gles_l
build	Setup Android SDK	2026-07-29T00:46:40.4940147Z [============                           ] 31% Unzipping... emulator/lib64/vulkan
build	Setup Android SDK	2026-07-29T00:46:40.8209855Z [============                           ] 32% Unzipping... emulator/lib64/vulkan
build	Setup Android SDK	2026-07-29T00:46:40.8887900Z [============                           ] 32% Unzipping... emulator/lib64/gles_s
build	Setup Android SDK	2026-07-29T00:46:40.9464753Z [============                           ] 32% Unzipping... emulator/lib64/gles_a
build	Setup Android SDK	2026-07-29T00:46:41.0067431Z [=============                          ] 33% Unzipping... emulator/lib64/gles_a
build	Setup Android SDK	2026-07-29T00:46:41.3238154Z [=====================                  ] 55% Unzipping... emulator/lib64/gles_a
build	Setup Android SDK	2026-07-29T00:46:41.3446689Z [=====================                  ] 55% Installing Android SDK Tools emula
build	Setup Android SDK	2026-07-29T00:46:41.3521474Z [=====================                  ] 55% Downloading sdk-tools-linux-433379
build	Setup Android SDK	2026-07-29T00:46:41.3658339Z [======================                 ] 55% Downloading sdk-tools-linux-433379
build	Setup Android SDK	2026-07-29T00:46:41.3966768Z [======================                 ] 56% Downloading sdk-tools-linux-433379
build	Setup Android SDK	2026-07-29T00:46:41.4274894Z [======================                 ] 57% Downloading sdk-tools-linux-433379
build	Setup Android SDK	2026-07-29T00:46:41.4647467Z [=======================                ] 58% Downloading sdk-tools-linux-433379
build	Setup Android SDK	2026-07-29T00:46:41.4931558Z [=======================                ] 59% Downloading sdk-tools-linux-433379
build	Setup Android SDK	2026-07-29T00:46:41.5117130Z [=======================                ] 60% Downloading sdk-tools-linux-433379
build	Setup Android SDK	2026-07-29T00:46:41.5247339Z [========================               ] 60% Downloading sdk-tools-linux-433379
build	Setup Android SDK	2026-07-29T00:46:41.5568024Z [========================               ] 61% Downloading sdk-tools-linux-433379
build	Setup Android SDK	2026-07-29T00:46:41.5918210Z [========================               ] 62% Downloading sdk-tools-linux-433379
build	Setup Android SDK	2026-07-29T00:46:41.6195680Z [=========================              ] 63% Downloading sdk-tools-linux-433379
build	Setup Android SDK	2026-07-29T00:46:41.6555463Z [=========================              ] 64% Downloading sdk-tools-linux-433379
build	Setup Android SDK	2026-07-29T00:46:41.6708458Z [=========================              ] 65% Downloading sdk-tools-linux-433379
build	Setup Android SDK	2026-07-29T00:46:41.6942101Z [==========================             ] 65% Downloading sdk-tools-linux-433379
build	Setup Android SDK	2026-07-29T00:46:41.7120401Z [==========================             ] 66% Downloading sdk-tools-linux-433379
build	Setup Android SDK	2026-07-29T00:46:41.7578513Z [==========================             ] 66% Unzipping... emulator/lib64/gles_a
build	Setup Android SDK	2026-07-29T00:46:41.7579786Z [==========================             ] 66% Unzipping... tools/               
build	Setup Android SDK	2026-07-29T00:46:41.7580691Z [==========================             ] 66% Unzipping... tools/proguard/      
build	Setup Android SDK	2026-07-29T00:46:41.7582826Z [==========================             ] 66% Unzipping... tools/proguard/licens
build	Setup Android SDK	2026-07-29T00:46:41.7583671Z [==========================             ] 66% Unzipping... tools/proguard/lib/  
build	Setup Android SDK	2026-07-29T00:46:41.7623348Z [==========================             ] 66% Unzipping... tools/proguard/lib/pr
build	Setup Android SDK	2026-07-29T00:46:41.7625876Z [==========================             ] 66% Unzipping... tools/proguard/lib/re
build	Setup Android SDK	2026-07-29T00:46:41.7634943Z [==========================             ] 66% Unzipping... tools/proguard/lib/pr
build	Setup Android SDK	2026-07-29T00:46:41.7636345Z [==========================             ] 66% Unzipping... tools/proguard/ant/  
build	Setup Android SDK	2026-07-29T00:46:41.7638060Z [==========================             ] 66% Unzipping... tools/proguard/ant/ta
build	Setup Android SDK	2026-07-29T00:46:41.7638850Z [==========================             ] 66% Unzipping... tools/proguard/docs/ 
build	Setup Android SDK	2026-07-29T00:46:41.7641556Z [==========================             ] 66% Unzipping... tools/proguard/docs/f
build	Setup Android SDK	2026-07-29T00:46:41.7648433Z [==========================             ] 66% Unzipping... tools/proguard/docs/s
build	Setup Android SDK	2026-07-29T00:46:41.7650692Z [==========================             ] 66% Unzipping... tools/proguard/docs/d
build	Setup Android SDK	2026-07-29T00:46:41.7653663Z [==========================             ] 66% Unzipping... tools/proguard/docs/s
build	Setup Android SDK	2026-07-29T00:46:41.7656891Z [==========================             ] 66% Unzipping... tools/proguard/docs/F
build	Setup Android SDK	2026-07-29T00:46:41.7661286Z [==========================             ] 66% Unzipping... tools/proguard/docs/s
build	Setup Android SDK	2026-07-29T00:46:41.7663127Z [==========================             ] 66% Unzipping... tools/proguard/docs/l
build	Setup Android SDK	2026-07-29T00:46:41.7667296Z [==========================             ] 66% Unzipping... tools/proguard/docs/s
build	Setup Android SDK	2026-07-29T00:46:41.7670675Z [==========================             ] 66% Unzipping... tools/proguard/docs/d
build	Setup Android SDK	2026-07-29T00:46:41.7677979Z [==========================             ] 66% Unzipping... tools/proguard/docs/s
build	Setup Android SDK	2026-07-29T00:46:41.7679799Z [==========================             ] 66% Unzipping... tools/proguard/docs/r
build	Setup Android SDK	2026-07-29T00:46:41.7681918Z [==========================             ] 66% Unzipping... tools/proguard/docs/d
build	Setup Android SDK	2026-07-29T00:46:41.7684265Z [==========================             ] 66% Unzipping... tools/proguard/docs/t
build	Setup Android SDK	2026-07-29T00:46:41.7687080Z [==========================             ] 66% Unzipping... tools/proguard/docs/f
build	Setup Android SDK	2026-07-29T00:46:41.7690709Z [==========================             ] 66% Unzipping... tools/proguard/docs/s
build	Setup Android SDK	2026-07-29T00:46:41.7692673Z [==========================             ] 66% Unzipping... tools/proguard/docs/t
build	Setup Android SDK	2026-07-29T00:46:41.7694951Z [==========================             ] 66% Unzipping... tools/proguard/docs/i
build	Setup Android SDK	2026-07-29T00:46:41.7699184Z [==========================             ] 66% Unzipping... tools/proguard/docs/s
build	Setup Android SDK	2026-07-29T00:46:41.7701563Z [==========================             ] 66% Unzipping... tools/proguard/docs/m
build	Setup Android SDK	2026-07-29T00:46:41.7703537Z [==========================             ] 66% Unzipping... tools/proguard/docs/s
build	Setup Android SDK	2026-07-29T00:46:41.7705998Z [==========================             ] 66% Unzipping... tools/proguard/docs/q
build	Setup Android SDK	2026-07-29T00:46:41.7709166Z [==========================             ] 66% Unzipping... tools/proguard/docs/G
build	Setup Android SDK	2026-07-29T00:46:41.7711342Z [==========================             ] 66% Unzipping... tools/proguard/docs/t
build	Setup Android SDK	2026-07-29T00:46:41.7729297Z [==========================             ] 66% Unzipping... tools/proguard/docs/s
build	Setup Android SDK	2026-07-29T00:46:41.7771672Z [==========================             ] 66% Unzipping... tools/proguard/docs/m
build	Setup Android SDK	2026-07-29T00:46:41.7773621Z [==========================             ] 66% Unzipping... tools/proguard/docs/s
build	Setup Android SDK	2026-07-29T00:46:41.7776351Z [==========================             ] 66% Unzipping... tools/proguard/docs/G
build	Setup Android SDK	2026-07-29T00:46:41.7778556Z [==========================             ] 66% Unzipping... tools/proguard/docs/c
build	Setup Android SDK	2026-07-29T00:46:41.7784132Z [==========================             ] 66% Unzipping... tools/proguard/docs/a
build	Setup Android SDK	2026-07-29T00:46:41.7794948Z [==========================             ] 66% Unzipping... tools/proguard/docs/s
build	Setup Android SDK	2026-07-29T00:46:41.7797399Z [==========================             ] 66% Unzipping... tools/proguard/docs/d
build	Setup Android SDK	2026-07-29T00:46:41.7896804Z [==========================             ] 66% Unzipping... tools/proguard/exampl
build	Setup Android SDK	2026-07-29T00:46:41.7899289Z [==========================             ] 66% Unzipping... tools/proguard/bin/  
build	Setup Android SDK	2026-07-29T00:46:41.7902653Z [==========================             ] 66% Unzipping... tools/proguard/bin/pr
build	Setup Android SDK	2026-07-29T00:46:41.7904910Z [==========================             ] 66% Unzipping... tools/proguard/bin/re
build	Setup Android SDK	2026-07-29T00:46:41.7907401Z [==========================             ] 66% Unzipping... tools/proguard/README
build	Setup Android SDK	2026-07-29T00:46:41.7915143Z [==========================             ] 66% Unzipping... tools/proguard/progua
build	Setup Android SDK	2026-07-29T00:46:41.7916387Z [==========================             ] 66% Unzipping... tools/lib/           
build	Setup Android SDK	2026-07-29T00:46:41.7950852Z [==========================             ] 66% Unzipping... tools/lib/bcpkix-jdk1
build	Setup Android SDK	2026-07-29T00:46:41.7958653Z [==========================             ] 66% Unzipping... tools/lib/org-eclipse
build	Setup Android SDK	2026-07-29T00:46:41.7967652Z [==========================             ] 66% Unzipping... tools/lib/manifest-me
build	Setup Android SDK	2026-07-29T00:46:41.7972433Z [==========================             ] 66% Unzipping... tools/lib/jcommander-
build	Setup Android SDK	2026-07-29T00:46:41.7984035Z [==========================             ] 66% Unzipping... tools/lib/gson-2.3.ja
build	Setup Android SDK	2026-07-29T00:46:41.7988055Z [==========================             ] 66% Unzipping... tools/lib/ddms-26.0.0
build	Setup Android SDK	2026-07-29T00:46:41.7991158Z [==========================             ] 66% Unzipping... tools/lib/asm-tree-5.
build	Setup Android SDK	2026-07-29T00:46:41.8037671Z [==========================             ] 66% Unzipping... tools/lib/uast-26.0.0
build	Setup Android SDK	2026-07-29T00:46:41.8045966Z [==========================             ] 66% Unzipping... tools/lib/dexlib2-2.2
build	Setup Android SDK	2026-07-29T00:46:41.8083953Z [==========================             ] 67% Unzipping... tools/lib/dexlib2-2.2
build	Setup Android SDK	2026-07-29T00:46:41.8086573Z [==========================             ] 67% Unzipping... tools/lib/android.el 
build	Setup Android SDK	2026-07-29T00:46:41.8092081Z [==========================             ] 67% Unzipping... tools/lib/apkanalyzer
build	Setup Android SDK	2026-07-29T00:46:41.8208561Z [==========================             ] 67% Unzipping... tools/lib/guava-22.0.
build	Setup Android SDK	2026-07-29T00:46:41.8239696Z [==========================             ] 67% Unzipping... tools/lib/lint-api-26
build	Setup Android SDK	2026-07-29T00:46:41.8246447Z [==========================             ] 67% Unzipping... tools/lib/baksmali-2.
build	Setup Android SDK	2026-07-29T00:46:41.8250300Z [==========================             ] 67% Unzipping... tools/lib/shared.jar 
build	Setup Android SDK	2026-07-29T00:46:41.8254188Z [==========================             ] 67% Unzipping... tools/lib/jsr305-1.3.
build	Setup Android SDK	2026-07-29T00:46:41.8279140Z [==========================             ] 67% Unzipping... tools/lib/httpclient-
build	Setup Android SDK	2026-07-29T00:46:41.8380454Z [==========================             ] 67% Unzipping... tools/lib/ecj-4.6.1.j
build	Setup Android SDK	2026-07-29T00:46:41.8385580Z [==========================             ] 67% Unzipping... tools/lib/jobb-26.0.0
build	Setup Android SDK	2026-07-29T00:46:41.8402279Z [==========================             ] 67% Unzipping... tools/lib/jcommon-1.0
build	Setup Android SDK	2026-07-29T00:46:41.8406267Z [==========================             ] 67% Unzipping... tools/lib/kxml2-2.3.0
build	Setup Android SDK	2026-07-29T00:46:41.8466540Z [==========================             ] 67% Unzipping... tools/lib/jfreechart-
build	Setup Android SDK	2026-07-29T00:46:41.8479536Z [==========================             ] 67% Unzipping... tools/lib/common-26.0
build	Setup Android SDK	2026-07-29T00:46:41.8531375Z [==========================             ] 67% Unzipping... tools/lib/lint-checks
build	Setup Android SDK	2026-07-29T00:46:41.8638103Z [==========================             ] 67% Unzipping... tools/lib/kotlin-refl
build	Setup Android SDK	2026-07-29T00:46:41.8641839Z [==========================             ] 67% Unzipping... tools/lib/builder-mod
build	Setup Android SDK	2026-07-29T00:46:41.8675033Z [==========================             ] 67% Unzipping... tools/lib/sdklib-26.0
build	Setup Android SDK	2026-07-29T00:46:41.8692295Z [==========================             ] 67% Unzipping... tools/lib/layoutlib-a
build	Setup Android SDK	2026-07-29T00:46:41.8693053Z [==========================             ] 67% Unzipping... tools/lib/annotations
build	Setup Android SDK	2026-07-29T00:46:41.8693803Z [==========================             ] 67% Unzipping... tools/lib/fat32lib.ja
build	Setup Android SDK	2026-07-29T00:46:41.8698597Z [==========================             ] 67% Unzipping... tools/lib/jsr305-3.0.
build	Setup Android SDK	2026-07-29T00:46:41.8761574Z [==========================             ] 67% Unzipping... tools/lib/org-eclipse
build	Setup Android SDK	2026-07-29T00:46:41.8762352Z [==========================             ] 67% Unzipping... tools/lib/error_prone
build	Setup Android SDK	2026-07-29T00:46:41.8768117Z [==========================             ] 67% Unzipping... tools/lib/org-eclipse
build	Setup Android SDK	2026-07-29T00:46:41.8769079Z [==========================             ] 67% Unzipping... tools/lib/animal-snif
build	Setup Android SDK	2026-07-29T00:46:41.8803945Z [==========================             ] 67% Unzipping... tools/lib/asset-studi
build	Setup Android SDK	2026-07-29T00:46:41.8830845Z [===========================            ] 68% Unzipping... tools/lib/asset-studi
build	Setup Android SDK	2026-07-29T00:46:41.8843002Z [===========================            ] 68% Unzipping... tools/lib/repository-
build	Setup Android SDK	2026-07-29T00:46:41.8847553Z [===========================            ] 68% Unzipping... tools/lib/dvlib-26.0.
build	Setup Android SDK	2026-07-29T00:46:41.8876792Z [===========================            ] 68% Unzipping... tools/lib/jsilver-1.0
build	Setup Android SDK	2026-07-29T00:46:41.8880990Z [===========================            ] 68% Unzipping... tools/lib/asm-5.1.jar
build	Setup Android SDK	2026-07-29T00:46:41.8883295Z [===========================            ] 68% Unzipping... tools/lib/devices.xml
build	Setup Android SDK	2026-07-29T00:46:41.8886060Z [===========================            ] 68% Unzipping... tools/lib/asm-analysi
build	Setup Android SDK	2026-07-29T00:46:41.8907576Z [===========================            ] 68% Unzipping... tools/lib/hierarchyvi
build	Setup Android SDK	2026-07-29T00:46:41.8914675Z [===========================            ] 68% Unzipping... tools/lib/monkeyrunne
build	Setup Android SDK	2026-07-29T00:46:41.8922885Z [===========================            ] 68% Unzipping... tools/lib/uiautomator
build	Setup Android SDK	2026-07-29T00:46:41.8923781Z [===========================            ] 68% Unzipping... tools/lib/archquery-2
build	Setup Android SDK	2026-07-29T00:46:41.8928555Z [===========================            ] 68% Unzipping... tools/lib/chimpchat-2
build	Setup Android SDK	2026-07-29T00:46:41.8933148Z [===========================            ] 68% Unzipping... tools/lib/explainer.j
build	Setup Android SDK	2026-07-29T00:46:41.8966469Z [===========================            ] 68% Unzipping... tools/lib/ddmlib-26.0
build	Setup Android SDK	2026-07-29T00:46:41.8967481Z [===========================            ] 68% Unzipping... tools/lib/swtmenubar-
build	Setup Android SDK	2026-07-29T00:46:41.9076424Z [===========================            ] 68% Unzipping... tools/lib/osgi-4.0.0.
build	Setup Android SDK	2026-07-29T00:46:41.9081211Z [===========================            ] 68% Unzipping... tools/lib/x86_64/    
build	Setup Android SDK	2026-07-29T00:46:41.9131070Z [===========================            ] 68% Unzipping... tools/lib/x86_64/swt.
build	Setup Android SDK	2026-07-29T00:46:41.9635487Z [===========================            ] 68% Unzipping... tools/lib/monitor-x86
build	Setup Android SDK	2026-07-29T00:46:42.0379175Z [===========================            ] 69% Unzipping... tools/lib/monitor-x86
build	Setup Android SDK	2026-07-29T00:46:42.0829277Z [===========================            ] 70% Unzipping... tools/lib/monitor-x86
build	Setup Android SDK	2026-07-29T00:46:42.1207187Z [============================           ] 70% Unzipping... tools/lib/monitor-x86
build	Setup Android SDK	2026-07-29T00:46:42.2763064Z [============================           ] 71% Unzipping... tools/lib/monitor-x86
build	Setup Android SDK	2026-07-29T00:46:42.2765352Z [============================           ] 71% Unzipping... tools/lib/httpmime-4.
build	Setup Android SDK	2026-07-29T00:46:42.2767837Z [============================           ] 71% Unzipping... tools/lib/annotations
build	Setup Android SDK	2026-07-29T00:46:42.2780990Z [============================           ] 71% Unzipping... tools/lib/lint-26.0.0
build	Setup Android SDK	2026-07-29T00:46:42.2787186Z [============================           ] 71% Unzipping... tools/lib/apkanalyzer
build	Setup Android SDK	2026-07-29T00:46:42.2794891Z [============================           ] 71% Unzipping... tools/lib/binary-reso
build	Setup Android SDK	2026-07-29T00:46:42.2804167Z [============================           ] 71% Unzipping... tools/lib/jopt-simple
build	Setup Android SDK	2026-07-29T00:46:42.2809688Z [============================           ] 71% Unzipping... tools/lib/util-2.2.1.
build	Setup Android SDK	2026-07-29T00:46:42.2826322Z [============================           ] 71% Unzipping... tools/lib/ddmuilib-26
build	Setup Android SDK	2026-07-29T00:46:42.2840391Z [============================           ] 72% Unzipping... tools/lib/ddmuilib-26
build	Setup Android SDK	2026-07-29T00:46:42.2884653Z [============================           ] 72% Unzipping... tools/lib/sdk-common-
build	Setup Android SDK	2026-07-29T00:46:42.2893574Z [============================           ] 72% Unzipping... tools/lib/traceview-2
build	Setup Android SDK	2026-07-29T00:46:42.2906419Z [============================           ] 72% Unzipping... tools/lib/httpcore-4.
build	Setup Android SDK	2026-07-29T00:46:42.2909466Z [============================           ] 72% Unzipping... tools/lib/screenshot2
build	Setup Android SDK	2026-07-29T00:46:42.2921503Z [============================           ] 72% Unzipping... tools/lib/commons-cod
build	Setup Android SDK	2026-07-29T00:46:42.2923699Z [============================           ] 72% Unzipping... tools/lib/proguard-pr
build	Setup Android SDK	2026-07-29T00:46:42.3444031Z [============================           ] 72% Unzipping... tools/lib/jython-stan
build	Setup Android SDK	2026-07-29T00:46:42.3493304Z [=============================          ] 73% Unzipping... tools/lib/jython-stan
build	Setup Android SDK	2026-07-29T00:46:42.3496206Z [=============================          ] 73% Unzipping... tools/lib/annotations
build	Setup Android SDK	2026-07-29T00:46:42.3501452Z [=============================          ] 73% Unzipping... tools/lib/commons-log
build	Setup Android SDK	2026-07-29T00:46:42.3563186Z [=============================          ] 73% Unzipping... tools/lib/protobuf-ja
build	Setup Android SDK	2026-07-29T00:46:42.3568255Z [=============================          ] 73% Unzipping... tools/lib/fakeadbserv
build	Setup Android SDK	2026-07-29T00:46:42.3709451Z [=============================          ] 73% Unzipping... tools/lib/bcprov-jdk1
build	Setup Android SDK	2026-07-29T00:46:42.3711180Z [=============================          ] 73% Unzipping... tools/lib/x86/       
build	Setup Android SDK	2026-07-29T00:46:42.3775557Z [=============================          ] 73% Unzipping... tools/lib/x86/swt.jar
build	Setup Android SDK	2026-07-29T00:46:42.3817713Z [=============================          ] 73% Unzipping... tools/lib/kotlin-stdl
build	Setup Android SDK	2026-07-29T00:46:42.3840030Z [=============================          ] 73% Unzipping... tools/lib/commons-com
build	Setup Android SDK	2026-07-29T00:46:42.3873767Z [=============================          ] 73% Unzipping... tools/lib/lombok-ast-
build	Setup Android SDK	2026-07-29T00:46:42.3902403Z [=============================          ] 73% Unzipping... tools/lib/trove4j-201
build	Setup Android SDK	2026-07-29T00:46:42.4120278Z [=============================          ] 73% Unzipping... tools/lib/intellij-co
build	Setup Android SDK	2026-07-29T00:46:42.4258693Z [=============================          ] 74% Unzipping... tools/lib/intellij-co
build	Setup Android SDK	2026-07-29T00:46:42.4270548Z [=============================          ] 74% Unzipping... tools/lib/jimfs-1.1.j
build	Setup Android SDK	2026-07-29T00:46:42.4273025Z [=============================          ] 74% Unzipping... tools/lib/j2objc-anno
build	Setup Android SDK	2026-07-29T00:46:42.4279047Z [=============================          ] 74% Unzipping... tools/lib/jfreechart-
build	Setup Android SDK	2026-07-29T00:46:42.4716689Z [=============================          ] 74% Unzipping... tools/lib/monitor-x86
build	Setup Android SDK	2026-07-29T00:46:42.5095770Z [=============================          ] 75% Unzipping... tools/lib/monitor-x86
build	Setup Android SDK	2026-07-29T00:46:42.5442919Z [==============================         ] 75% Unzipping... tools/lib/monitor-x86
build	Setup Android SDK	2026-07-29T00:46:42.6362858Z [==============================         ] 76% Unzipping... tools/lib/monitor-x86
build	Setup Android SDK	2026-07-29T00:46:42.7796040Z [==============================         ] 77% Unzipping... tools/lib/monitor-x86
build	Setup Android SDK	2026-07-29T00:46:42.7800585Z [==============================         ] 77% Unzipping... tools/lib/generator.j
build	Setup Android SDK	2026-07-29T00:46:42.7802788Z [==============================         ] 77% Unzipping... tools/source.properti
build	Setup Android SDK	2026-07-29T00:46:42.7803467Z [==============================         ] 77% Unzipping... tools/bin/           
build	Setup Android SDK	2026-07-29T00:46:42.7806296Z [==============================         ] 77% Unzipping... tools/bin/avdmanager 
build	Setup Android SDK	2026-07-29T00:46:42.7808990Z [==============================         ] 77% Unzipping... tools/bin/jobb       
build	Setup Android SDK	2026-07-29T00:46:42.7811402Z [==============================         ] 77% Unzipping... tools/bin/uiautomator
build	Setup Android SDK	2026-07-29T00:46:42.7813837Z [==============================         ] 77% Unzipping... tools/bin/apkanalyzer
build	Setup Android SDK	2026-07-29T00:46:42.7816539Z [==============================         ] 77% Unzipping... tools/bin/monkeyrunne
build	Setup Android SDK	2026-07-29T00:46:42.7819182Z [==============================         ] 77% Unzipping... tools/bin/archquery  
build	Setup Android SDK	2026-07-29T00:46:42.7821639Z [==============================         ] 77% Unzipping... tools/bin/sdkmanager 
build	Setup Android SDK	2026-07-29T00:46:42.7824172Z [==============================         ] 77% Unzipping... tools/bin/lint       
build	Setup Android SDK	2026-07-29T00:46:42.7827066Z [==============================         ] 77% Unzipping... tools/bin/screenshot2
build	Setup Android SDK	2026-07-29T00:46:42.7849041Z [==============================         ] 77% Unzipping... tools/NOTICE.txt     
build	Setup Android SDK	2026-07-29T00:46:42.7885620Z [==============================         ] 77% Unzipping... tools/emulator       
build	Setup Android SDK	2026-07-29T00:46:42.7910277Z [==============================         ] 77% Unzipping... tools/emulator-check 
build	Setup Android SDK	2026-07-29T00:46:42.7913156Z [==============================         ] 77% Unzipping... tools/monitor        
build	Setup Android SDK	2026-07-29T00:46:42.7916702Z [==============================         ] 77% Unzipping... tools/android        
build	Setup Android SDK	2026-07-29T00:46:42.7918797Z [==============================         ] 77% Unzipping... tools/mksdcard       
build	Setup Android SDK	2026-07-29T00:46:42.7919687Z [==============================         ] 77% Unzipping... tools/support/       
build	Setup Android SDK	2026-07-29T00:46:42.7926138Z [==============================         ] 77% Unzipping... tools/support/typos-d
build	Setup Android SDK	2026-07-29T00:46:42.7930136Z [==============================         ] 77% Unzipping... tools/support/typos-e
build	Setup Android SDK	2026-07-29T00:46:42.7931759Z [==============================         ] 77% Unzipping... tools/support/annotat
build	Setup Android SDK	2026-07-29T00:46:42.7940856Z [==============================         ] 77% Unzipping... tools/support/typos-e
build	Setup Android SDK	2026-07-29T00:46:42.7944667Z [==============================         ] 77% Unzipping... tools/support/typos-t
build	Setup Android SDK	2026-07-29T00:46:42.7949523Z [==============================         ] 77% Unzipping... tools/support/typos-p
build	Setup Android SDK	2026-07-29T00:46:42.7952473Z [==============================         ] 77% Unzipping... tools/support/typos-i
build	Setup Android SDK	2026-07-29T00:46:42.7955726Z [==============================         ] 77% Unzipping... tools/support/typos-n
build	Setup Android SDK	2026-07-29T00:46:42.7958699Z [==============================         ] 77% Unzipping... tools/support/typos-h
build	Setup Android SDK	2026-07-29T00:46:42.8237611Z [==============================         ] 78% Unzipping... tools/support/typos-h
build	Setup Android SDK	2026-07-29T00:46:42.8238101Z [=======================================] 100% Unzipping... tools/support/typos-
build	Setup Android SDK	2026-07-29T00:46:42.8292800Z 
build	Setup Android SDK	2026-07-29T00:46:42.8506447Z [command]/usr/local/lib/android/sdk/cmdline-tools/16.0/bin/sdkmanager platform-tools
build	Setup Android SDK	2026-07-29T00:46:43.5937941Z Loading package information...                                                  
build	Setup Android SDK	2026-07-29T00:46:43.6839352Z Loading local repository...                                                     
build	Setup Android SDK	2026-07-29T00:46:43.6840247Z [                                       ] 3% Loading local repository...        
build	Setup Android SDK	2026-07-29T00:46:43.6872215Z [                                       ] 3% Fetch remote repository...         
build	Setup Android SDK	2026-07-29T00:46:44.0589288Z [=                                      ] 3% Fetch remote repository...         
build	Setup Android SDK	2026-07-29T00:46:44.1388043Z [=                                      ] 4% Fetch remote repository...         
build	Setup Android SDK	2026-07-29T00:46:44.2074318Z [=                                      ] 5% Fetch remote repository...         
build	Setup Android SDK	2026-07-29T00:46:44.2567651Z [==                                     ] 5% Fetch remote repository...         
build	Setup Android SDK	2026-07-29T00:46:44.3337022Z [==                                     ] 6% Fetch remote repository...         
build	Setup Android SDK	2026-07-29T00:46:44.4146778Z [==                                     ] 7% Fetch remote repository...         
build	Setup Android SDK	2026-07-29T00:46:44.4147551Z [==                                     ] 7% Computing updates...               
build	Setup Android SDK	2026-07-29T00:46:44.4286220Z [===                                    ] 8% Computing updates...               
build	Setup Android SDK	2026-07-29T00:46:44.4312168Z [===                                    ] 10% Computing updates...              
build	Setup Android SDK	2026-07-29T00:46:44.4319043Z [=======================================] 100% Computing updates...             
build	Setup Android SDK	2026-07-29T00:46:44.4319675Z 
build	Install Android SDK Components	﻿2026-07-29T00:46:44.4770215Z ##[group]Run yes | sdkmanager --licenses
build	Install Android SDK Components	2026-07-29T00:46:44.4770606Z [36;1myes | sdkmanager --licenses[0m
build	Install Android SDK Components	2026-07-29T00:46:44.4770872Z [36;1m[0m
build	Install Android SDK Components	2026-07-29T00:46:44.4771066Z [36;1msdkmanager \[0m
build	Install Android SDK Components	2026-07-29T00:46:44.4771291Z [36;1m  "platform-tools" \[0m
build	Install Android SDK Components	2026-07-29T00:46:44.4771552Z [36;1m  "platforms;android-35" \[0m
build	Install Android SDK Components	2026-07-29T00:46:44.4771820Z [36;1m  "build-tools;35.0.0" \[0m
build	Install Android SDK Components	2026-07-29T00:46:44.4772073Z [36;1m  "cmake;3.31.6" \[0m
build	Install Android SDK Components	2026-07-29T00:46:44.4772304Z [36;1m  "ndk;29.0.14206865"[0m
build	Install Android SDK Components	2026-07-29T00:46:44.4816996Z shell: /usr/bin/bash -e {0}
build	Install Android SDK Components	2026-07-29T00:46:44.4817253Z env:
build	Install Android SDK Components	2026-07-29T00:46:44.4817568Z   JAVA_HOME: /opt/hostedtoolcache/Java_Temurin-Hotspot_jdk/21.0.11-10/x64
build	Install Android SDK Components	2026-07-29T00:46:44.4818078Z   JAVA_HOME_21_X64: /opt/hostedtoolcache/Java_Temurin-Hotspot_jdk/21.0.11-10/x64
build	Install Android SDK Components	2026-07-29T00:46:44.4818497Z   ANDROID_HOME: /usr/local/lib/android/sdk
build	Install Android SDK Components	2026-07-29T00:46:44.4818789Z   ANDROID_SDK_ROOT: /usr/local/lib/android/sdk
build	Install Android SDK Components	2026-07-29T00:46:44.4819059Z ##[endgroup]
build	Install Android SDK Components	2026-07-29T00:46:45.3775205Z Loading local repository...                                                     
build	Install Android SDK Components	2026-07-29T00:46:45.3776831Z [=========                              ] 25% Loading local repository...       
build	Install Android SDK Components	2026-07-29T00:46:45.3846578Z [=========                              ] 25% Fetch remote repository...        
build	Install Android SDK Components	2026-07-29T00:46:45.5965213Z [==========                             ] 26% Fetch remote repository...        
build	Install Android SDK Components	2026-07-29T00:46:45.5976643Z [============                           ] 31% Fetch remote repository...        
build	Install Android SDK Components	2026-07-29T00:46:45.6506986Z [============                           ] 32% Fetch remote repository...        
build	Install Android SDK Components	2026-07-29T00:46:45.6508268Z [=============                          ] 33% Fetch remote repository...        
build	Install Android SDK Components	2026-07-29T00:46:45.6677896Z [=============                          ] 35% Fetch remote repository...        
build	Install Android SDK Components	2026-07-29T00:46:45.6679074Z [==============                         ] 36% Fetch remote repository...        
build	Install Android SDK Components	2026-07-29T00:46:45.6820138Z [==============                         ] 37% Fetch remote repository...        
build	Install Android SDK Components	2026-07-29T00:46:45.6821347Z [===============                        ] 38% Fetch remote repository...        
build	Install Android SDK Components	2026-07-29T00:46:45.7500055Z [===============                        ] 39% Fetch remote repository...        
build	Install Android SDK Components	2026-07-29T00:46:45.7501497Z [================                       ] 40% Fetch remote repository...        
build	Install Android SDK Components	2026-07-29T00:46:45.7594982Z [================                       ] 41% Fetch remote repository...        
build	Install Android SDK Components	2026-07-29T00:46:45.7600856Z [================                       ] 42% Fetch remote repository...        
build	Install Android SDK Components	2026-07-29T00:46:45.7858176Z [=================                      ] 44% Fetch remote repository...        
build	Install Android SDK Components	2026-07-29T00:46:45.7862739Z [=================                      ] 45% Fetch remote repository...        
build	Install Android SDK Components	2026-07-29T00:46:45.7970392Z [==================                     ] 46% Fetch remote repository...        
build	Install Android SDK Components	2026-07-29T00:46:45.7971535Z [==================                     ] 47% Fetch remote repository...        
build	Install Android SDK Components	2026-07-29T00:46:45.8087920Z [===================                    ] 48% Fetch remote repository...        
build	Install Android SDK Components	2026-07-29T00:46:45.8094496Z [===================                    ] 49% Fetch remote repository...        
build	Install Android SDK Components	2026-07-29T00:46:45.8198655Z [====================                   ] 50% Fetch remote repository...        
build	Install Android SDK Components	2026-07-29T00:46:45.8203449Z [====================                   ] 51% Fetch remote repository...        
build	Install Android SDK Components	2026-07-29T00:46:45.8336598Z [====================                   ] 53% Fetch remote repository...        
build	Install Android SDK Components	2026-07-29T00:46:45.8340177Z [=====================                  ] 54% Fetch remote repository...        
build	Install Android SDK Components	2026-07-29T00:46:45.8464602Z [=====================                  ] 55% Fetch remote repository...        
build	Install Android SDK Components	2026-07-29T00:46:45.8469032Z [======================                 ] 56% Fetch remote repository...        
build	Install Android SDK Components	2026-07-29T00:46:45.8594444Z [======================                 ] 57% Fetch remote repository...        
build	Install Android SDK Components	2026-07-29T00:46:45.8596511Z [=======================                ] 58% Fetch remote repository...        
build	Install Android SDK Components	2026-07-29T00:46:45.8702572Z [=======================                ] 59% Fetch remote repository...        
build	Install Android SDK Components	2026-07-29T00:46:45.8705407Z [========================               ] 60% Fetch remote repository...        
build	Install Android SDK Components	2026-07-29T00:46:45.8986595Z [========================               ] 61% Fetch remote repository...        
build	Install Android SDK Components	2026-07-29T00:46:45.8995115Z [=========================              ] 63% Fetch remote repository...        
build	Install Android SDK Components	2026-07-29T00:46:45.9076344Z [=========================              ] 64% Fetch remote repository...        
build	Install Android SDK Components	2026-07-29T00:46:45.9077513Z [=========================              ] 65% Fetch remote repository...        
build	Install Android SDK Components	2026-07-29T00:46:45.9180097Z [==========================             ] 66% Fetch remote repository...        
build	Install Android SDK Components	2026-07-29T00:46:45.9183220Z [==========================             ] 67% Fetch remote repository...        
build	Install Android SDK Components	2026-07-29T00:46:45.9297720Z [===========================            ] 68% Fetch remote repository...        
build	Install Android SDK Components	2026-07-29T00:46:45.9298943Z [===========================            ] 69% Fetch remote repository...        
build	Install Android SDK Components	2026-07-29T00:46:45.9395047Z [============================           ] 70% Fetch remote repository...        
build	Install Android SDK Components	2026-07-29T00:46:45.9397393Z [============================           ] 72% Fetch remote repository...        
build	Install Android SDK Components	2026-07-29T00:46:45.9612673Z [=============================          ] 73% Fetch remote repository...        
build	Install Android SDK Components	2026-07-29T00:46:45.9618026Z [=============================          ] 74% Fetch remote repository...        
build	Install Android SDK Components	2026-07-29T00:46:45.9709021Z [=============================          ] 75% Fetch remote repository...        
build	Install Android SDK Components	2026-07-29T00:46:45.9846509Z [=============================          ] 75% Computing updates...              
build	Install Android SDK Components	2026-07-29T00:46:45.9853870Z [=======================================] 100% Computing updates...             
build	Install Android SDK Components	2026-07-29T00:46:46.0172348Z All SDK package licenses accepted.
build	Install Android SDK Components	2026-07-29T00:46:46.0186241Z 
build	Install Android SDK Components	2026-07-29T00:46:46.0368517Z yes: standard output: Broken pipe
build	Install Android SDK Components	2026-07-29T00:46:46.7887221Z Loading package information...                                                  
build	Install Android SDK Components	2026-07-29T00:46:46.8757274Z Loading local repository...                                                     
build	Install Android SDK Components	2026-07-29T00:46:46.8763995Z [                                       ] 3% Loading local repository...        
build	Install Android SDK Components	2026-07-29T00:46:46.8791415Z [                                       ] 3% Fetch remote repository...         
build	Install Android SDK Components	2026-07-29T00:46:47.2518588Z [=                                      ] 3% Fetch remote repository...         
build	Install Android SDK Components	2026-07-29T00:46:47.3227295Z [=                                      ] 4% Fetch remote repository...         
build	Install Android SDK Components	2026-07-29T00:46:47.3594291Z [=                                      ] 5% Fetch remote repository...         
build	Install Android SDK Components	2026-07-29T00:46:47.4273864Z [==                                     ] 5% Fetch remote repository...         
build	Install Android SDK Components	2026-07-29T00:46:47.5254646Z [==                                     ] 6% Fetch remote repository...         
build	Install Android SDK Components	2026-07-29T00:46:47.6028371Z [==                                     ] 7% Fetch remote repository...         
build	Install Android SDK Components	2026-07-29T00:46:47.6046975Z [==                                     ] 7% Computing updates...               
build	Install Android SDK Components	2026-07-29T00:46:47.6166447Z [===                                    ] 8% Computing updates...               
build	Install Android SDK Components	2026-07-29T00:46:47.6270920Z [===                                    ] 10% Computing updates...              
build	Install Android SDK Components	2026-07-29T00:46:48.0416165Z [===                                    ] 10% Installing CMake 3.31.6           
build	Install Android SDK Components	2026-07-29T00:46:48.0764209Z [===                                    ] 10% Downloading cmake-3.31.6-linux.zip
build	Install Android SDK Components	2026-07-29T00:46:48.1165951Z [====                                   ] 10% Downloading cmake-3.31.6-linux.zip
build	Install Android SDK Components	2026-07-29T00:46:48.1610032Z [====                                   ] 11% Downloading cmake-3.31.6-linux.zip
build	Install Android SDK Components	2026-07-29T00:46:48.1843073Z [====                                   ] 12% Downloading cmake-3.31.6-linux.zip
build	Install Android SDK Components	2026-07-29T00:46:48.1968647Z [=====                                  ] 13% Downloading cmake-3.31.6-linux.zip
build	Install Android SDK Components	2026-07-29T00:46:48.2077589Z [=====                                  ] 14% Downloading cmake-3.31.6-linux.zip
build	Install Android SDK Components	2026-07-29T00:46:48.2153402Z [=====                                  ] 15% Downloading cmake-3.31.6-linux.zip
build	Install Android SDK Components	2026-07-29T00:46:48.2208410Z [======                                 ] 15% Downloading cmake-3.31.6-linux.zip
build	Install Android SDK Components	2026-07-29T00:46:48.2312037Z [======                                 ] 16% Downloading cmake-3.31.6-linux.zip
build	Install Android SDK Components	2026-07-29T00:46:48.2443380Z [======                                 ] 17% Downloading cmake-3.31.6-linux.zip
build	Install Android SDK Components	2026-07-29T00:46:48.2546753Z [=======                                ] 18% Downloading cmake-3.31.6-linux.zip
build	Install Android SDK Components	2026-07-29T00:46:48.2660410Z [=======                                ] 19% Downloading cmake-3.31.6-linux.zip
build	Install Android SDK Components	2026-07-29T00:46:48.2707546Z [=======                                ] 20% Downloading cmake-3.31.6-linux.zip
build	Install Android SDK Components	2026-07-29T00:46:48.2755066Z [========                               ] 20% Downloading cmake-3.31.6-linux.zip
build	Install Android SDK Components	2026-07-29T00:46:48.2852280Z [========                               ] 21% Downloading cmake-3.31.6-linux.zip
build	Install Android SDK Components	2026-07-29T00:46:48.2927417Z [========                               ] 22% Downloading cmake-3.31.6-linux.zip
build	Install Android SDK Components	2026-07-29T00:46:48.2981060Z [=========                              ] 23% Downloading cmake-3.31.6-linux.zip
build	Install Android SDK Components	2026-07-29T00:46:48.3052412Z [=========                              ] 24% Downloading cmake-3.31.6-linux.zip
build	Install Android SDK Components	2026-07-29T00:46:48.3079008Z [=========                              ] 25% Downloading cmake-3.31.6-linux.zip
build	Install Android SDK Components	2026-07-29T00:46:48.3104596Z [==========                             ] 25% Downloading cmake-3.31.6-linux.zip
build	Install Android SDK Components	2026-07-29T00:46:48.3172806Z [==========                             ] 26% Downloading cmake-3.31.6-linux.zip
build	Install Android SDK Components	2026-07-29T00:46:48.3225988Z [==========                             ] 27% Downloading cmake-3.31.6-linux.zip
build	Install Android SDK Components	2026-07-29T00:46:48.3289306Z [===========                            ] 28% Downloading cmake-3.31.6-linux.zip
build	Install Android SDK Components	2026-07-29T00:46:48.3340832Z [===========                            ] 29% Downloading cmake-3.31.6-linux.zip
build	Install Android SDK Components	2026-07-29T00:46:48.3365441Z [===========                            ] 30% Downloading cmake-3.31.6-linux.zip
build	Install Android SDK Components	2026-07-29T00:46:48.3404228Z [============                           ] 30% Downloading cmake-3.31.6-linux.zip
build	Install Android SDK Components	2026-07-29T00:46:48.3454302Z [============                           ] 31% Downloading cmake-3.31.6-linux.zip
build	Install Android SDK Components	2026-07-29T00:46:48.3518617Z [============                           ] 32% Downloading cmake-3.31.6-linux.zip
build	Install Android SDK Components	2026-07-29T00:46:48.3523571Z [============                           ] 33% Downloading cmake-3.31.6-linux.zip
build	Install Android SDK Components	2026-07-29T00:46:48.5212914Z [============                           ] 33% Unzipping...                      
build	Install Android SDK Components	2026-07-29T00:46:48.5257258Z [============                           ] 33% Unzipping... bin/cmake            
build	Install Android SDK Components	2026-07-29T00:46:48.5577101Z [=============                          ] 33% Unzipping... bin/cmake            
build	Install Android SDK Components	2026-07-29T00:46:48.5864000Z [=============                          ] 34% Unzipping... bin/cmake            
build	Install Android SDK Components	2026-07-29T00:46:48.6000527Z [=============                          ] 35% Unzipping... bin/cmake            
build	Install Android SDK Components	2026-07-29T00:46:48.6140645Z [==============                         ] 35% Unzipping... bin/cmake            
build	Install Android SDK Components	2026-07-29T00:46:48.6376887Z [==============                         ] 36% Unzipping... bin/cmake            
build	Install Android SDK Components	2026-07-29T00:46:48.6601896Z [==============                         ] 37% Unzipping... bin/cmake            
build	Install Android SDK Components	2026-07-29T00:46:48.6772761Z [===============                        ] 38% Unzipping... bin/cmake            
build	Install Android SDK Components	2026-07-29T00:46:48.6855725Z [===============                        ] 39% Unzipping... bin/cmake            
build	Install Android SDK Components	2026-07-29T00:46:48.6987053Z [===============                        ] 39% Unzipping... bin/cpack            
build	Install Android SDK Components	2026-07-29T00:46:48.7076044Z [===============                        ] 40% Unzipping... bin/cpack            
build	Install Android SDK Components	2026-07-29T00:46:48.7176984Z [================                       ] 40% Unzipping... bin/cpack            
build	Install Android SDK Components	2026-07-29T00:46:48.7372327Z [================                       ] 41% Unzipping... bin/cpack            
build	Install Android SDK Components	2026-07-29T00:46:48.7594096Z [================                       ] 42% Unzipping... bin/cpack            
build	Install Android SDK Components	2026-07-29T00:46:48.7749058Z [=================                      ] 43% Unzipping... bin/cpack            
build	Install Android SDK Components	2026-07-29T00:46:48.7910535Z [=================                      ] 44% Unzipping... bin/cpack            
build	Install Android SDK Components	2026-07-29T00:46:48.7979518Z [=================                      ] 45% Unzipping... bin/cpack            
build	Install Android SDK Components	2026-07-29T00:46:48.8049108Z [==================                     ] 45% Unzipping... bin/cpack            
build	Install Android SDK Components	2026-07-29T00:46:48.8106613Z [==================                     ] 45% Unzipping... bin/ctest            
build	Install Android SDK Components	2026-07-29T00:46:48.8299010Z [==================                     ] 46% Unzipping... bin/ctest            
build	Install Android SDK Components	2026-07-29T00:46:48.8484666Z [==================                     ] 47% Unzipping... bin/ctest            
build	Install Android SDK Components	2026-07-29T00:46:48.8686753Z [===================                    ] 48% Unzipping... bin/ctest            
build	Install Android SDK Components	2026-07-29T00:46:48.8899387Z [===================                    ] 49% Unzipping... bin/ctest            
build	Install Android SDK Components	2026-07-29T00:46:48.8961978Z [===================                    ] 50% Unzipping... bin/ctest            
build	Install Android SDK Components	2026-07-29T00:46:48.9043502Z [====================                   ] 50% Unzipping... bin/ctest            
build	Install Android SDK Components	2026-07-29T00:46:48.9201535Z [====================                   ] 51% Unzipping... bin/ctest            
build	Install Android SDK Components	2026-07-29T00:46:48.9315079Z [====================                   ] 52% Unzipping... bin/ctest            
build	Install Android SDK Components	2026-07-29T00:46:48.9321433Z [====================                   ] 52% Unzipping... doc/openssl-openssl-3
build	Install Android SDK Components	2026-07-29T00:46:48.9325189Z [====================                   ] 52% Unzipping... doc/cmake-3.31/Copyri
build	Install Android SDK Components	2026-07-29T00:46:48.9336888Z [====================                   ] 52% Unzipping... doc/cmake-3.31/cmlibl
build	Install Android SDK Components	2026-07-29T00:46:48.9338158Z [====================                   ] 52% Unzipping... doc/cmake-3.31/cmlibr
build	Install Android SDK Components	2026-07-29T00:46:48.9339226Z [====================                   ] 52% Unzipping... doc/cmake-3.31/cmzstd
build	Install Android SDK Components	2026-07-29T00:46:48.9340263Z [====================                   ] 52% Unzipping... doc/cmake-3.31/cmcurl
build	Install Android SDK Components	2026-07-29T00:46:48.9342956Z [====================                   ] 52% Unzipping... doc/cmake-3.31/cmzlib
build	Install Android SDK Components	2026-07-29T00:46:48.9346747Z [====================                   ] 52% Unzipping... doc/cmake-3.31/cmnght
build	Install Android SDK Components	2026-07-29T00:46:48.9352996Z [====================                   ] 52% Unzipping... doc/cmake-3.31/cmcppd
build	Install Android SDK Components	2026-07-29T00:46:48.9354149Z [====================                   ] 52% Unzipping... doc/cmake-3.31/cmliba
build	Install Android SDK Components	2026-07-29T00:46:48.9362233Z [====================                   ] 52% Unzipping... doc/cmake-3.31/cmsys/
build	Install Android SDK Components	2026-07-29T00:46:48.9363141Z [====================                   ] 52% Unzipping... doc/cmake-3.31/cmlibu
build	Install Android SDK Components	2026-07-29T00:46:48.9369243Z [====================                   ] 52% Unzipping... share/emacs/site-lisp
build	Install Android SDK Components	2026-07-29T00:46:48.9380831Z [====================                   ] 52% Unzipping... share/vim/vimfiles/sy
build	Install Android SDK Components	2026-07-29T00:46:48.9388680Z [====================                   ] 52% Unzipping... share/vim/vimfiles/in
build	Install Android SDK Components	2026-07-29T00:46:48.9389571Z [====================                   ] 52% Unzipping... share/aclocal/cmake.m
build	Install Android SDK Components	2026-07-29T00:46:48.9398734Z [====================                   ] 52% Unzipping... share/bash-completion
build	Install Android SDK Components	2026-07-29T00:46:48.9926978Z [====================                   ] 52% Unzipping... share/cmake-3.31/Modu
build	Install Android SDK Components	2026-07-29T00:46:49.2923412Z [=====================                  ] 53% Unzipping... share/cmake-3.31/Modu
build	Install Android SDK Components	2026-07-29T00:46:49.3056722Z [=====================                  ] 53% Unzipping... share/cmake-3.31/Temp
build	Install Android SDK Components	2026-07-29T00:46:49.3454272Z [=====================                  ] 53% Unzipping... share/cmake-3.31/Help
build	Install Android SDK Components	2026-07-29T00:46:49.6714421Z [=====================                  ] 54% Unzipping... share/cmake-3.31/Help
build	Install Android SDK Components	2026-07-29T00:46:49.6716765Z [=====================                  ] 54% Unzipping... share/cmake-3.31/incl
build	Install Android SDK Components	2026-07-29T00:46:49.6718346Z [=====================                  ] 54% Unzipping... source.properties    
build	Install Android SDK Components	2026-07-29T00:46:49.6782111Z [=====================                  ] 54% Unzipping... bin/ninja            
build	Install Android SDK Components	2026-07-29T00:46:49.6785102Z [=====================                  ] 54% Unzipping... doc/ninja/LICENSE    
build	Install Android SDK Components	2026-07-29T00:46:49.6789801Z [=====================                  ] 54% Unzipping... share/cmake-3.31/Modu
build	Install Android SDK Components	2026-07-29T00:46:49.6883026Z [=====================                  ] 55% Unzipping... share/cmake-3.31/Modu
build	Install Android SDK Components	2026-07-29T00:46:49.6884709Z [=======================================] 100% Unzipping... share/cmake-3.31/Mod
build	Install Android SDK Components	2026-07-29T00:46:49.8016284Z 
build	Verify installation	﻿2026-07-29T00:46:49.8253357Z ##[group]Run java -version
build	Verify installation	2026-07-29T00:46:49.8253683Z [36;1mjava -version[0m
build	Verify installation	2026-07-29T00:46:49.8253915Z [36;1mcmake --version || true[0m
build	Verify installation	2026-07-29T00:46:49.8254192Z [36;1mls -lah "$ANDROID_SDK_ROOT/cmake"[0m
build	Verify installation	2026-07-29T00:46:49.8254484Z [36;1mls -lah "$ANDROID_SDK_ROOT/ndk"[0m
build	Verify installation	2026-07-29T00:46:49.8298322Z shell: /usr/bin/bash -e {0}
build	Verify installation	2026-07-29T00:46:49.8298584Z env:
build	Verify installation	2026-07-29T00:46:49.8298899Z   JAVA_HOME: /opt/hostedtoolcache/Java_Temurin-Hotspot_jdk/21.0.11-10/x64
build	Verify installation	2026-07-29T00:46:49.8299411Z   JAVA_HOME_21_X64: /opt/hostedtoolcache/Java_Temurin-Hotspot_jdk/21.0.11-10/x64
build	Verify installation	2026-07-29T00:46:49.8299830Z   ANDROID_HOME: /usr/local/lib/android/sdk
build	Verify installation	2026-07-29T00:46:49.8300125Z   ANDROID_SDK_ROOT: /usr/local/lib/android/sdk
build	Verify installation	2026-07-29T00:46:49.8300398Z ##[endgroup]
build	Verify installation	2026-07-29T00:46:49.8656856Z openjdk version "21.0.11" 2026-04-21 LTS
build	Verify installation	2026-07-29T00:46:49.8669337Z OpenJDK Runtime Environment Temurin-21.0.11+10 (build 21.0.11+10-LTS)
build	Verify installation	2026-07-29T00:46:49.8671385Z OpenJDK 64-Bit Server VM Temurin-21.0.11+10 (build 21.0.11+10-LTS, mixed mode, sharing)
build	Verify installation	2026-07-29T00:46:50.3840754Z cmake version 3.31.6
build	Verify installation	2026-07-29T00:46:50.3841134Z 
build	Verify installation	2026-07-29T00:46:50.3841768Z CMake suite maintained and supported by Kitware (kitware.com/cmake).
build	Verify installation	2026-07-29T00:46:50.3863345Z total 20K
build	Verify installation	2026-07-29T00:46:50.3863890Z drwxrwxrwx  5 root   root   4.0K Jul 29 00:46 .
build	Verify installation	2026-07-29T00:46:50.3864590Z drwxrwxrwx 13 root   root   4.0K Jul 29 00:46 ..
build	Verify installation	2026-07-29T00:46:50.3865323Z drwxrwxrwx  5 root   root   4.0K Jul 20 08:43 3.31.5
build	Verify installation	2026-07-29T00:46:50.3866478Z drwxr-xr-x  5 runner runner 4.0K Jul 29 00:46 3.31.6
build	Verify installation	2026-07-29T00:46:50.3867329Z drwxrwxrwx  5 root   root   4.0K Jul 20 08:43 4.1.2
build	Verify installation	2026-07-29T00:46:50.3878828Z total 20K
build	Verify installation	2026-07-29T00:46:50.3879288Z drwxrwxrwx  5 root root 4.0K Jul 20 08:43 .
build	Verify installation	2026-07-29T00:46:50.3879690Z drwxrwxrwx 13 root root 4.0K Jul 29 00:46 ..
build	Verify installation	2026-07-29T00:46:50.3880113Z drwxrwxrwx 11 root root 4.0K Jul 20 08:43 27.3.13750724
build	Verify installation	2026-07-29T00:46:50.3880555Z drwxrwxrwx 11 root root 4.0K Jul 20 08:42 28.2.13676358
build	Verify installation	2026-07-29T00:46:50.3880983Z drwxrwxrwx 11 root root 4.0K Jul 20 08:42 29.0.14206865
build	Make Gradle executable	﻿2026-07-29T00:46:50.3910479Z ##[group]Run chmod +x gradlew
build	Make Gradle executable	2026-07-29T00:46:50.3910980Z [36;1mchmod +x gradlew[0m
build	Make Gradle executable	2026-07-29T00:46:50.3955091Z shell: /usr/bin/bash -e {0}
build	Make Gradle executable	2026-07-29T00:46:50.3955349Z env:
build	Make Gradle executable	2026-07-29T00:46:50.3955817Z   JAVA_HOME: /opt/hostedtoolcache/Java_Temurin-Hotspot_jdk/21.0.11-10/x64
build	Make Gradle executable	2026-07-29T00:46:50.3956352Z   JAVA_HOME_21_X64: /opt/hostedtoolcache/Java_Temurin-Hotspot_jdk/21.0.11-10/x64
build	Make Gradle executable	2026-07-29T00:46:50.3956782Z   ANDROID_HOME: /usr/local/lib/android/sdk
build	Make Gradle executable	2026-07-29T00:46:50.3957077Z   ANDROID_SDK_ROOT: /usr/local/lib/android/sdk
build	Make Gradle executable	2026-07-29T00:46:50.3957352Z ##[endgroup]
build	Install required packages	﻿2026-07-29T00:46:50.4058449Z ##[group]Run sudo apt-get update
build	Install required packages	2026-07-29T00:46:50.4058769Z [36;1msudo apt-get update[0m
build	Install required packages	2026-07-29T00:46:50.4059099Z [36;1msudo apt-get install -y curl wget tar unzip xz-utils[0m
build	Install required packages	2026-07-29T00:46:50.4098725Z shell: /usr/bin/bash -e {0}
build	Install required packages	2026-07-29T00:46:50.4098976Z env:
build	Install required packages	2026-07-29T00:46:50.4099283Z   JAVA_HOME: /opt/hostedtoolcache/Java_Temurin-Hotspot_jdk/21.0.11-10/x64
build	Install required packages	2026-07-29T00:46:50.4099788Z   JAVA_HOME_21_X64: /opt/hostedtoolcache/Java_Temurin-Hotspot_jdk/21.0.11-10/x64
build	Install required packages	2026-07-29T00:46:50.4100221Z   ANDROID_HOME: /usr/local/lib/android/sdk
build	Install required packages	2026-07-29T00:46:50.4100515Z   ANDROID_SDK_ROOT: /usr/local/lib/android/sdk
build	Install required packages	2026-07-29T00:46:50.4100786Z ##[endgroup]
build	Install required packages	2026-07-29T00:46:50.5007025Z Get:1 file:/etc/apt/apt-mirrors.txt Mirrorlist [144 B]
build	Install required packages	2026-07-29T00:46:50.5259650Z Hit:6 https://packages.microsoft.com/repos/azure-cli noble InRelease
build	Install required packages	2026-07-29T00:46:50.5261269Z Get:7 https://packages.microsoft.com/ubuntu/24.04/prod noble InRelease [3600 B]
build	Install required packages	2026-07-29T00:46:50.5283203Z Hit:2 http://azure.archive.ubuntu.com/ubuntu noble InRelease
build	Install required packages	2026-07-29T00:46:50.5308873Z Get:3 http://azure.archive.ubuntu.com/ubuntu noble-updates InRelease [126 kB]
build	Install required packages	2026-07-29T00:46:50.5389618Z Get:8 https://dl.google.com/linux/chrome-stable/deb stable InRelease [2548 B]
build	Install required packages	2026-07-29T00:46:50.5399057Z Get:4 http://azure.archive.ubuntu.com/ubuntu noble-backports InRelease [126 kB]
build	Install required packages	2026-07-29T00:46:50.5517139Z Get:5 http://azure.archive.ubuntu.com/ubuntu noble-security InRelease [126 kB]
build	Install required packages	2026-07-29T00:46:50.6404770Z Get:9 https://packages.microsoft.com/ubuntu/24.04/prod noble/main arm64 Packages [217 kB]
build	Install required packages	2026-07-29T00:46:50.6538565Z Get:10 https://packages.microsoft.com/ubuntu/24.04/prod noble/main amd64 Packages [252 kB]
build	Install required packages	2026-07-29T00:46:50.7475111Z Get:11 http://azure.archive.ubuntu.com/ubuntu noble-updates/main amd64 Packages [1153 kB]
build	Install required packages	2026-07-29T00:46:50.7544309Z Get:12 http://azure.archive.ubuntu.com/ubuntu noble-updates/main Translation-en [278 kB]
build	Install required packages	2026-07-29T00:46:50.7576810Z Get:13 http://azure.archive.ubuntu.com/ubuntu noble-updates/main amd64 Components [180 kB]
build	Install required packages	2026-07-29T00:46:50.7594147Z Get:14 http://azure.archive.ubuntu.com/ubuntu noble-updates/universe amd64 Packages [1678 kB]
build	Install required packages	2026-07-29T00:46:50.7679410Z Get:15 http://azure.archive.ubuntu.com/ubuntu noble-updates/universe Translation-en [334 kB]
build	Install required packages	2026-07-29T00:46:50.7708228Z Get:16 http://azure.archive.ubuntu.com/ubuntu noble-updates/universe amd64 Components [389 kB]
build	Install required packages	2026-07-29T00:46:50.7739238Z Get:17 http://azure.archive.ubuntu.com/ubuntu noble-updates/restricted amd64 Packages [1367 kB]
build	Install required packages	2026-07-29T00:46:50.7815832Z Get:18 http://azure.archive.ubuntu.com/ubuntu noble-updates/restricted Translation-en [308 kB]
build	Install required packages	2026-07-29T00:46:50.7849017Z Get:19 http://azure.archive.ubuntu.com/ubuntu noble-updates/multiverse amd64 Packages [45.4 kB]
build	Install required packages	2026-07-29T00:46:50.7864769Z Get:20 http://azure.archive.ubuntu.com/ubuntu noble-updates/multiverse Translation-en [12.3 kB]
build	Install required packages	2026-07-29T00:46:50.8316227Z Get:21 http://azure.archive.ubuntu.com/ubuntu noble-updates/multiverse amd64 Components [940 B]
build	Install required packages	2026-07-29T00:46:50.8479806Z Get:22 http://azure.archive.ubuntu.com/ubuntu noble-backports/main amd64 Components [5760 B]
build	Install required packages	2026-07-29T00:46:50.8507626Z Get:23 http://azure.archive.ubuntu.com/ubuntu noble-backports/universe amd64 Packages [32.5 kB]
build	Install required packages	2026-07-29T00:46:50.8523092Z Get:24 http://azure.archive.ubuntu.com/ubuntu noble-backports/universe amd64 Components [12.6 kB]
build	Install required packages	2026-07-29T00:46:50.8759102Z Get:25 https://dl.google.com/linux/chrome-stable/deb stable/main amd64 Packages [1421 B]
build	Install required packages	2026-07-29T00:46:50.8993650Z Get:26 http://azure.archive.ubuntu.com/ubuntu noble-security/main amd64 Packages [898 kB]
build	Install required packages	2026-07-29T00:46:50.9049712Z Get:27 http://azure.archive.ubuntu.com/ubuntu noble-security/main Translation-en [198 kB]
build	Install required packages	2026-07-29T00:46:50.9070727Z Get:28 http://azure.archive.ubuntu.com/ubuntu noble-security/main amd64 Components [46.3 kB]
build	Install required packages	2026-07-29T00:46:50.9089351Z Get:29 http://azure.archive.ubuntu.com/ubuntu noble-security/universe amd64 Packages [1199 kB]
build	Install required packages	2026-07-29T00:46:50.9175068Z Get:30 http://azure.archive.ubuntu.com/ubuntu noble-security/universe Translation-en [239 kB]
build	Install required packages	2026-07-29T00:46:50.9208309Z Get:31 http://azure.archive.ubuntu.com/ubuntu noble-security/universe amd64 Components [76.2 kB]
build	Install required packages	2026-07-29T00:46:50.9222175Z Get:32 http://azure.archive.ubuntu.com/ubuntu noble-security/restricted amd64 Packages [1273 kB]
build	Install required packages	2026-07-29T00:46:50.9307132Z Get:33 http://azure.archive.ubuntu.com/ubuntu noble-security/restricted Translation-en [290 kB]
build	Install required packages	2026-07-29T00:46:50.9336646Z Get:34 http://azure.archive.ubuntu.com/ubuntu noble-security/multiverse amd64 Packages [40.3 kB]
build	Install required packages	2026-07-29T00:46:50.9350815Z Get:35 http://azure.archive.ubuntu.com/ubuntu noble-security/multiverse Translation-en [10.6 kB]
build	Install required packages	2026-07-29T00:46:54.8569444Z Fetched 10.9 MB in 1s (8390 kB/s)
build	Install required packages	2026-07-29T00:46:55.5349786Z Reading package lists...
build	Install required packages	2026-07-29T00:46:55.5657841Z Reading package lists...
build	Install required packages	2026-07-29T00:46:55.7213370Z Building dependency tree...
build	Install required packages	2026-07-29T00:46:55.7220766Z Reading state information...
build	Install required packages	2026-07-29T00:46:55.8509876Z curl is already the newest version (8.5.0-2ubuntu10.11).
build	Install required packages	2026-07-29T00:46:55.8510654Z unzip is already the newest version (6.0-28ubuntu4.1).
build	Install required packages	2026-07-29T00:46:55.8511421Z xz-utils is already the newest version (5.6.1+really5.4.5-1ubuntu0.3).
build	Install required packages	2026-07-29T00:46:55.8511935Z Suggested packages:
build	Install required packages	2026-07-29T00:46:55.8512251Z   ncompress tar-scripts tar-doc
build	Install required packages	2026-07-29T00:46:55.8677305Z The following packages will be upgraded:
build	Install required packages	2026-07-29T00:46:55.8677741Z   tar wget
build	Install required packages	2026-07-29T00:46:55.8830661Z 2 upgraded, 0 newly installed, 0 to remove and 71 not upgraded.
build	Install required packages	2026-07-29T00:46:55.8831144Z Need to get 590 kB of archives.
build	Install required packages	2026-07-29T00:46:55.8831564Z After this operation, 0 B of additional disk space will be used.
build	Install required packages	2026-07-29T00:46:55.8832058Z Get:1 file:/etc/apt/apt-mirrors.txt Mirrorlist [144 B]
build	Install required packages	2026-07-29T00:46:55.9114213Z Get:2 http://azure.archive.ubuntu.com/ubuntu noble-updates/main amd64 tar amd64 1.35+dfsg-3ubuntu0.4 [256 kB]
build	Install required packages	2026-07-29T00:46:55.9260962Z Get:3 http://azure.archive.ubuntu.com/ubuntu noble-updates/main amd64 wget amd64 1.21.4-1ubuntu4.4 [334 kB]
build	Install required packages	2026-07-29T00:46:56.1686113Z Fetched 590 kB in 0s (10.6 MB/s)
build	Install required packages	2026-07-29T00:46:56.2177550Z (Reading database ... 
build	Install required packages	2026-07-29T00:46:56.2178154Z (Reading database ... 5%
build	Install required packages	2026-07-29T00:46:56.2178706Z (Reading database ... 10%
build	Install required packages	2026-07-29T00:46:56.2179348Z (Reading database ... 15%
build	Install required packages	2026-07-29T00:46:56.2179886Z (Reading database ... 20%
build	Install required packages	2026-07-29T00:46:56.2180317Z (Reading database ... 25%
build	Install required packages	2026-07-29T00:46:56.2180624Z (Reading database ... 30%
build	Install required packages	2026-07-29T00:46:56.2180885Z (Reading database ... 35%
build	Install required packages	2026-07-29T00:46:56.2181137Z (Reading database ... 40%
build	Install required packages	2026-07-29T00:46:56.2181382Z (Reading database ... 45%
build	Install required packages	2026-07-29T00:46:56.2181628Z (Reading database ... 50%
build	Install required packages	2026-07-29T00:46:56.2221275Z (Reading database ... 55%
build	Install required packages	2026-07-29T00:46:56.3005648Z (Reading database ... 60%
build	Install required packages	2026-07-29T00:46:56.5062807Z (Reading database ... 65%
build	Install required packages	2026-07-29T00:46:56.6927975Z (Reading database ... 70%
build	Install required packages	2026-07-29T00:46:56.8097561Z (Reading database ... 75%
build	Install required packages	2026-07-29T00:46:56.9474958Z (Reading database ... 80%
build	Install required packages	2026-07-29T00:46:57.0838387Z (Reading database ... 85%
build	Install required packages	2026-07-29T00:46:57.2032326Z (Reading database ... 90%
build	Install required packages	2026-07-29T00:46:57.3142324Z (Reading database ... 95%
build	Install required packages	2026-07-29T00:46:57.3143087Z (Reading database ... 100%
build	Install required packages	2026-07-29T00:46:57.3143777Z (Reading database ... 202954 files and directories currently installed.)
build	Install required packages	2026-07-29T00:46:57.3185839Z Preparing to unpack .../tar_1.35+dfsg-3ubuntu0.4_amd64.deb ...
build	Install required packages	2026-07-29T00:46:57.3331482Z Unpacking tar (1.35+dfsg-3ubuntu0.4) over (1.35+dfsg-3ubuntu0.3) ...
build	Install required packages	2026-07-29T00:46:57.3820911Z Setting up tar (1.35+dfsg-3ubuntu0.4) ...
build	Install required packages	2026-07-29T00:46:57.4202057Z (Reading database ... 
build	Install required packages	2026-07-29T00:46:57.4202426Z (Reading database ... 5%
build	Install required packages	2026-07-29T00:46:57.4202739Z (Reading database ... 10%
build	Install required packages	2026-07-29T00:46:57.4203035Z (Reading database ... 15%
build	Install required packages	2026-07-29T00:46:57.4203683Z (Reading database ... 20%
build	Install required packages	2026-07-29T00:46:57.4204228Z (Reading database ... 25%
build	Install required packages	2026-07-29T00:46:57.4205005Z (Reading database ... 30%
build	Install required packages	2026-07-29T00:46:57.4205324Z (Reading database ... 35%
build	Install required packages	2026-07-29T00:46:57.4206135Z (Reading database ... 40%
build	Install required packages	2026-07-29T00:46:57.4206437Z (Reading database ... 45%
build	Install required packages	2026-07-29T00:46:57.4206722Z (Reading database ... 50%
build	Install required packages	2026-07-29T00:46:57.4219582Z (Reading database ... 55%
build	Install required packages	2026-07-29T00:46:57.4324238Z (Reading database ... 60%
build	Install required packages	2026-07-29T00:46:57.4352110Z (Reading database ... 65%
build	Install required packages	2026-07-29T00:46:57.4377935Z (Reading database ... 70%
build	Install required packages	2026-07-29T00:46:57.4406688Z (Reading database ... 75%
build	Install required packages	2026-07-29T00:46:57.4442177Z (Reading database ... 80%
build	Install required packages	2026-07-29T00:46:57.4587705Z (Reading database ... 85%
build	Install required packages	2026-07-29T00:46:57.4660703Z (Reading database ... 90%
build	Install required packages	2026-07-29T00:46:57.4888614Z (Reading database ... 95%
build	Install required packages	2026-07-29T00:46:57.4889163Z (Reading database ... 100%
build	Install required packages	2026-07-29T00:46:57.4889855Z (Reading database ... 202954 files and directories currently installed.)
build	Install required packages	2026-07-29T00:46:57.4930355Z Preparing to unpack .../wget_1.21.4-1ubuntu4.4_amd64.deb ...
build	Install required packages	2026-07-29T00:46:57.4962959Z Unpacking wget (1.21.4-1ubuntu4.4) over (1.21.4-1ubuntu4.3) ...
build	Install required packages	2026-07-29T00:46:57.5456535Z Setting up wget (1.21.4-1ubuntu4.4) ...
build	Install required packages	2026-07-29T00:46:57.5497942Z Processing triggers for install-info (7.1-3build2) ...
build	Install required packages	2026-07-29T00:46:57.7861939Z Processing triggers for man-db (2.12.0-4build2) ...
build	Install required packages	2026-07-29T00:46:57.7884615Z Not building database; man-db/auto-update is not 'true'.
build	Install required packages	2026-07-29T00:46:58.4013689Z 
build	Install required packages	2026-07-29T00:46:58.4014501Z Running kernel seems to be up-to-date.
build	Install required packages	2026-07-29T00:46:58.4014831Z 
build	Install required packages	2026-07-29T00:46:58.4015009Z No services need to be restarted.
build	Install required packages	2026-07-29T00:46:58.4015220Z 
build	Install required packages	2026-07-29T00:46:58.4015385Z No containers need to be restarted.
build	Install required packages	2026-07-29T00:46:58.4015960Z 
build	Install required packages	2026-07-29T00:46:58.4016206Z No user sessions are running outdated binaries.
build	Install required packages	2026-07-29T00:46:58.4016464Z 
build	Install required packages	2026-07-29T00:46:59.1990965Z No VM guests are running outdated hypervisor (qemu) binaries on this host.
build	Download third-party sources	﻿2026-07-29T00:46:59.2019465Z ##[group]Run set -eux
build	Download third-party sources	2026-07-29T00:46:59.2019757Z [36;1mset -eux[0m
build	Download third-party sources	2026-07-29T00:46:59.2019950Z [36;1m[0m
build	Download third-party sources	2026-07-29T00:46:59.2020146Z [36;1mchmod +x bz2/downloadBz2.sh[0m
build	Download third-party sources	2026-07-29T00:46:59.2020415Z [36;1mchmod +x lz4/downloadLz4.sh[0m
build	Download third-party sources	2026-07-29T00:46:59.2020703Z [36;1mchmod +x snappy/downloadSnappy.sh[0m
build	Download third-party sources	2026-07-29T00:46:59.2021012Z [36;1mchmod +x zstd/downloadZstd.sh[0m
build	Download third-party sources	2026-07-29T00:46:59.2021263Z [36;1m[0m
build	Download third-party sources	2026-07-29T00:46:59.2021660Z [36;1m./bz2/downloadBz2.sh 1.0.8 ab5a03176ee106d3f0fa90e381da478ddae405918153cca248e682cd0c4a2269[0m
build	Download third-party sources	2026-07-29T00:46:59.2022169Z [36;1m./lz4/downloadLz4.sh 1.10.0[0m
build	Download third-party sources	2026-07-29T00:46:59.2022666Z [36;1m./snappy/downloadSnappy.sh 1.2.2 90f74bc1fbf78a6c56b3c4a082a05103b3a56bb17bca1a27e052ea11723292dc[0m
build	Download third-party sources	2026-07-29T00:46:59.2023386Z [36;1m./zstd/downloadZstd.sh 1.5.7 eb33e51f49a15e023950cd7825ca74a4a2b43db8354825ac24fc1b7ee09e6fa3[0m
build	Download third-party sources	2026-07-29T00:46:59.2023846Z [36;1m[0m
build	Download third-party sources	2026-07-29T00:46:59.2024034Z [36;1mecho "=== Verificando ==="[0m
build	Download third-party sources	2026-07-29T00:46:59.2024312Z [36;1m[0m
build	Download third-party sources	2026-07-29T00:46:59.2024488Z [36;1mls -lah bz2[0m
build	Download third-party sources	2026-07-29T00:46:59.2024700Z [36;1mls -lah lz4[0m
build	Download third-party sources	2026-07-29T00:46:59.2024905Z [36;1mls -lah snappy[0m
build	Download third-party sources	2026-07-29T00:46:59.2025122Z [36;1mls -lah zstd[0m
build	Download third-party sources	2026-07-29T00:46:59.2025317Z [36;1m[0m
build	Download third-party sources	2026-07-29T00:46:59.2025786Z [36;1m[0m
build	Download third-party sources	2026-07-29T00:46:59.2026032Z [36;1mecho "=== Corrigindo estrutura Snappy ==="[0m
build	Download third-party sources	2026-07-29T00:46:59.2026324Z [36;1m[0m
build	Download third-party sources	2026-07-29T00:46:59.2026536Z [36;1mif [ ! -d snappy/snappy-1.2.2 ]; then[0m
build	Download third-party sources	2026-07-29T00:46:59.2026975Z [36;1m  FOUND=$(find snappy -maxdepth 3 -type d -name "snappy-1.2.2" | head -1 || true)[0m
build	Download third-party sources	2026-07-29T00:46:59.2027571Z [36;1m[0m
build	Download third-party sources	2026-07-29T00:46:59.2027758Z [36;1m  if [ -n "$FOUND" ]; then[0m
build	Download third-party sources	2026-07-29T00:46:59.2028039Z [36;1m    mv "$FOUND" snappy/snappy-1.2.2[0m
build	Download third-party sources	2026-07-29T00:46:59.2028324Z [36;1m  else[0m
build	Download third-party sources	2026-07-29T00:46:59.2028605Z [36;1m    echo "Snappy não encontrado após download"[0m
build	Download third-party sources	2026-07-29T00:46:59.2028953Z [36;1m    find snappy -maxdepth 3 -type d[0m
build	Download third-party sources	2026-07-29T00:46:59.2029233Z [36;1m    exit 1[0m
build	Download third-party sources	2026-07-29T00:46:59.2029429Z [36;1m  fi[0m
build	Download third-party sources	2026-07-29T00:46:59.2029610Z [36;1mfi[0m
build	Download third-party sources	2026-07-29T00:46:59.2029782Z [36;1m[0m
build	Download third-party sources	2026-07-29T00:46:59.2029976Z [36;1mtest -d snappy/snappy-1.2.2[0m
build	Download third-party sources	2026-07-29T00:46:59.2077527Z shell: /usr/bin/bash --noprofile --norc -e -o pipefail {0}
build	Download third-party sources	2026-07-29T00:46:59.2077882Z env:
build	Download third-party sources	2026-07-29T00:46:59.2078197Z   JAVA_HOME: /opt/hostedtoolcache/Java_Temurin-Hotspot_jdk/21.0.11-10/x64
build	Download third-party sources	2026-07-29T00:46:59.2078711Z   JAVA_HOME_21_X64: /opt/hostedtoolcache/Java_Temurin-Hotspot_jdk/21.0.11-10/x64
build	Download third-party sources	2026-07-29T00:46:59.2079129Z   ANDROID_HOME: /usr/local/lib/android/sdk
build	Download third-party sources	2026-07-29T00:46:59.2079422Z   ANDROID_SDK_ROOT: /usr/local/lib/android/sdk
build	Download third-party sources	2026-07-29T00:46:59.2079691Z ##[endgroup]
build	Download third-party sources	2026-07-29T00:46:59.2142138Z + chmod +x bz2/downloadBz2.sh
build	Download third-party sources	2026-07-29T00:46:59.2152916Z + chmod +x lz4/downloadLz4.sh
build	Download third-party sources	2026-07-29T00:46:59.2162820Z + chmod +x snappy/downloadSnappy.sh
build	Download third-party sources	2026-07-29T00:46:59.2172551Z + chmod +x zstd/downloadZstd.sh
build	Download third-party sources	2026-07-29T00:46:59.2182721Z + ./bz2/downloadBz2.sh 1.0.8 ab5a03176ee106d3f0fa90e381da478ddae405918153cca248e682cd0c4a2269
build	Download third-party sources	2026-07-29T00:46:59.2203152Z Downloading bzip2 1.0.8 ...
build	Download third-party sources	2026-07-29T00:46:59.4189472Z Verifying bzip2-1.0.8...
build	Download third-party sources	2026-07-29T00:46:59.4649403Z bzip2 1.0.8 downloaded and extracted successfully!
build	Download third-party sources	2026-07-29T00:46:59.4651779Z + ./lz4/downloadLz4.sh 1.10.0
build	Download third-party sources	2026-07-29T00:46:59.4672073Z Downloading lz4 1.10.0 into lz4 ...
build	Download third-party sources	2026-07-29T00:46:59.6182375Z + ./snappy/downloadSnappy.sh 1.2.2 90f74bc1fbf78a6c56b3c4a082a05103b3a56bb17bca1a27e052ea11723292dc
build	Download third-party sources	2026-07-29T00:46:59.6204140Z Downloading snappy-1.2.2...
build	Download third-party sources	2026-07-29T00:46:59.9450486Z Verifying snappy-1.2.2...
build	Download third-party sources	2026-07-29T00:46:59.9909463Z snappy 1.2.2 downloaded and extracted successfully!
build	Download third-party sources	2026-07-29T00:46:59.9912627Z + ./zstd/downloadZstd.sh 1.5.7 eb33e51f49a15e023950cd7825ca74a4a2b43db8354825ac24fc1b7ee09e6fa3
build	Download third-party sources	2026-07-29T00:46:59.9933206Z Downloading zstd 1.5.7 ...
build	Download third-party sources	2026-07-29T00:47:00.0799201Z Verifying zstd-1.5.7...
build	Download third-party sources	2026-07-29T00:47:00.1624352Z zstd 1.5.7 downloaded and extracted successfully!
build	Download third-party sources	2026-07-29T00:47:00.1627171Z + echo '=== Verificando ==='
build	Download third-party sources	2026-07-29T00:47:00.1627684Z === Verificando ===
build	Download third-party sources	2026-07-29T00:47:00.1628223Z + ls -lah bz2
build	Download third-party sources	2026-07-29T00:47:00.1641227Z total 20K
build	Download third-party sources	2026-07-29T00:47:00.1641593Z drwxr-xr-x  2 runner runner 4.0K Jul 29 00:46 .
build	Download third-party sources	2026-07-29T00:47:00.1642016Z drwxr-xr-x 14 runner runner 4.0K Jul 29 00:47 ..
build	Download third-party sources	2026-07-29T00:47:00.1642647Z -rw-r--r--  1 runner runner 1.2K Jul 29 00:46 CMakeLists.txt
build	Download third-party sources	2026-07-29T00:47:00.1643505Z -rw-r--r--  1 runner runner 1.4K Jul 29 00:46 build.gradle.kts
build	Download third-party sources	2026-07-29T00:47:00.1644573Z -rwxr-xr-x  1 runner runner 1.1K Jul 29 00:46 downloadBz2.sh
build	Download third-party sources	2026-07-29T00:47:00.1645145Z + ls -lah lz4
build	Download third-party sources	2026-07-29T00:47:00.1655747Z total 24K
build	Download third-party sources	2026-07-29T00:47:00.1656062Z drwxr-xr-x  3 runner runner 4.0K Jul 29 00:46 .
build	Download third-party sources	2026-07-29T00:47:00.1656460Z drwxr-xr-x 14 runner runner 4.0K Jul 29 00:47 ..
build	Download third-party sources	2026-07-29T00:47:00.1656874Z -rw-r--r--  1 runner runner 1000 Jul 29 00:46 CMakeLists.txt
build	Download third-party sources	2026-07-29T00:47:00.1657683Z -rw-r--r--  1 runner runner 1.3K Jul 29 00:46 build.gradle.kts
build	Download third-party sources	2026-07-29T00:47:00.1658553Z -rwxr-xr-x  1 runner runner  426 Jul 29 00:46 downloadLz4.sh
build	Download third-party sources	2026-07-29T00:47:00.1659607Z drwxr-xr-x 12 runner runner 4.0K Jul 21  2024 lz4-1.10.0
build	Download third-party sources	2026-07-29T00:47:00.1659965Z + ls -lah snappy
build	Download third-party sources	2026-07-29T00:47:00.1669922Z total 20K
build	Download third-party sources	2026-07-29T00:47:00.1670239Z drwxr-xr-x  2 runner runner 4.0K Jul 29 00:46 .
build	Download third-party sources	2026-07-29T00:47:00.1670629Z drwxr-xr-x 14 runner runner 4.0K Jul 29 00:47 ..
build	Download third-party sources	2026-07-29T00:47:00.1671057Z -rw-r--r--  1 runner runner  436 Jul 29 00:46 CMakeLists.txt
build	Download third-party sources	2026-07-29T00:47:00.1672257Z -rw-r--r--  1 runner runner 1.4K Jul 29 00:46 build.gradle.kts
build	Download third-party sources	2026-07-29T00:47:00.1673402Z -rwxr-xr-x  1 runner runner 1.3K Jul 29 00:46 downloadSnappy.sh
build	Download third-party sources	2026-07-29T00:47:00.1673919Z + ls -lah zstd
build	Download third-party sources	2026-07-29T00:47:00.1683821Z total 16K
build	Download third-party sources	2026-07-29T00:47:00.1684150Z drwxr-xr-x  2 runner runner 4.0K Jul 29 00:46 .
build	Download third-party sources	2026-07-29T00:47:00.1684560Z drwxr-xr-x 14 runner runner 4.0K Jul 29 00:47 ..
build	Download third-party sources	2026-07-29T00:47:00.1685095Z -rw-r--r--  1 runner runner 1.4K Jul 29 00:46 build.gradle.kts
build	Download third-party sources	2026-07-29T00:47:00.1686540Z -rwxr-xr-x  1 runner runner 1.1K Jul 29 00:46 downloadZstd.sh
build	Download third-party sources	2026-07-29T00:47:00.1687327Z + echo '=== Corrigindo estrutura Snappy ==='
build	Download third-party sources	2026-07-29T00:47:00.1688091Z + '[' '!' -d snappy/snappy-1.2.2 ']'
build	Download third-party sources	2026-07-29T00:47:00.1688651Z === Corrigindo estrutura Snappy ===
build	Download third-party sources	2026-07-29T00:47:00.1691889Z ++ find snappy -maxdepth 3 -type d -name snappy-1.2.2
build	Download third-party sources	2026-07-29T00:47:00.1692741Z ++ head -1
build	Download third-party sources	2026-07-29T00:47:00.1706359Z + FOUND=
build	Download third-party sources	2026-07-29T00:47:00.1706761Z + '[' -n '' ']'
build	Download third-party sources	2026-07-29T00:47:00.1707730Z + echo 'Snappy não encontrado após download'
build	Download third-party sources	2026-07-29T00:47:00.1708692Z + find snappy -maxdepth 3 -type d
build	Download third-party sources	2026-07-29T00:47:00.1709455Z Snappy não encontrado após download
build	Download third-party sources	2026-07-29T00:47:00.1720748Z snappy
build	Download third-party sources	2026-07-29T00:47:00.1722658Z + exit 1
build	Download third-party sources	2026-07-29T00:47:00.1735105Z ##[error]Process completed with exit code 1.
build	List outputs	﻿2026-07-29T00:47:00.1814139Z ##[group]Run find . -type f | grep -Ei "\.(aar|so|jar)$" || true
build	List outputs	2026-07-29T00:47:00.1814631Z [36;1mfind . -type f | grep -Ei "\.(aar|so|jar)$" || true[0m
build	List outputs	2026-07-29T00:47:00.1857771Z shell: /usr/bin/bash -e {0}
build	List outputs	2026-07-29T00:47:00.1858023Z env:
build	List outputs	2026-07-29T00:47:00.1858333Z   JAVA_HOME: /opt/hostedtoolcache/Java_Temurin-Hotspot_jdk/21.0.11-10/x64
build	List outputs	2026-07-29T00:47:00.1858830Z   JAVA_HOME_21_X64: /opt/hostedtoolcache/Java_Temurin-Hotspot_jdk/21.0.11-10/x64
build	List outputs	2026-07-29T00:47:00.1859228Z   ANDROID_HOME: /usr/local/lib/android/sdk
build	List outputs	2026-07-29T00:47:00.1859534Z   ANDROID_SDK_ROOT: /usr/local/lib/android/sdk
build	List outputs	2026-07-29T00:47:00.1859810Z ##[endgroup]
build	List outputs	2026-07-29T00:47:00.2006429Z ./gradle/wrapper/gradle-wrapper.jar
build	Upload Native Libraries	﻿2026-07-29T00:47:00.2057519Z Node 20 is being deprecated. This workflow is running with Node 24 by default. If you need to temporarily use Node 20, you can set the ACTIONS_ALLOW_USE_UNSECURE_NODE_VERSION=true environment variable. For more information see: https://github.blog/changelog/2025-09-19-deprecation-of-node-20-on-github-actions-runners/
build	Upload Native Libraries	2026-07-29T00:47:00.2058824Z ##[group]Run actions/upload-artifact@v4
build	Upload Native Libraries	2026-07-29T00:47:00.2059100Z with:
build	Upload Native Libraries	2026-07-29T00:47:00.2059302Z   name: rocksdb-native-libs
build	Upload Native Libraries	2026-07-29T00:47:00.2059535Z   path: **/*.so
build	Upload Native Libraries	
build	Upload Native Libraries	2026-07-29T00:47:00.2059759Z   if-no-files-found: warn
build	Upload Native Libraries	2026-07-29T00:47:00.2060000Z   compression-level: 6
build	Upload Native Libraries	2026-07-29T00:47:00.2060213Z   overwrite: false
build	Upload Native Libraries	2026-07-29T00:47:00.2060420Z   include-hidden-files: false
build	Upload Native Libraries	2026-07-29T00:47:00.2060647Z env:
build	Upload Native Libraries	2026-07-29T00:47:00.2060961Z   JAVA_HOME: /opt/hostedtoolcache/Java_Temurin-Hotspot_jdk/21.0.11-10/x64
build	Upload Native Libraries	2026-07-29T00:47:00.2061455Z   JAVA_HOME_21_X64: /opt/hostedtoolcache/Java_Temurin-Hotspot_jdk/21.0.11-10/x64
build	Upload Native Libraries	2026-07-29T00:47:00.2061874Z   ANDROID_HOME: /usr/local/lib/android/sdk
build	Upload Native Libraries	2026-07-29T00:47:00.2062198Z   ANDROID_SDK_ROOT: /usr/local/lib/android/sdk
build	Upload Native Libraries	2026-07-29T00:47:00.2062469Z ##[endgroup]
build	Upload Native Libraries	2026-07-29T00:47:00.3694930Z (node:3375) [DEP0040] DeprecationWarning: The `punycode` module is deprecated. Please use a userland alternative instead.
build	Upload Native Libraries	2026-07-29T00:47:00.3696258Z (Use `node --trace-deprecation ...` to show where the warning was created)
build	Upload Native Libraries	2026-07-29T00:47:00.6902422Z ##[warning]No files were found with the provided path: **/*.so. No artifacts will be uploaded.
build	Upload Build Logs	﻿2026-07-29T00:47:00.7034297Z Node 20 is being deprecated. This workflow is running with Node 24 by default. If you need to temporarily use Node 20, you can set the ACTIONS_ALLOW_USE_UNSECURE_NODE_VERSION=true environment variable. For more information see: https://github.blog/changelog/2025-09-19-deprecation-of-node-20-on-github-actions-runners/
build	Upload Build Logs	2026-07-29T00:47:00.7036087Z ##[group]Run actions/upload-artifact@v4
build	Upload Build Logs	2026-07-29T00:47:00.7036562Z with:
build	Upload Build Logs	2026-07-29T00:47:00.7036750Z   name: gradle-logs
build	Upload Build Logs	2026-07-29T00:47:00.7037035Z   path: **/build/reports/**
build	Upload Build Logs	**/build/outputs/logs/**
build	Upload Build Logs	**/*.log
build	Upload Build Logs	
build	Upload Build Logs	2026-07-29T00:47:00.7037386Z   if-no-files-found: warn
build	Upload Build Logs	2026-07-29T00:47:00.7037623Z   compression-level: 6
build	Upload Build Logs	2026-07-29T00:47:00.7037830Z   overwrite: false
build	Upload Build Logs	2026-07-29T00:47:00.7038036Z   include-hidden-files: false
build	Upload Build Logs	2026-07-29T00:47:00.7038261Z env:
build	Upload Build Logs	2026-07-29T00:47:00.7038547Z   JAVA_HOME: /opt/hostedtoolcache/Java_Temurin-Hotspot_jdk/21.0.11-10/x64
build	Upload Build Logs	2026-07-29T00:47:00.7039052Z   JAVA_HOME_21_X64: /opt/hostedtoolcache/Java_Temurin-Hotspot_jdk/21.0.11-10/x64
build	Upload Build Logs	2026-07-29T00:47:00.7039496Z   ANDROID_HOME: /usr/local/lib/android/sdk
build	Upload Build Logs	2026-07-29T00:47:00.7039784Z   ANDROID_SDK_ROOT: /usr/local/lib/android/sdk
build	Upload Build Logs	2026-07-29T00:47:00.7040052Z ##[endgroup]
build	Upload Build Logs	2026-07-29T00:47:00.8626174Z (node:3387) [DEP0040] DeprecationWarning: The `punycode` module is deprecated. Please use a userland alternative instead.
build	Upload Build Logs	2026-07-29T00:47:00.8627032Z (Use `node --trace-deprecation ...` to show where the warning was created)
build	Upload Build Logs	2026-07-29T00:47:01.2088533Z With the provided path, there will be 4 files uploaded
build	Upload Build Logs	2026-07-29T00:47:01.2090350Z Artifact name is valid!
build	Upload Build Logs	2026-07-29T00:47:01.2090895Z Root directory input is valid!
build	Upload Build Logs	2026-07-29T00:47:01.3378743Z Beginning upload of artifact content to blob storage
build	Upload Build Logs	2026-07-29T00:47:01.3862057Z (node:3387) [DEP0169] DeprecationWarning: `url.parse()` behavior is not standardized and prone to errors that have security implications. Use the WHATWG URL API instead. CVEs are not issued for `url.parse()` vulnerabilities.
build	Upload Build Logs	2026-07-29T00:47:01.4504431Z Uploaded bytes 226473
build	Upload Build Logs	2026-07-29T00:47:01.4677875Z Finished uploading artifact content to blob storage!
build	Upload Build Logs	2026-07-29T00:47:01.4679175Z SHA256 digest of uploaded artifact zip is 70a5a9f2717bfec3b30813a31ab7cbab9c66318a411e0d13b329d741b93279dc
build	Upload Build Logs	2026-07-29T00:47:01.4681395Z Finalizing artifact upload
build	Upload Build Logs	2026-07-29T00:47:01.6278539Z Artifact gradle-logs.zip successfully finalized. Artifact ID 8708796423
build	Upload Build Logs	2026-07-29T00:47:01.6279719Z Artifact gradle-logs has been successfully uploaded! Final size is 226473 bytes. Artifact ID is 8708796423
build	Upload Build Logs	2026-07-29T00:47:01.6284614Z Artifact download URL: https://github.com/NKellerMC/rocksdb-android/actions/runs/30412128912/artifacts/8708796423
build	Post Setup Java	﻿2026-07-29T00:47:01.6473917Z Node 20 is being deprecated. This workflow is running with Node 24 by default. If you need to temporarily use Node 20, you can set the ACTIONS_ALLOW_USE_UNSECURE_NODE_VERSION=true environment variable. For more information see: https://github.blog/changelog/2025-09-19-deprecation-of-node-20-on-github-actions-runners/
build	Post Setup Java	2026-07-29T00:47:01.6475227Z Post job cleanup.
build	Post Setup Java	2026-07-29T00:47:01.7747483Z (node:3399) [DEP0040] DeprecationWarning: The `punycode` module is deprecated. Please use a userland alternative instead.
build	Post Setup Java	2026-07-29T00:47:01.7749334Z (Use `node --trace-deprecation ...` to show where the warning was created)
build	Post Checkout repository	﻿2026-07-29T00:47:01.7953745Z Node 20 is being deprecated. This workflow is running with Node 24 by default. If you need to temporarily use Node 20, you can set the ACTIONS_ALLOW_USE_UNSECURE_NODE_VERSION=true environment variable. For more information see: https://github.blog/changelog/2025-09-19-deprecation-of-node-20-on-github-actions-runners/
build	Post Checkout repository	2026-07-29T00:47:01.7955227Z Post job cleanup.
build	Post Checkout repository	2026-07-29T00:47:01.9028735Z [command]/usr/bin/git version
build	Post Checkout repository	2026-07-29T00:47:01.9076249Z git version 2.54.0
build	Post Checkout repository	2026-07-29T00:47:01.9136524Z Temporarily overriding HOME='/home/runner/work/_temp/52b25f6d-69b9-4353-b12c-62a897b7af57' before making global git config changes
build	Post Checkout repository	2026-07-29T00:47:01.9138434Z Adding repository directory to the temporary git global config as a safe directory
build	Post Checkout repository	2026-07-29T00:47:01.9143257Z [command]/usr/bin/git config --global --add safe.directory /home/runner/work/rocksdb-android/rocksdb-android
build	Post Checkout repository	2026-07-29T00:47:01.9192571Z [command]/usr/bin/git config --local --name-only --get-regexp core\.sshCommand
build	Post Checkout repository	2026-07-29T00:47:01.9231727Z [command]/usr/bin/git submodule foreach --recursive sh -c "git config --local --name-only --get-regexp 'core\.sshCommand' && git config --local --unset-all 'core.sshCommand' || :"
build	Post Checkout repository	2026-07-29T00:47:01.9486501Z [command]/usr/bin/git config --local --name-only --get-regexp http\.https\:\/\/github\.com\/\.extraheader
build	Post Checkout repository	2026-07-29T00:47:01.9513282Z http.https://github.com/.extraheader
build	Post Checkout repository	2026-07-29T00:47:01.9526114Z [command]/usr/bin/git config --local --unset-all http.https://github.com/.extraheader
build	Post Checkout repository	2026-07-29T00:47:01.9560795Z [command]/usr/bin/git submodule foreach --recursive sh -c "git config --local --name-only --get-regexp 'http\.https\:\/\/github\.com\/\.extraheader' && git config --local --unset-all 'http.https://github.com/.extraheader' || :"
build	Post Checkout repository	2026-07-29T00:47:01.9853083Z [command]/usr/bin/git config --local --name-only --get-regexp ^includeIf\.gitdir:
build	Post Checkout repository	2026-07-29T00:47:01.9894826Z [command]/usr/bin/git submodule foreach --recursive git config --local --show-origin --name-only --get-regexp remote.origin.url
build	Complete job	﻿2026-07-29T00:47:02.0290479Z Cleaning up orphan processes
build	Complete job	2026-07-29T00:47:02.0615862Z ##[warning]Node.js 20 is deprecated. The following actions target Node.js 20 but are being forced to run on Node.js 24: actions/checkout@v4, actions/setup-java@v4, actions/upload-artifact@v4, android-actions/setup-android@v3. For more information see: https://github.blog/changelog/2025-09-19-deprecation-of-node-20-on-github-actions-runners/
