build	Set up job	﻿2026-07-29T00:35:40.6632254Z Current runner version: '2.336.0'
build	Set up job	2026-07-29T00:35:40.6657636Z ##[group]Runner Image Provisioner
build	Set up job	2026-07-29T00:35:40.6658582Z Hosted Compute Agent
build	Set up job	2026-07-29T00:35:40.6659194Z Version: 20260707.563
build	Set up job	2026-07-29T00:35:40.6659906Z Commit: 02667638d2b423fbc733a8e32a88b44996a3ba6e
build	Set up job	2026-07-29T00:35:40.6660609Z Build Date: 2026-07-07T19:33:50Z
build	Set up job	2026-07-29T00:35:40.6661631Z Worker ID: {b59ae935-df2c-4b33-8653-4c365b24e631}
build	Set up job	2026-07-29T00:35:40.6662354Z Azure Region: westus
build	Set up job	2026-07-29T00:35:40.6662948Z ##[endgroup]
build	Set up job	2026-07-29T00:35:40.6664481Z ##[group]Operating System
build	Set up job	2026-07-29T00:35:40.6665116Z Ubuntu
build	Set up job	2026-07-29T00:35:40.6665635Z 24.04.4
build	Set up job	2026-07-29T00:35:40.6666215Z LTS
build	Set up job	2026-07-29T00:35:40.6666714Z ##[endgroup]
build	Set up job	2026-07-29T00:35:40.6667276Z ##[group]Runner Image
build	Set up job	2026-07-29T00:35:40.6667917Z Image: ubuntu-24.04
build	Set up job	2026-07-29T00:35:40.6668454Z Version: 20260720.247.2
build	Set up job	2026-07-29T00:35:40.6669570Z Included Software: https://github.com/actions/runner-images/blob/ubuntu24/20260720.247/images/ubuntu/Ubuntu2404-Readme.md
build	Set up job	2026-07-29T00:35:40.6671671Z Image Release: https://github.com/actions/runner-images/releases/tag/ubuntu24%2F20260720.247
build	Set up job	2026-07-29T00:35:40.6672685Z ##[endgroup]
build	Set up job	2026-07-29T00:35:40.6674267Z ##[group]GITHUB_TOKEN Permissions
build	Set up job	2026-07-29T00:35:40.6676394Z Contents: read
build	Set up job	2026-07-29T00:35:40.6676995Z Metadata: read
build	Set up job	2026-07-29T00:35:40.6677623Z Packages: read
build	Set up job	2026-07-29T00:35:40.6678202Z ##[endgroup]
build	Set up job	2026-07-29T00:35:40.6680234Z Secret source: Actions
build	Set up job	2026-07-29T00:35:40.6681880Z Prepare workflow directory
build	Set up job	2026-07-29T00:35:40.7019960Z Prepare all required actions
build	Set up job	2026-07-29T00:35:40.7072415Z Getting action download info
build	Set up job	2026-07-29T00:35:41.0837749Z Download action repository 'actions/checkout@v4' (SHA:11d5960a326750d5838078e36cf38b85af677262)
build	Set up job	2026-07-29T00:35:41.6235962Z Download action repository 'actions/setup-java@v4' (SHA:c1e323688fd81a25caa38c78aa6df2d33d3e20d9)
build	Set up job	2026-07-29T00:35:42.1357378Z Download action repository 'android-actions/setup-android@v3' (SHA:9fc6c4e9069bf8d3d10b2204b1fb8f6ef7065407)
build	Set up job	2026-07-29T00:35:42.4665501Z Download action repository 'actions/upload-artifact@v4' (SHA:ea165f8d65b6e75b540449e92b4886f43607fa02)
build	Set up job	2026-07-29T00:35:42.7195946Z Complete job name: build
build	Checkout repository	﻿2026-07-29T00:35:42.8291217Z Node 20 is being deprecated. This workflow is running with Node 24 by default. If you need to temporarily use Node 20, you can set the ACTIONS_ALLOW_USE_UNSECURE_NODE_VERSION=true environment variable. For more information see: https://github.blog/changelog/2025-09-19-deprecation-of-node-20-on-github-actions-runners/
build	Checkout repository	2026-07-29T00:35:42.8302394Z ##[group]Run actions/checkout@v4
build	Checkout repository	2026-07-29T00:35:42.8303828Z with:
build	Checkout repository	2026-07-29T00:35:42.8304769Z   repository: NKellerMC/rocksdb-android
build	Checkout repository	2026-07-29T00:35:42.8313120Z   token: ***
build	Checkout repository	2026-07-29T00:35:42.8314126Z   ssh-strict: true
build	Checkout repository	2026-07-29T00:35:42.8315022Z   ssh-user: git
build	Checkout repository	2026-07-29T00:35:42.8316014Z   persist-credentials: true
build	Checkout repository	2026-07-29T00:35:42.8317038Z   clean: true
build	Checkout repository	2026-07-29T00:35:42.8317952Z   sparse-checkout-cone-mode: true
build	Checkout repository	2026-07-29T00:35:42.8319069Z   fetch-depth: 1
build	Checkout repository	2026-07-29T00:35:42.8320098Z   fetch-tags: false
build	Checkout repository	2026-07-29T00:35:42.8321375Z   show-progress: true
build	Checkout repository	2026-07-29T00:35:42.8322464Z   lfs: false
build	Checkout repository	2026-07-29T00:35:42.8323322Z   submodules: false
build	Checkout repository	2026-07-29T00:35:42.8324408Z   set-safe-directory: true
build	Checkout repository	2026-07-29T00:35:42.8325492Z   allow-unsafe-pr-checkout: false
build	Checkout repository	2026-07-29T00:35:42.8326993Z ##[endgroup]
build	Checkout repository	2026-07-29T00:35:42.9438463Z Syncing repository: NKellerMC/rocksdb-android
build	Checkout repository	2026-07-29T00:35:42.9441611Z ##[group]Getting Git version info
build	Checkout repository	2026-07-29T00:35:42.9443113Z Working directory is '/home/runner/work/rocksdb-android/rocksdb-android'
build	Checkout repository	2026-07-29T00:35:42.9445297Z [command]/usr/bin/git version
build	Checkout repository	2026-07-29T00:35:42.9483713Z git version 2.54.0
build	Checkout repository	2026-07-29T00:35:42.9540221Z ##[endgroup]
build	Checkout repository	2026-07-29T00:35:42.9558598Z Temporarily overriding HOME='/home/runner/work/_temp/7606d570-e069-490d-a992-23e62ffb294f' before making global git config changes
build	Checkout repository	2026-07-29T00:35:42.9563873Z Adding repository directory to the temporary git global config as a safe directory
build	Checkout repository	2026-07-29T00:35:42.9567686Z [command]/usr/bin/git config --global --add safe.directory /home/runner/work/rocksdb-android/rocksdb-android
build	Checkout repository	2026-07-29T00:35:42.9624576Z Deleting the contents of '/home/runner/work/rocksdb-android/rocksdb-android'
build	Checkout repository	2026-07-29T00:35:42.9629756Z ##[group]Initializing the repository
build	Checkout repository	2026-07-29T00:35:42.9634613Z [command]/usr/bin/git init /home/runner/work/rocksdb-android/rocksdb-android
build	Checkout repository	2026-07-29T00:35:42.9752133Z hint: Using 'master' as the name for the initial branch. This default branch name
build	Checkout repository	2026-07-29T00:35:42.9755540Z hint: will change to "main" in Git 3.0. To configure the initial branch name
build	Checkout repository	2026-07-29T00:35:42.9758604Z hint: to use in all of your new repositories, which will suppress this warning,
build	Checkout repository	2026-07-29T00:35:42.9761507Z hint: call:
build	Checkout repository	2026-07-29T00:35:42.9762736Z hint:
build	Checkout repository	2026-07-29T00:35:42.9764237Z hint: 	git config --global init.defaultBranch <name>
build	Checkout repository	2026-07-29T00:35:42.9766191Z hint:
build	Checkout repository	2026-07-29T00:35:42.9767981Z hint: Names commonly chosen instead of 'master' are 'main', 'trunk' and
build	Checkout repository	2026-07-29T00:35:42.9772630Z hint: 'development'. The just-created branch can be renamed via this command:
build	Checkout repository	2026-07-29T00:35:42.9780147Z hint:
build	Checkout repository	2026-07-29T00:35:42.9781699Z hint: 	git branch -m <name>
build	Checkout repository	2026-07-29T00:35:42.9783216Z hint:
build	Checkout repository	2026-07-29T00:35:42.9785261Z hint: Disable this message with "git config set advice.defaultBranchName false"
build	Checkout repository	2026-07-29T00:35:42.9789139Z Initialized empty Git repository in /home/runner/work/rocksdb-android/rocksdb-android/.git/
build	Checkout repository	2026-07-29T00:35:42.9799125Z [command]/usr/bin/git remote add origin https://github.com/NKellerMC/rocksdb-android
build	Checkout repository	2026-07-29T00:35:42.9843380Z ##[endgroup]
build	Checkout repository	2026-07-29T00:35:42.9845707Z ##[group]Disabling automatic garbage collection
build	Checkout repository	2026-07-29T00:35:42.9847792Z [command]/usr/bin/git config --local gc.auto 0
build	Checkout repository	2026-07-29T00:35:42.9885237Z ##[endgroup]
build	Checkout repository	2026-07-29T00:35:42.9887442Z ##[group]Setting up auth
build	Checkout repository	2026-07-29T00:35:42.9891245Z [command]/usr/bin/git config --local --name-only --get-regexp core\.sshCommand
build	Checkout repository	2026-07-29T00:35:42.9927888Z [command]/usr/bin/git submodule foreach --recursive sh -c "git config --local --name-only --get-regexp 'core\.sshCommand' && git config --local --unset-all 'core.sshCommand' || :"
build	Checkout repository	2026-07-29T00:35:43.0313805Z [command]/usr/bin/git config --local --name-only --get-regexp http\.https\:\/\/github\.com\/\.extraheader
build	Checkout repository	2026-07-29T00:35:43.0355606Z [command]/usr/bin/git submodule foreach --recursive sh -c "git config --local --name-only --get-regexp 'http\.https\:\/\/github\.com\/\.extraheader' && git config --local --unset-all 'http.https://github.com/.extraheader' || :"
build	Checkout repository	2026-07-29T00:35:43.0590053Z [command]/usr/bin/git config --local --name-only --get-regexp ^includeIf\.gitdir:
build	Checkout repository	2026-07-29T00:35:43.0630203Z [command]/usr/bin/git submodule foreach --recursive git config --local --show-origin --name-only --get-regexp remote.origin.url
build	Checkout repository	2026-07-29T00:35:43.0859446Z [command]/usr/bin/git config --local http.https://github.com/.extraheader AUTHORIZATION: basic ***
build	Checkout repository	2026-07-29T00:35:43.0900549Z ##[endgroup]
build	Checkout repository	2026-07-29T00:35:43.0903377Z ##[group]Fetching the repository
build	Checkout repository	2026-07-29T00:35:43.0913985Z [command]/usr/bin/git -c protocol.version=2 fetch --no-tags --prune --no-recurse-submodules --depth=1 origin +e7f24c6ee278328a24d86a9862fdd08578aef51b:refs/remotes/origin/main
build	Checkout repository	2026-07-29T00:35:43.4959764Z From https://github.com/NKellerMC/rocksdb-android
build	Checkout repository	2026-07-29T00:35:43.4962133Z  * [new ref]         e7f24c6ee278328a24d86a9862fdd08578aef51b -> origin/main
build	Checkout repository	2026-07-29T00:35:43.4994324Z ##[endgroup]
build	Checkout repository	2026-07-29T00:35:43.4995264Z ##[group]Determining the checkout info
build	Checkout repository	2026-07-29T00:35:43.4997936Z ##[endgroup]
build	Checkout repository	2026-07-29T00:35:43.5004646Z [command]/usr/bin/git sparse-checkout disable
build	Checkout repository	2026-07-29T00:35:43.5054143Z [command]/usr/bin/git config --local --unset-all extensions.worktreeConfig
build	Checkout repository	2026-07-29T00:35:43.5085826Z ##[group]Checking out the ref
build	Checkout repository	2026-07-29T00:35:43.5089990Z [command]/usr/bin/git checkout --progress --force -B main refs/remotes/origin/main
build	Checkout repository	2026-07-29T00:35:43.5164021Z Switched to a new branch 'main'
build	Checkout repository	2026-07-29T00:35:43.5167545Z branch 'main' set up to track 'origin/main'.
build	Checkout repository	2026-07-29T00:35:43.5181297Z ##[endgroup]
build	Checkout repository	2026-07-29T00:35:43.5223365Z [command]/usr/bin/git log -1 --format=%H
build	Checkout repository	2026-07-29T00:35:43.5249804Z e7f24c6ee278328a24d86a9862fdd08578aef51b
build	Clone RocksDB	﻿2026-07-29T00:35:43.5468706Z ##[group]Run rm -rf rocksdb
build	Clone RocksDB	2026-07-29T00:35:43.5469417Z [36;1mrm -rf rocksdb[0m
build	Clone RocksDB	2026-07-29T00:35:43.5469929Z [36;1mgit clone --depth 1 https://github.com/marykdb/rocksdb.git rocksdb[0m
build	Clone RocksDB	2026-07-29T00:35:43.5470504Z [36;1mcd rocksdb[0m
build	Clone RocksDB	2026-07-29T00:35:43.5471226Z [36;1mgit submodule update --init --recursive || true[0m
build	Clone RocksDB	2026-07-29T00:35:43.5523792Z shell: /usr/bin/bash -e {0}
build	Clone RocksDB	2026-07-29T00:35:43.5524189Z ##[endgroup]
build	Clone RocksDB	2026-07-29T00:35:43.5634066Z Cloning into 'rocksdb'...
build	Setup Java	﻿2026-07-29T00:35:45.4986466Z Node 20 is being deprecated. This workflow is running with Node 24 by default. If you need to temporarily use Node 20, you can set the ACTIONS_ALLOW_USE_UNSECURE_NODE_VERSION=true environment variable. For more information see: https://github.blog/changelog/2025-09-19-deprecation-of-node-20-on-github-actions-runners/
build	Setup Java	2026-07-29T00:35:45.4988214Z ##[group]Run actions/setup-java@v4
build	Setup Java	2026-07-29T00:35:45.4988484Z with:
build	Setup Java	2026-07-29T00:35:45.4988680Z   distribution: temurin
build	Setup Java	2026-07-29T00:35:45.4988904Z   java-version: 21
build	Setup Java	2026-07-29T00:35:45.4989108Z   cache: gradle
build	Setup Java	2026-07-29T00:35:45.4989308Z   java-package: jdk
build	Setup Java	2026-07-29T00:35:45.4989516Z   check-latest: false
build	Setup Java	2026-07-29T00:35:45.4989727Z   server-id: github
build	Setup Java	2026-07-29T00:35:45.4989940Z   server-username: GITHUB_ACTOR
build	Setup Java	2026-07-29T00:35:45.4990193Z   server-password: GITHUB_TOKEN
build	Setup Java	2026-07-29T00:35:45.4990443Z   overwrite-settings: true
build	Setup Java	2026-07-29T00:35:45.4990680Z   job-status: success
build	Setup Java	2026-07-29T00:35:45.4993471Z   token: ***
build	Setup Java	2026-07-29T00:35:45.4993704Z ##[endgroup]
build	Setup Java	2026-07-29T00:35:45.6588683Z ##[group]Installed distributions
build	Setup Java	2026-07-29T00:35:45.6865790Z Resolved Java 21.0.11+10 from tool-cache
build	Setup Java	2026-07-29T00:35:45.6866365Z Setting Java 21.0.11+10 as the default
build	Setup Java	2026-07-29T00:35:45.6877119Z (node:2264) [DEP0040] DeprecationWarning: The `punycode` module is deprecated. Please use a userland alternative instead.
build	Setup Java	2026-07-29T00:35:45.6878237Z (Use `node --trace-deprecation ...` to show where the warning was created)
build	Setup Java	2026-07-29T00:35:45.6880397Z Creating toolchains.xml for JDK version 21 from temurin
build	Setup Java	2026-07-29T00:35:45.6955285Z Writing to /home/runner/.m2/toolchains.xml
build	Setup Java	2026-07-29T00:35:45.6955832Z 
build	Setup Java	2026-07-29T00:35:45.6956042Z Java configuration:
build	Setup Java	2026-07-29T00:35:45.6956525Z   Distribution: temurin
build	Setup Java	2026-07-29T00:35:45.6957020Z   Version: 21.0.11+10
build	Setup Java	2026-07-29T00:35:45.6957736Z   Path: /opt/hostedtoolcache/Java_Temurin-Hotspot_jdk/21.0.11-10/x64
build	Setup Java	2026-07-29T00:35:45.6958343Z 
build	Setup Java	2026-07-29T00:35:45.6958719Z ##[endgroup]
build	Setup Java	2026-07-29T00:35:45.6978945Z Creating settings.xml with server-id: github
build	Setup Java	2026-07-29T00:35:45.6979613Z Writing to /home/runner/.m2/settings.xml
build	Setup Java	2026-07-29T00:35:46.2362198Z gradle cache is not found
build	Setup Android SDK	﻿2026-07-29T00:35:46.2511794Z Node 20 is being deprecated. This workflow is running with Node 24 by default. If you need to temporarily use Node 20, you can set the ACTIONS_ALLOW_USE_UNSECURE_NODE_VERSION=true environment variable. For more information see: https://github.blog/changelog/2025-09-19-deprecation-of-node-20-on-github-actions-runners/
build	Setup Android SDK	2026-07-29T00:35:46.2513180Z ##[group]Run android-actions/setup-android@v3
build	Setup Android SDK	2026-07-29T00:35:46.2513474Z with:
build	Setup Android SDK	2026-07-29T00:35:46.2513685Z   cmdline-tools-version: 12266719
build	Setup Android SDK	2026-07-29T00:35:46.2513960Z   accept-android-sdk-licenses: true
build	Setup Android SDK	2026-07-29T00:35:46.2514257Z   log-accepted-android-sdk-licenses: true
build	Setup Android SDK	2026-07-29T00:35:46.2514553Z   packages: tools platform-tools
build	Setup Android SDK	2026-07-29T00:35:46.2514793Z env:
build	Setup Android SDK	2026-07-29T00:35:46.2515084Z   JAVA_HOME: /opt/hostedtoolcache/Java_Temurin-Hotspot_jdk/21.0.11-10/x64
build	Setup Android SDK	2026-07-29T00:35:46.2515626Z   JAVA_HOME_21_X64: /opt/hostedtoolcache/Java_Temurin-Hotspot_jdk/21.0.11-10/x64
build	Setup Android SDK	2026-07-29T00:35:46.2516007Z ##[endgroup]
build	Setup Android SDK	2026-07-29T00:35:46.3412960Z Found preinstalled sdkmanager in /usr/local/lib/android/sdk/cmdline-tools/latest with following source.properties:
build	Setup Android SDK	2026-07-29T00:35:46.3414908Z Pkg.Revision=12.0
build	Setup Android SDK	2026-07-29T00:35:46.3415358Z Pkg.Path=cmdline-tools;12.0
build	Setup Android SDK	2026-07-29T00:35:46.3415838Z Pkg.Desc=Android SDK Command-line Tools
build	Setup Android SDK	2026-07-29T00:35:46.3416193Z 
build	Setup Android SDK	2026-07-29T00:35:46.3416403Z Wrong version in preinstalled sdkmanager
build	Setup Android SDK	2026-07-29T00:35:46.3417449Z Downloading commandline tools from https://dl.google.com/android/repository/commandlinetools-linux-12266719_latest.zip
build	Setup Android SDK	2026-07-29T00:35:48.0969240Z [command]/usr/bin/unzip -o -q /home/runner/work/_temp/34cc0733-b809-45b4-af29-02c8165d5938
build	Setup Android SDK	2026-07-29T00:35:48.8703391Z Accepting Android SDK licenses
build	Setup Android SDK	2026-07-29T00:35:48.8709002Z [command]/usr/local/lib/android/sdk/cmdline-tools/16.0/bin/sdkmanager --licenses
build	Setup Android SDK	2026-07-29T00:35:51.6138344Z Loading local repository...                                                     
build	Setup Android SDK	2026-07-29T00:35:51.6139797Z [=========                              ] 25% Loading local repository...       
build	Setup Android SDK	2026-07-29T00:35:53.2042362Z [=========                              ] 25% Fetch remote repository...        
build	Setup Android SDK	2026-07-29T00:35:53.6225276Z [==========                             ] 26% Fetch remote repository...        
build	Setup Android SDK	2026-07-29T00:35:53.6252118Z [============                           ] 31% Fetch remote repository...        
build	Setup Android SDK	2026-07-29T00:35:53.6582313Z [============                           ] 32% Fetch remote repository...        
build	Setup Android SDK	2026-07-29T00:35:53.6631730Z [=============                          ] 33% Fetch remote repository...        
build	Setup Android SDK	2026-07-29T00:35:53.7125706Z [=============                          ] 35% Fetch remote repository...        
build	Setup Android SDK	2026-07-29T00:35:53.7136833Z [==============                         ] 36% Fetch remote repository...        
build	Setup Android SDK	2026-07-29T00:35:53.7302399Z [==============                         ] 37% Fetch remote repository...        
build	Setup Android SDK	2026-07-29T00:35:53.7332045Z [===============                        ] 38% Fetch remote repository...        
build	Setup Android SDK	2026-07-29T00:35:53.7527215Z [===============                        ] 39% Fetch remote repository...        
build	Setup Android SDK	2026-07-29T00:35:53.7528688Z [================                       ] 40% Fetch remote repository...        
build	Setup Android SDK	2026-07-29T00:35:53.7617595Z [================                       ] 41% Fetch remote repository...        
build	Setup Android SDK	2026-07-29T00:35:53.7618591Z [================                       ] 42% Fetch remote repository...        
build	Setup Android SDK	2026-07-29T00:35:53.7857587Z [=================                      ] 44% Fetch remote repository...        
build	Setup Android SDK	2026-07-29T00:35:53.7858630Z [=================                      ] 45% Fetch remote repository...        
build	Setup Android SDK	2026-07-29T00:35:53.8014949Z [==================                     ] 46% Fetch remote repository...        
build	Setup Android SDK	2026-07-29T00:35:53.8015988Z [==================                     ] 47% Fetch remote repository...        
build	Setup Android SDK	2026-07-29T00:35:53.8240603Z [===================                    ] 48% Fetch remote repository...        
build	Setup Android SDK	2026-07-29T00:35:53.8243962Z [===================                    ] 49% Fetch remote repository...        
build	Setup Android SDK	2026-07-29T00:35:53.8517543Z [====================                   ] 50% Fetch remote repository...        
build	Setup Android SDK	2026-07-29T00:35:53.8518613Z [====================                   ] 51% Fetch remote repository...        
build	Setup Android SDK	2026-07-29T00:35:53.8730828Z [====================                   ] 53% Fetch remote repository...        
build	Setup Android SDK	2026-07-29T00:35:53.8732107Z [=====================                  ] 54% Fetch remote repository...        
build	Setup Android SDK	2026-07-29T00:35:53.8898045Z [=====================                  ] 55% Fetch remote repository...        
build	Setup Android SDK	2026-07-29T00:35:53.8899432Z [======================                 ] 56% Fetch remote repository...        
build	Setup Android SDK	2026-07-29T00:35:53.9067175Z [======================                 ] 57% Fetch remote repository...        
build	Setup Android SDK	2026-07-29T00:35:53.9089599Z [=======================                ] 58% Fetch remote repository...        
build	Setup Android SDK	2026-07-29T00:35:53.9266066Z [=======================                ] 59% Fetch remote repository...        
build	Setup Android SDK	2026-07-29T00:35:53.9267921Z [========================               ] 60% Fetch remote repository...        
build	Setup Android SDK	2026-07-29T00:35:53.9472017Z [========================               ] 61% Fetch remote repository...        
build	Setup Android SDK	2026-07-29T00:35:53.9473162Z [=========================              ] 63% Fetch remote repository...        
build	Setup Android SDK	2026-07-29T00:35:53.9648334Z [=========================              ] 64% Fetch remote repository...        
build	Setup Android SDK	2026-07-29T00:35:53.9649383Z [=========================              ] 65% Fetch remote repository...        
build	Setup Android SDK	2026-07-29T00:35:54.0047949Z [==========================             ] 66% Fetch remote repository...        
build	Setup Android SDK	2026-07-29T00:35:54.0049699Z [==========================             ] 67% Fetch remote repository...        
build	Setup Android SDK	2026-07-29T00:35:54.0485523Z [===========================            ] 68% Fetch remote repository...        
build	Setup Android SDK	2026-07-29T00:35:54.0502069Z [===========================            ] 69% Fetch remote repository...        
build	Setup Android SDK	2026-07-29T00:35:54.1348353Z [============================           ] 70% Fetch remote repository...        
build	Setup Android SDK	2026-07-29T00:35:54.1350189Z [============================           ] 72% Fetch remote repository...        
build	Setup Android SDK	2026-07-29T00:35:54.1880580Z [=============================          ] 73% Fetch remote repository...        
build	Setup Android SDK	2026-07-29T00:35:54.1902422Z [=============================          ] 74% Fetch remote repository...        
build	Setup Android SDK	2026-07-29T00:35:54.1991893Z [=============================          ] 75% Fetch remote repository...        
build	Setup Android SDK	2026-07-29T00:35:54.2112666Z [=============================          ] 75% Computing updates...              
build	Setup Android SDK	2026-07-29T00:35:54.2113416Z [=======================================] 100% Computing updates...             
build	Setup Android SDK	2026-07-29T00:35:54.2492274Z 6 of 7 SDK package licenses not accepted.
build	Setup Android SDK	2026-07-29T00:35:54.2511978Z Review licenses that have not been accepted (y/N)? 
build	Setup Android SDK	2026-07-29T00:35:54.2532595Z 1/6: License android-googletv-license:
build	Setup Android SDK	2026-07-29T00:35:54.2574134Z ---------------------------------------
build	Setup Android SDK	2026-07-29T00:35:54.2575309Z Terms and Conditions
build	Setup Android SDK	2026-07-29T00:35:54.2575866Z 
build	Setup Android SDK	2026-07-29T00:35:54.2576571Z This is the Google TV Add-on for the Android Software Development Kit License Agreement.
build	Setup Android SDK	2026-07-29T00:35:54.2577366Z 
build	Setup Android SDK	2026-07-29T00:35:54.2577662Z 1. Introduction
build	Setup Android SDK	2026-07-29T00:35:54.2578044Z 
build	Setup Android SDK	2026-07-29T00:35:54.2580566Z 1.1 The Google TV Add-on for the Android Software Development Kit (referred to in this License Agreement as the "Google TV Add-on" and specifically including the Android system files, packaged APIs, and Google APIs add-ons) is licensed to you subject to the terms of this License Agreement. This License Agreement forms a legally binding contract between you and Google in relation to your use of the Google TV Add-on.
build	Setup Android SDK	2026-07-29T00:35:54.2583602Z 
build	Setup Android SDK	2026-07-29T00:35:54.2584605Z 1.2 "Google" means Google Inc., a Delaware corporation with principal place of business at 1600 Amphitheatre Parkway, Mountain View, CA 94043, United States.
build	Setup Android SDK	2026-07-29T00:35:54.2585814Z 
build	Setup Android SDK	2026-07-29T00:35:54.2586460Z 2. Accepting this License Agreement
build	Setup Android SDK	2026-07-29T00:35:54.2586943Z 
build	Setup Android SDK	2026-07-29T00:35:54.2587981Z 2.1 In order to use the Google TV Add-on, you must first agree to this License Agreement. You may not use the Google TV Add-on if you do not accept this License Agreement.
build	Setup Android SDK	2026-07-29T00:35:54.2589211Z 
build	Setup Android SDK	2026-07-29T00:35:54.2589578Z 2.2 You can accept this License Agreement by:
build	Setup Android SDK	2026-07-29T00:35:54.2590110Z 
build	Setup Android SDK	2026-07-29T00:35:54.2590786Z (A) clicking to accept or agree to this License Agreement, where this option is made available to you; or
build	Setup Android SDK	2026-07-29T00:35:54.2591994Z 
build	Setup Android SDK	2026-07-29T00:35:54.2593083Z (B) by actually using the Google TV Add-on. In this case, you agree that use of the Google TV Add-on constitutes acceptance of the License Agreement from that point onwards.
build	Setup Android SDK	2026-07-29T00:35:54.2594348Z 
build	Setup Android SDK	2026-07-29T00:35:54.2596086Z 2.3 You may not use the Google TV Add-on and may not accept the Licensing Agreement if you are a person barred from receiving the Google TV Add-on under the laws of the United States or other countries including the country in which you are resident or from which you use the Google TV Add-on.
build	Setup Android SDK	2026-07-29T00:35:54.2615598Z 
build	Setup Android SDK	2026-07-29T00:35:54.2617959Z 2.4 If you are agreeing to be bound by this License Agreement on behalf of your employer or other entity, you represent and warrant that you have full legal authority to bind your employer or such entity to this License Agreement. If you do not have the requisite authority, you may not accept the Licensing Agreement or use the Google TV Add-on on behalf of your employer or other entity.
build	Setup Android SDK	2026-07-29T00:35:54.2620558Z 
build	Setup Android SDK	2026-07-29T00:35:54.2620903Z 3. Google TV Add-on License from Google
build	Setup Android SDK	2026-07-29T00:35:54.2621646Z 
build	Setup Android SDK	2026-07-29T00:35:54.2623183Z 3.1 Subject to the terms of this License Agreement, Google grants you a limited, worldwide, royalty-free, non- assignable and non-exclusive license to use the Google TV Add-on solely to develop applications to run on the Google TV platform.
build	Setup Android SDK	2026-07-29T00:35:54.2624870Z 
build	Setup Android SDK	2026-07-29T00:35:54.2627398Z 3.2 You agree that Google or third parties own all legal right, title and interest in and to the Google TV Add-on, including any Intellectual Property Rights that subsist in the Google TV Add-on. "Intellectual Property Rights" means any and all rights under patent law, copyright law, trade secret law, trademark law, and any and all other proprietary rights. Google reserves all rights not expressly granted to you.
build	Setup Android SDK	2026-07-29T00:35:54.2633270Z 
build	Setup Android SDK	2026-07-29T00:35:54.2637102Z 3.3 Except to the extent required by applicable third party licenses, you may not copy (except for backup purposes), modify, adapt, redistribute, decompile, reverse engineer, disassemble, or create derivative works of the Google TV Add-on or any part of the Google TV Add-on. Except to the extent required by applicable third party licenses, you may not load any part of the Google TV Add-on onto a mobile handset, television, or any other hardware device except a personal computer, combine any part of the Google TV Add-on with other software, or distribute any software or device incorporating a part of the Google TV Add-on.
build	Setup Android SDK	2026-07-29T00:35:54.2641502Z 
build	Setup Android SDK	2026-07-29T00:35:54.2642828Z 3.4 Use, reproduction and distribution of components of the Google TV Add-on licensed under an open source software license are governed solely by the terms of that open source software license and not this License Agreement.
build	Setup Android SDK	2026-07-29T00:35:54.2644206Z 
build	Setup Android SDK	2026-07-29T00:35:54.2646688Z 3.5 You agree that the form and nature of the Google TV Add-on that Google provides may change without prior notice to you and that future versions of the Google TV Add-on may be incompatible with applications developed on previous versions of the Google TV Add-on. You agree that Google may stop (permanently or temporarily) providing the Google TV Add-on (or any features within the Google TV Add-on) to you or to users generally at Google's sole discretion, without prior notice to you.
build	Setup Android SDK	2026-07-29T00:35:54.2648348Z 
build	Setup Android SDK	2026-07-29T00:35:54.2649636Z 3.6 Nothing in this License Agreement gives you a right to use any of Google's or it’s licensors’ trade names, trademarks, service marks, logos, domain names, or other distinctive brand features.
build	Setup Android SDK	2026-07-29T00:35:54.2650580Z 
build	Setup Android SDK	2026-07-29T00:35:54.2651670Z 3.7 You agree that you will not remove, obscure, or alter any proprietary rights notices (including copyright and trademark notices) that may be affixed to or contained within the Google TV Add-on.
build	Setup Android SDK	2026-07-29T00:35:54.2652967Z 
build	Setup Android SDK	2026-07-29T00:35:54.2653161Z 4. Use of the Google TV Add-on by You
build	Setup Android SDK	2026-07-29T00:35:54.2653497Z 
build	Setup Android SDK	2026-07-29T00:35:54.2655077Z 4.1 Google agrees that it obtains no right, title or interest from you (or your licensors) under this License Agreement in or to any software applications that you develop using the Google TV Add-on, including any intellectual property rights that subsist in those applications.
build	Setup Android SDK	2026-07-29T00:35:54.2656879Z 
build	Setup Android SDK	2026-07-29T00:35:54.2659019Z 4.2 You agree to use the Google TV Add-on and write applications only for purposes that are permitted by (a) this License Agreement and (b) any applicable law, regulation or generally accepted practices or guidelines in the relevant jurisdictions (including any laws regarding the export of data or software to and from the United States or other relevant countries).
build	Setup Android SDK	2026-07-29T00:35:54.2661810Z 
build	Setup Android SDK	2026-07-29T00:35:54.2666513Z 4.3 You agree that if you use the Google TV Add-on to develop applications for general public users, you will protect the privacy and legal rights of those users. If the users provide you with user names, passwords, or other login information or personal information, your must make the users aware that the information will be available to your application, and you must provide legally adequate privacy notice and protection for those users. If your application stores personal or sensitive information provided by users, it must do so securely. If the user provides your application with Google Account information, your application may only use that information to access the user's Google Account when, and for the limited purposes for which, the user has given you explicit permission to do so.
build	Setup Android SDK	2026-07-29T00:35:54.2674886Z 
build	Setup Android SDK	2026-07-29T00:35:54.2677835Z 4.4 You agree that you will not engage in any activity with the Google TV Add-on, including the development or distribution of an application, that interferes with, disrupts, damages, or accesses in an unauthorized manner the servers, networks, or other properties or services of any third party including, but not limited to, Google, Multichannel Video Program Distributors or any mobile communications carrier.
build	Setup Android SDK	2026-07-29T00:35:54.2680411Z 
build	Setup Android SDK	2026-07-29T00:35:54.2682825Z 4.5 You agree that you are solely responsible for (and that Google has no responsibility to you or to any third party for) any data, content, or resources that you create, transmit or display through the Google TV platform and/or applications for the Google TV platform, and for the consequences of your actions (including any loss or damage which Google may suffer) by doing so.
build	Setup Android SDK	2026-07-29T00:35:54.2684534Z 
build	Setup Android SDK	2026-07-29T00:35:54.2686033Z 4.6 You agree that you are solely responsible for (and that Google has no responsibility to you or to any third party for) any breach of your obligations under this License Agreement, any applicable third party contract or Terms of Service, or any applicable law or regulation, and for the consequences (including any loss or damage which Google or any third party may suffer) of any such breach.
build	Setup Android SDK	2026-07-29T00:35:54.2687399Z 
build	Setup Android SDK	2026-07-29T00:35:54.2687503Z 5. Your Developer Credentials
build	Setup Android SDK	2026-07-29T00:35:54.2687672Z 
build	Setup Android SDK	2026-07-29T00:35:54.2688544Z 5.1 You agree that you are responsible for maintaining the confidentiality of any developer credentials that may be issued to you by Google or which you may choose yourself and that you will be solely responsible for all applications that are developed under your developer credentials.
build	Setup Android SDK	2026-07-29T00:35:54.2689509Z 
build	Setup Android SDK	2026-07-29T00:35:54.2689602Z 6. Privacy and Information
build	Setup Android SDK	2026-07-29T00:35:54.2689756Z 
build	Setup Android SDK	2026-07-29T00:35:54.2691632Z 6.1 In order to continually innovate and improve the Google TV Add-on, Google may collect certain usage statistics from the software including but not limited to a unique identifier, associated IP address, version number of the software, and information on which tools and/or services in the Google TV Add-on are being used and how they are being used. Before any of this information is collected, the Google TV Add-on will notify you and seek your consent. If you withhold consent, the information will not be collected.
build	Setup Android SDK	2026-07-29T00:35:54.2693560Z 
build	Setup Android SDK	2026-07-29T00:35:54.2693990Z 6.2 The data collected is examined in the aggregate to improve the Google TV Add-on and is maintained in accordance with Google's Privacy Policy.
build	Setup Android SDK	2026-07-29T00:35:54.2694496Z 
build	Setup Android SDK	2026-07-29T00:35:54.2694642Z 7. Third Party Applications for the Google TV Platform
build	Setup Android SDK	2026-07-29T00:35:54.2694872Z 
build	Setup Android SDK	2026-07-29T00:35:54.2696730Z 7.1 If you use the Google TV Add-on to run applications developed by a third party or that access data, content or resources provided by a third party, you agree that Google is not responsible for those applications, data, content, or resources. You understand that all data, content or resources which you may access through such third party applications are the sole responsibility of the person from which they originated and that Google is not liable for any loss or damage that you may experience as a result of the use or access of any of those third party applications, data, content, or resources.
build	Setup Android SDK	2026-07-29T00:35:54.2698778Z 
build	Setup Android SDK	2026-07-29T00:35:54.2700265Z 7.2 You should be aware the data, content, and resources presented to you through such a third party application may be protected by intellectual property rights which are owned by the providers (or by other persons or companies on their behalf). You may not modify, rent, lease, loan, sell, distribute or create derivative works based on these data, content, or resources (either in whole or in part) unless you have been specifically given permission to do so by the relevant owners.
build	Setup Android SDK	2026-07-29T00:35:54.2725855Z 
build	Setup Android SDK	2026-07-29T00:35:54.2726735Z 7.3 You acknowledge that your use of such third party applications, data, content, or resources may be subject to separate terms between you and the relevant third party. In that case, this License Agreement does not affect your legal relationship with these third parties.
build	Setup Android SDK	2026-07-29T00:35:54.2727674Z 
build	Setup Android SDK	2026-07-29T00:35:54.2727777Z 8. Using Google TV APIs
build	Setup Android SDK	2026-07-29T00:35:54.2727922Z 
build	Setup Android SDK	2026-07-29T00:35:54.2730563Z 8.1 If you use any Google TV API to retrieve data from Google, you acknowledge that the data (“Google TV API Content”) may be protected by intellectual property rights which are owned by Google or those parties that provide the data (or by other persons or companies on their behalf). Your use of any such API may be subject to additional Terms of Service. You may not modify, rent, lease, loan, sell, distribute or create derivative works based on this data (either in whole or in part) unless allowed by the relevant Terms of Service. Some portions of the Google TV API Content are licensed to Google by third parties, including but not limited to Tribune Media Services
build	Setup Android SDK	2026-07-29T00:35:54.2733048Z 
build	Setup Android SDK	2026-07-29T00:35:54.2733813Z 8.2 If you use any API to retrieve a user's data from Google, you acknowledge and agree that you shall retrieve data only with the user's explicit consent and only when, and for the limited purposes for which, the user has given you permission to do so.
build	Setup Android SDK	2026-07-29T00:35:54.2734682Z 
build	Setup Android SDK	2026-07-29T00:35:54.2734976Z 8.3 Except as explicitly permitted in Section 3 (Google TV Add-on License from Google), you must:
build	Setup Android SDK	2026-07-29T00:35:54.2735374Z 
build	Setup Android SDK	2026-07-29T00:35:54.2735935Z (a) not modify nor format the Google TV API Content except to the extent reasonably and technically necessary to optimize the display such Google TV API Content in your application;
build	Setup Android SDK	2026-07-29T00:35:54.2736595Z 
build	Setup Android SDK	2026-07-29T00:35:54.2737193Z (b) not edit the Google TV API Content in a manner that renders the Google TV API Content inaccurate of alters its inherent meaning (provided that displaying excerpts will not violate the foregoing); or
build	Setup Android SDK	2026-07-29T00:35:54.2738104Z 
build	Setup Android SDK	2026-07-29T00:35:54.2738383Z (c) not create any commercial audience measurement tool or service using the Google TV API Content
build	Setup Android SDK	2026-07-29T00:35:54.2738755Z 
build	Setup Android SDK	2026-07-29T00:35:54.2738859Z 9. Terminating this License Agreement
build	Setup Android SDK	2026-07-29T00:35:54.2739042Z 
build	Setup Android SDK	2026-07-29T00:35:54.2739345Z 9.1 This License Agreement will continue to apply until terminated by either you or Google as set out below.
build	Setup Android SDK	2026-07-29T00:35:54.2739747Z 
build	Setup Android SDK	2026-07-29T00:35:54.2740161Z 9.2 If you want to terminate this License Agreement, you may do so by ceasing your use of the Google TV Add-on and any relevant developer credentials.
build	Setup Android SDK	2026-07-29T00:35:54.2740687Z 
build	Setup Android SDK	2026-07-29T00:35:54.2740870Z 9.3 Google may at any time, terminate this License Agreement with you if:
build	Setup Android SDK	2026-07-29T00:35:54.2741306Z 
build	Setup Android SDK	2026-07-29T00:35:54.2741468Z (A) you have breached any provision of this License Agreement; or
build	Setup Android SDK	2026-07-29T00:35:54.2741728Z 
build	Setup Android SDK	2026-07-29T00:35:54.2741837Z (B) Google is required to do so by law; or
build	Setup Android SDK	2026-07-29T00:35:54.2742026Z 
build	Setup Android SDK	2026-07-29T00:35:54.2742641Z (C) the partner with whom Google offered certain parts of Google TV Add-on (such as APIs) to you has terminated its relationship with Google or ceased to offer certain parts of the Google TV Add-on to you; or
build	Setup Android SDK	2026-07-29T00:35:54.2743477Z 
build	Setup Android SDK	2026-07-29T00:35:54.2744500Z (D) Google decides to no longer providing the Google TV Add-on or certain parts of the Google TV Add-on to users in the country in which you are resident or from which you use the service, or the provision of the Google TV Add-on or certain Google TV Add-on services to you by Google is, in Google's sole discretion, no longer commercially viable.
build	Setup Android SDK	2026-07-29T00:35:54.2745616Z 
build	Setup Android SDK	2026-07-29T00:35:54.2746988Z 9.4 When this License Agreement comes to an end, all of the legal rights, obligations and liabilities that you and Google have benefited from, been subject to (or which have accrued over time whilst this License Agreement has been in force) or which are expressed to continue indefinitely, shall be unaffected by this cessation, and the provisions of paragraph 14.7 shall continue to apply to such rights, obligations and liabilities indefinitely.
build	Setup Android SDK	2026-07-29T00:35:54.2748454Z 
build	Setup Android SDK	2026-07-29T00:35:54.2748556Z 10. DISCLAIMER OF WARRANTIES
build	Setup Android SDK	2026-07-29T00:35:54.2748707Z 
build	Setup Android SDK	2026-07-29T00:35:54.2749295Z 10.1 YOU EXPRESSLY UNDERSTAND AND AGREE THAT YOUR USE OF THE GOOGLE TV ADD-ON IS AT YOUR SOLE RISK AND THAT THE GOOGLE TV ADD-ON IS PROVIDED "AS IS" AND "AS AVAILABLE" WITHOUT WARRANTY OF ANY KIND FROM GOOGLE.
build	Setup Android SDK	2026-07-29T00:35:54.2750045Z 
build	Setup Android SDK	2026-07-29T00:35:54.2751025Z 10.2 YOUR USE OF THE GOOGLE TV ADD-ON AND ANY MATERIAL DOWNLOADED OR OTHERWISE OBTAINED THROUGH THE USE OF THE GOOGLE TV ADD-ON IS AT YOUR OWN DISCRETION AND RISK AND YOU ARE SOLELY RESPONSIBLE FOR ANY DAMAGE TO YOUR COMPUTER SYSTEM OR OTHER DEVICE OR LOSS OF DATA THAT RESULTS FROM SUCH USE.
build	Setup Android SDK	2026-07-29T00:35:54.2752216Z 
build	Setup Android SDK	2026-07-29T00:35:54.2753035Z 10.3 GOOGLE FURTHER EXPRESSLY DISCLAIMS ALL WARRANTIES AND CONDITIONS OF ANY KIND, WHETHER EXPRESS OR IMPLIED, INCLUDING, BUT NOT LIMITED TO THE IMPLIED WARRANTIES AND CONDITIONS OF MERCHANTABILITY, FITNESS FOR A PARTICULAR PURPOSE AND NON-INFRINGEMENT.
build	Setup Android SDK	2026-07-29T00:35:54.2753931Z 
build	Setup Android SDK	2026-07-29T00:35:54.2754031Z 11. LIMITATION OF LIABILITY
build	Setup Android SDK	2026-07-29T00:35:54.2754178Z 
build	Setup Android SDK	2026-07-29T00:35:54.2755555Z 11.1 YOU EXPRESSLY UNDERSTAND AND AGREE THAT GOOGLE, ITS SUBSIDIARIES AND AFFILIATES, AND ITS LICENSORS SHALL NOT BE LIABLE TO YOU UNDER ANY THEORY OF LIABILITY FOR ANY DIRECT, INDIRECT, INCIDENTAL, SPECIAL CONSEQUENTIAL OR EXEMPLARY DAMAGES THAT MAY BE INCURRED BY YOU, INCLUDING ANY LOSS OF DATA, WHETHER OR NOT GOOGLE OR ITS REPRESENTATIVES HAVE BEEN ADVISED OF OR SHOULD HAVE BEEN AWARE OF THE POSSIBILITY OF ANY SUCH LOSSES ARISING.
build	Setup Android SDK	2026-07-29T00:35:54.2757019Z 
build	Setup Android SDK	2026-07-29T00:35:54.2757103Z 12. Indemnification
build	Setup Android SDK	2026-07-29T00:35:54.2757231Z 
build	Setup Android SDK	2026-07-29T00:35:54.2759570Z 12.1 To the maximum extent permitted by law, you agree to defend, indemnify and hold harmless Google, its affiliates and their respective directors, officers, employees and agents from and against any and all claims, actions, suits or proceedings, as well as any and all losses, liabilities, damages, costs and expenses (including reasonable attorneys fees) arising out of or accruing from (a) your use of the Google TV Add-on, (b) any application you develop on the Google TV Add-on that infringes any copyright, trademark, trade secret, trade dress, patent or other intellectual property right of any person or defames any person or violates their rights of publicity or privacy, and (c) any non-compliance by you with this License Agreement.
build	Setup Android SDK	2026-07-29T00:35:54.2762294Z 
build	Setup Android SDK	2026-07-29T00:35:54.2762402Z 13. Changes to the License Agreement
build	Setup Android SDK	2026-07-29T00:35:54.2762575Z 
build	Setup Android SDK	2026-07-29T00:35:54.2762882Z 13.1 Google may make changes to the License Agreement as it distributes new versions of the Google TV Add-on.
build	Setup Android SDK	2026-07-29T00:35:54.2763275Z 
build	Setup Android SDK	2026-07-29T00:35:54.2763367Z 14. General Legal Terms
build	Setup Android SDK	2026-07-29T00:35:54.2763507Z 
build	Setup Android SDK	2026-07-29T00:35:54.2764523Z 14.1 This License Agreement constitute the whole legal agreement between you and Google and govern your use of the Google TV Add-on (excluding any services which Google may provide to you under a separate written agreement), and completely replace any prior agreements between you and Google in relation to the Google TV Add-on.
build	Setup Android SDK	2026-07-29T00:35:54.2765746Z 
build	Setup Android SDK	2026-07-29T00:35:54.2766714Z 14.2 You agree that if Google does not exercise or enforce any legal right or remedy which is contained in this License Agreement (or which Google has the benefit of under any applicable law), this will not be taken to be a formal waiver of Google's rights and that those rights or remedies will still be available to Google.
build	Setup Android SDK	2026-07-29T00:35:54.2767772Z 
build	Setup Android SDK	2026-07-29T00:35:54.2768842Z 14.3 If any court of law, having the jurisdiction to decide on this matter, rules that any provision of this License Agreement is invalid, then that provision will be removed from this License Agreement without affecting the rest of this License Agreement. The remaining provisions of this License Agreement will continue to be valid and enforceable.
build	Setup Android SDK	2026-07-29T00:35:54.2770006Z 
build	Setup Android SDK	2026-07-29T00:35:54.2772106Z 14.4 You acknowledge and agree that Google’s API data licensors and each member of the group of companies of which Google is the parent shall be third party beneficiaries to this License Agreement and that such other companies shall be entitled to directly enforce, and rely upon, any provision of this License Agreement that confers a benefit on (or rights in favor of) them. Other than this, no other person or company shall be third party beneficiaries to this License Agreement.
build	Setup Android SDK	2026-07-29T00:35:54.2773702Z 
build	Setup Android SDK	2026-07-29T00:35:54.2774587Z 14.5 EXPORT RESTRICTIONS. THE GOOGLE TV ADD-ON IS SUBJECT TO UNITED STATES EXPORT LAWS AND REGULATIONS. YOU MUST COMPLY WITH ALL DOMESTIC AND INTERNATIONAL EXPORT LAWS AND REGULATIONS THAT APPLY TO THE GOOGLE TV ADD-ON. THESE LAWS INCLUDE RESTRICTIONS ON DESTINATIONS, END USERS AND END USE.
build	Setup Android SDK	2026-07-29T00:35:54.2775573Z 
build	Setup Android SDK	2026-07-29T00:35:54.2776624Z 14.6 The rights granted in this License Agreement may not be assigned or transferred by either you or Google without the prior written approval of the other party. Neither you nor Google shall be permitted to delegate their responsibilities or obligations under this License Agreement without the prior written approval of the other party.
build	Setup Android SDK	2026-07-29T00:35:54.2777785Z 
build	Setup Android SDK	2026-07-29T00:35:54.2779548Z 14.7 This License Agreement, and your relationship with Google under this License Agreement, shall be governed by the laws of the State of California without regard to its conflict of laws provisions. You and Google agree to submit to the exclusive jurisdiction of the courts located within the county of Santa Clara, California to resolve any legal matter arising from this License Agreement. Notwithstanding this, you agree that Google shall still be allowed to apply for injunctive remedies (or an equivalent type of urgent legal relief) in any jurisdiction.
build	Setup Android SDK	2026-07-29T00:35:54.2782301Z 
build	Setup Android SDK	2026-07-29T00:35:54.2782483Z 
build	Setup Android SDK	2026-07-29T00:35:54.2782578Z August 15, 2011
build	Setup Android SDK	2026-07-29T00:35:54.2782811Z ---------------------------------------
build	Setup Android SDK	2026-07-29T00:35:54.2783093Z Accept? (y/N): 
build	Setup Android SDK	2026-07-29T00:35:54.2783320Z 2/6: License android-googlexr-license:
build	Setup Android SDK	2026-07-29T00:35:54.2783587Z ---------------------------------------
build	Setup Android SDK	2026-07-29T00:35:54.2784528Z To get started with the Android XR Emulator System Image SDK, you must agree to the following terms and conditions. As described below, please note that this is a preview, emulated version of the Android XR OS, subject to change, that you use at your own risk.
build	Setup Android SDK	2026-07-29T00:35:54.2785397Z 
build	Setup Android SDK	2026-07-29T00:35:54.2785561Z This is the Android XR Emulator System Image SDK License Agreement
build	Setup Android SDK	2026-07-29T00:35:54.2785821Z 
build	Setup Android SDK	2026-07-29T00:35:54.2785899Z 1. Introduction
build	Setup Android SDK	2026-07-29T00:35:54.2786019Z 
build	Setup Android SDK	2026-07-29T00:35:54.2787452Z 1.1 The Android Android XR Emulator System Image SDK (referred to in the License Agreement as the "SDK" and specifically including the Android system files,, packaged APIs, library files (if and when they are made available), and Google applications and APIs add-ons) is licensed to you subject to the terms of the License Agreement. The License Agreement forms a legally binding contract between you and Google in relation to your use of the SDK.
build	Setup Android SDK	2026-07-29T00:35:54.2789044Z 
build	Setup Android SDK	2026-07-29T00:35:54.2789706Z 1.2 "Android" means the Android software stack for devices, as made available under the Android Open Source Project, which is located at the following URL: https://source.android.com/, as updated from time to time.
build	Setup Android SDK	2026-07-29T00:35:54.2790440Z 
build	Setup Android SDK	2026-07-29T00:35:54.2791557Z 1.3 "Google" means Google LLC, organized under the laws of the State of Delaware, USA, and operating under the laws of the USA with principal place of business at 1600 Amphitheatre Parkway, Mountain View, CA 94043, USA.
build	Setup Android SDK	2026-07-29T00:35:54.2792338Z 
build	Setup Android SDK	2026-07-29T00:35:54.2792442Z 2. Accepting this License Agreement
build	Setup Android SDK	2026-07-29T00:35:54.2792621Z 
build	Setup Android SDK	2026-07-29T00:35:54.2793017Z 2.1 In order to use the SDK, you must first agree to the License Agreement. You may not use the SDK if you do not accept the License Agreement.
build	Setup Android SDK	2026-07-29T00:35:54.2793513Z 
build	Setup Android SDK	2026-07-29T00:35:54.2793787Z 2.2 By clicking to accept and/or using this SDK, you hereby agree to the terms of the License Agreement.
build	Setup Android SDK	2026-07-29T00:35:54.2794159Z 
build	Setup Android SDK	2026-07-29T00:35:54.2794899Z 2.3 You may not use the SDK and may not accept the License Agreement if you are a person barred from receiving the SDK under the laws of the United States or other countries, including the country in which you are resident or from which you use the SDK.
build	Setup Android SDK	2026-07-29T00:35:54.2795761Z 
build	Setup Android SDK	2026-07-29T00:35:54.2796875Z 2.4 If you are agreeing to be bound by the License Agreement on behalf of your employer or other entity, you represent and warrant that you have full legal authority to bind your employer or such entity to the License Agreement. If you do not have the requisite authority, you may not accept the License Agreement or use the SDK on behalf of your employer or other entity.
build	Setup Android SDK	2026-07-29T00:35:54.2798083Z 
build	Setup Android SDK	2026-07-29T00:35:54.2798172Z 3. SDK License from Google
build	Setup Android SDK	2026-07-29T00:35:54.2798323Z 
build	Setup Android SDK	2026-07-29T00:35:54.2799030Z 3.1 Subject to the terms of the License Agreement, Google grants you a limited, worldwide, royalty-free, non-assignable, non-exclusive, and non-sublicensable license to use the SDK solely to develop applications for Android XR.
build	Setup Android SDK	2026-07-29T00:35:54.2799833Z 
build	Setup Android SDK	2026-07-29T00:35:54.2800490Z 3.2 You may not use this SDK to develop applications for other platforms or to develop another SDK. You are of course free to develop applications for other platforms provided that this SDK is not used for that purpose.
build	Setup Android SDK	2026-07-29T00:35:54.2801521Z 
build	Setup Android SDK	2026-07-29T00:35:54.2802748Z 3.3 You agree that Google or third parties own all legal right, title and interest in and to the SDK, including any Intellectual Property Rights that subsist in the SDK. "Intellectual Property Rights" means any and all rights under patent law, copyright law, trade secret law, trademark law, and any and all other proprietary rights. Google reserves all rights not expressly granted to you.
build	Setup Android SDK	2026-07-29T00:35:54.2804219Z 
build	Setup Android SDK	2026-07-29T00:35:54.2805993Z 3.4 You may not use the SDK for any purpose not expressly permitted by the License Agreement. Except to the extent required by applicable third party licenses, you may not (a) copy (except for backup purposes), modify, adapt, redistribute, decompile, reverse engineer, disassemble, or create derivative works of the SDK or any part of the SDK; or (b) load any part of the SDK onto a mobile handset or any other hardware device except a personal computer, combine any part of the SDK with other software, or distribute any software or device incorporating a part of the SDK.
build	Setup Android SDK	2026-07-29T00:35:54.2807851Z 
build	Setup Android SDK	2026-07-29T00:35:54.2809146Z 3.5 Use, reproduction and distribution of components of the SDK licensed under an open source software license are governed solely by the terms of that open source software license and not the License Agreement. You agree to remain a licensee in good standing in regard to such open source software licenses under all the rights granted and to refrain from any actions that may terminate, suspend, or breach such rights.
build	Setup Android SDK	2026-07-29T00:35:54.2810641Z 
build	Setup Android SDK	2026-07-29T00:35:54.2812331Z 3.6 You agree that the form and nature of the SDK that Google provides may change without prior notice to you and that future versions of the SDK may be incompatible with applications developed on previous versions of the SDK. You agree that Google may stop (permanently or temporarily) providing the SDK (or any features within the SDK) to you or to users generally at Google's sole discretion, without prior notice to you.
build	Setup Android SDK	2026-07-29T00:35:54.2813728Z 
build	Setup Android SDK	2026-07-29T00:35:54.2814243Z 3.7 Nothing in the License Agreement gives you a right to use any of Google's trade names, trademarks, service marks, logos, domain names, or other distinctive brand features.
build	Setup Android SDK	2026-07-29T00:35:54.2814846Z 
build	Setup Android SDK	2026-07-29T00:35:54.2815390Z 3.8 You agree that you will not remove, obscure, or alter any proprietary rights notices (including copyright and trademark notices) that may be affixed to or contained within the SDK.
build	Setup Android SDK	2026-07-29T00:35:54.2816045Z 
build	Setup Android SDK	2026-07-29T00:35:54.2816134Z 4. Use of the SDK by You
build	Setup Android SDK	2026-07-29T00:35:54.2816284Z 
build	Setup Android SDK	2026-07-29T00:35:54.2817081Z 4.1 Google agrees that it obtains no right, title or interest from you (or your licensors) under the License Agreement in or to any software applications that you develop using the SDK, including any intellectual property rights that subsist in those applications.
build	Setup Android SDK	2026-07-29T00:35:54.2817977Z 
build	Setup Android SDK	2026-07-29T00:35:54.2819054Z 4.2 You agree to use the SDK and write applications only for purposes that are permitted by (a) the License Agreement and (b) any applicable law, regulation or generally accepted practices or guidelines in the relevant jurisdictions (including any laws regarding the export of data or software to and from the United States or other relevant countries).
build	Setup Android SDK	2026-07-29T00:35:54.2820233Z 
build	Setup Android SDK	2026-07-29T00:35:54.2822930Z 4.3 You agree that if you use the SDK to develop applications for general public users, you will protect the privacy and legal rights of those users. If the users provide you with user names, passwords, or other login information or personal information, you must make the users aware that the information will be available to your application, and you must provide legally adequate privacy notice and protection for those users. If your application stores personal or sensitive information provided by users, it must do so securely. If the user provides your application with Google Account information, your application may only use that information to access the user's Google Account when, and for the limited purposes for which, the user has given you permission to do so.
build	Setup Android SDK	2026-07-29T00:35:54.2825493Z 
build	Setup Android SDK	2026-07-29T00:35:54.2826592Z 4.4 You agree that you will not engage in any activity with the SDK, including the development or distribution of an application, that interferes with, disrupts, damages, or accesses in an unauthorized manner the servers, networks, or other properties or services of any third party including, but not limited to, Google or any mobile communications carrier.
build	Setup Android SDK	2026-07-29T00:35:54.2827959Z 
build	Setup Android SDK	2026-07-29T00:35:54.2829024Z 4.5 You agree that you are solely responsible for (and that Google has no responsibility to you or to any third party for) any data, content, or resources that you create, transmit or display through Android and/or applications for Android, and for the consequences of your actions (including any loss or damage which Google may suffer) by doing so.
build	Setup Android SDK	2026-07-29T00:35:54.2830221Z 
build	Setup Android SDK	2026-07-29T00:35:54.2831727Z 4.6 You agree that you are solely responsible for (and that Google has no responsibility to you or to any third party for) any breach of your obligations under the License Agreement, any applicable third party contract or Terms of Service, or any applicable law or regulation, and for the consequences (including any loss or damage which Google or any third party may suffer) of any such breach.
build	Setup Android SDK	2026-07-29T00:35:54.2833053Z 
build	Setup Android SDK	2026-07-29T00:35:54.2833954Z 4.7 The SDK is in development, and your testing and feedback are an important part of the development process. By using the SDK, you acknowledge that implementation of some features are still under development and that you should not rely on the SDK having the full functionality of a stable release.
build	Setup Android SDK	2026-07-29T00:35:54.2835214Z 
build	Setup Android SDK	2026-07-29T00:35:54.2835311Z 5. Your Developer Credentials
build	Setup Android SDK	2026-07-29T00:35:54.2835475Z 
build	Setup Android SDK	2026-07-29T00:35:54.2836347Z 5.1 You agree that you are responsible for maintaining the confidentiality of any developer credentials that may be issued to you by Google or which you may choose yourself and that you will be solely responsible for all applications that are developed under your developer credentials.
build	Setup Android SDK	2026-07-29T00:35:54.2837309Z 
build	Setup Android SDK	2026-07-29T00:35:54.2837403Z 6. Privacy and Information
build	Setup Android SDK	2026-07-29T00:35:54.2837547Z 
build	Setup Android SDK	2026-07-29T00:35:54.2839038Z 6.1 In order to continually innovate and improve the SDK, Google may collect certain usage statistics from the software including but not limited to a unique identifier, associated IP address, version number of the software, and information on which tools and/or services in the SDK are being used and how they are being used. Before any of this information is collected, the SDK will notify you and seek your consent. If you withhold consent, the information will not be collected.
build	Setup Android SDK	2026-07-29T00:35:54.2840618Z 
build	Setup Android SDK	2026-07-29T00:35:54.2841611Z 6.2 The data collected is examined in the aggregate to improve the SDK and is maintained in accordance with Google's Privacy Policy, which is located at the following URL: https://policies.google.com/privacy
build	Setup Android SDK	2026-07-29T00:35:54.2842350Z 
build	Setup Android SDK	2026-07-29T00:35:54.2842627Z 6.3 Anonymized and aggregated sets of the data may be shared with Google partners to improve the SDK.
build	Setup Android SDK	2026-07-29T00:35:54.2843001Z 
build	Setup Android SDK	2026-07-29T00:35:54.2843093Z 7. Third Party Applications
build	Setup Android SDK	2026-07-29T00:35:54.2843260Z 
build	Setup Android SDK	2026-07-29T00:35:54.2845092Z 7.1 If you use the SDK to run applications developed by a third party or that access data, content or resources provided by a third party, you agree that Google is not responsible for those applications, data, content, or resources. You understand that all data, content or resources which you may access through such third party applications are the sole responsibility of the person from which they originated and that Google is not liable for any loss or damage that you may experience as a result of the use or access of any of those third party applications, data, content, or resources.
build	Setup Android SDK	2026-07-29T00:35:54.2847019Z 
build	Setup Android SDK	2026-07-29T00:35:54.2848535Z 7.2 You should be aware that the data, content, and resources presented to you through such a third party application may be protected by intellectual property rights which are owned by the providers (or by other persons or companies on their behalf). You may not modify, rent, lease, loan, sell, distribute or create derivative works based on these data, content, or resources (either in whole or in part) unless you have been specifically given permission to do so by the relevant owners.
build	Setup Android SDK	2026-07-29T00:35:54.2850276Z 
build	Setup Android SDK	2026-07-29T00:35:54.2851432Z 7.3 You acknowledge that your use of such third party applications, data, content, or resources may be subject to separate terms between you and the relevant third party. In that case, the License Agreement does not affect your legal relationship with these third parties.
build	Setup Android SDK	2026-07-29T00:35:54.2852369Z 
build	Setup Android SDK	2026-07-29T00:35:54.2852460Z 8. Using Android APIs
build	Setup Android SDK	2026-07-29T00:35:54.2852592Z 
build	Setup Android SDK	2026-07-29T00:35:54.2852678Z 8.1 Google Data APIs
build	Setup Android SDK	2026-07-29T00:35:54.2852801Z 
build	Setup Android SDK	2026-07-29T00:35:54.2854374Z 8.1.1 If you use any API to retrieve data from Google, you acknowledge that the data may be protected by intellectual property rights which are owned by Google or those parties that provide the data (or by other persons or companies on their behalf). Your use of any such API may be subject to additional Terms of Service. You may not modify, rent, lease, loan, sell, distribute or create derivative works based on this data (either in whole or in part) unless allowed by the relevant Terms of Service.
build	Setup Android SDK	2026-07-29T00:35:54.2856137Z 
build	Setup Android SDK	2026-07-29T00:35:54.2858773Z 8.1.2 If you use any API to retrieve a user's data from Google, you acknowledge and agree that you shall retrieve data only with the user's explicit consent and only when, and for the limited purposes for which, the user has given you permission to do so. If you use the Android Recognition Service API, documented at the following URL: https://developer.android.com/reference/android/speech/RecognitionService, as updated from time to time, you acknowledge that the use of the API is subject to the Data Processing Addendum for Products where Google is a Data Processor, which is located at the following URL: https://privacy.google.com/businesses/gdprprocessorterms/, as updated from time to time. By clicking to accept, you hereby agree to the terms of the Data Processing Addendum for Products where Google is a Data Processor.
build	Setup Android SDK	2026-07-29T00:35:54.2861830Z 
build	Setup Android SDK	2026-07-29T00:35:54.2861955Z 9. Terminating this License Agreement
build	Setup Android SDK	2026-07-29T00:35:54.2862136Z 
build	Setup Android SDK	2026-07-29T00:35:54.2862620Z 9.1 The License Agreement will continue to apply until terminated by either you or Google as set out below.
build	Setup Android SDK	2026-07-29T00:35:54.2863346Z 
build	Setup Android SDK	2026-07-29T00:35:54.2863972Z 9.2 If you want to terminate the License Agreement, you may do so by ceasing your use of the SDK and any relevant developer credentials.
build	Setup Android SDK	2026-07-29T00:35:54.2864783Z 
build	Setup Android SDK	2026-07-29T00:35:54.2868204Z 9.3 Google may at any time, terminate the License Agreement with you if: (A) you have breached any provision of the License Agreement; or (B) Google is required to do so by law; or (C) the partner with whom Google offered certain parts of SDK (such as APIs) to you has terminated its relationship with Google or ceased to offer certain parts of the SDK to you; or (D) Google decides to no longer provide the SDK or certain parts of the SDK to users in the country in which you are resident or from which you use the service, or the provision of the SDK or certain SDK services to you by Google is, in Google's sole discretion, no longer commercially viable.
build	Setup Android SDK	2026-07-29T00:35:54.2871950Z 
build	Setup Android SDK	2026-07-29T00:35:54.2874410Z 9.4 When the License Agreement comes to an end, all of the legal rights, obligations and liabilities that you and Google have benefited from, been subject to (or which have accrued over time whilst the License Agreement has been in force) or which are expressed to continue indefinitely, shall be unaffected by this cessation, and the provisions of paragraph 14.7 shall continue to apply to such rights, obligations and liabilities indefinitely.
build	Setup Android SDK	2026-07-29T00:35:54.2877107Z 
build	Setup Android SDK	2026-07-29T00:35:54.2877283Z 10. DISCLAIMER OF WARRANTIES
build	Setup Android SDK	2026-07-29T00:35:54.2877575Z 
build	Setup Android SDK	2026-07-29T00:35:54.2878475Z 10.1 YOU EXPRESSLY UNDERSTAND AND AGREE THAT YOUR USE OF THE SDK IS AT YOUR SOLE RISK AND THAT THE SDK IS PROVIDED "AS IS" AND "AS AVAILABLE" WITHOUT WARRANTY OF ANY KIND FROM GOOGLE.
build	Setup Android SDK	2026-07-29T00:35:54.2879496Z 
build	Setup Android SDK	2026-07-29T00:35:54.2880812Z 10.2 YOUR USE OF THE SDK AND ANY MATERIAL DOWNLOADED OR OTHERWISE OBTAINED THROUGH THE USE OF THE SDK IS AT YOUR OWN DISCRETION AND RISK AND YOU ARE SOLELY RESPONSIBLE FOR ANY DAMAGE TO YOUR COMPUTER SYSTEM OR OTHER DEVICE OR LOSS OF DATA THAT RESULTS FROM SUCH USE.
build	Setup Android SDK	2026-07-29T00:35:54.2882893Z 
build	Setup Android SDK	2026-07-29T00:35:54.2884286Z 10.3 GOOGLE FURTHER EXPRESSLY DISCLAIMS ALL WARRANTIES AND CONDITIONS OF ANY KIND, WHETHER EXPRESS OR IMPLIED, INCLUDING, BUT NOT LIMITED TO THE IMPLIED WARRANTIES AND CONDITIONS OF MERCHANTABILITY, FITNESS FOR A PARTICULAR PURPOSE AND NON-INFRINGEMENT.
build	Setup Android SDK	2026-07-29T00:35:54.2885862Z 
build	Setup Android SDK	2026-07-29T00:35:54.2886022Z 11. LIMITATION OF LIABILITY
build	Setup Android SDK	2026-07-29T00:35:54.2886286Z 
build	Setup Android SDK	2026-07-29T00:35:54.2888792Z 11.1 YOU EXPRESSLY UNDERSTAND AND AGREE THAT GOOGLE, ITS SUBSIDIARIES AND AFFILIATES, AND ITS LICENSORS SHALL NOT BE LIABLE TO YOU UNDER ANY THEORY OF LIABILITY FOR ANY DIRECT, INDIRECT, INCIDENTAL, SPECIAL, CONSEQUENTIAL OR EXEMPLARY DAMAGES THAT MAY BE INCURRED BY YOU, INCLUDING ANY LOSS OF DATA, WHETHER OR NOT GOOGLE OR ITS REPRESENTATIVES HAVE BEEN ADVISED OF OR SHOULD HAVE BEEN AWARE OF THE POSSIBILITY OF ANY SUCH LOSSES ARISING.
build	Setup Android SDK	2026-07-29T00:35:54.2891713Z 
build	Setup Android SDK	2026-07-29T00:35:54.2891874Z 12. Indemnification
build	Setup Android SDK	2026-07-29T00:35:54.2892090Z 
build	Setup Android SDK	2026-07-29T00:35:54.2896287Z 12.1 To the maximum extent permitted by law, you agree to defend, indemnify and hold harmless Google, its affiliates and their respective directors, officers, employees and agents from and against any and all claims, actions, suits or proceedings, as well as any and all losses, liabilities, damages, costs and expenses (including reasonable attorneys fees) arising out of or accruing from (a) your use of the SDK, (b) any application you develop on the SDK that infringes any copyright, trademark, trade secret, trade dress, patent or other intellectual property right of any person or defames any person or violates their rights of publicity or privacy, and (c) any non-compliance by you with the License Agreement.
build	Setup Android SDK	2026-07-29T00:35:54.2898694Z 
build	Setup Android SDK	2026-07-29T00:35:54.2898807Z 13. Changes to the License Agreement
build	Setup Android SDK	2026-07-29T00:35:54.2898988Z 
build	Setup Android SDK	2026-07-29T00:35:54.2899701Z 13.1 Google may make changes to the License Agreement as it distributes new versions of the SDK. When these changes are made, Google will make a new version of the License Agreement available on the website where the SDK is made available.
build	Setup Android SDK	2026-07-29T00:35:54.2900496Z 
build	Setup Android SDK	2026-07-29T00:35:54.2900586Z 14. General Legal Terms
build	Setup Android SDK	2026-07-29T00:35:54.2900718Z 
build	Setup Android SDK	2026-07-29T00:35:54.2901961Z 14.1 The License Agreement constitutes the whole legal agreement between you and Google and governs your use of the SDK (excluding any services which Google may provide to you under a separate written agreement), and completely replaces any prior agreements between you and Google in relation to the SDK.
build	Setup Android SDK	2026-07-29T00:35:54.2903001Z 
build	Setup Android SDK	2026-07-29T00:35:54.2903965Z 14.2 You agree that if Google does not exercise or enforce any legal right or remedy which is contained in the License Agreement (or which Google has the benefit of under any applicable law), this will not be taken to be a formal waiver of Google's rights and that those rights or remedies will still be available to Google.
build	Setup Android SDK	2026-07-29T00:35:54.2905020Z 
build	Setup Android SDK	2026-07-29T00:35:54.2906065Z 14.3 If any court of law, having the jurisdiction to decide on this matter, rules that any provision of the License Agreement is invalid, then that provision will be removed from the License Agreement without affecting the rest of the License Agreement. The remaining provisions of the License Agreement will continue to be valid and enforceable.
build	Setup Android SDK	2026-07-29T00:35:54.2907208Z 
build	Setup Android SDK	2026-07-29T00:35:54.2908572Z 14.4 You acknowledge and agree that each member of the group of companies of which Google is the parent shall be third party beneficiaries to the License Agreement and that such other companies shall be entitled to directly enforce, and rely upon, any provision of the License Agreement that confers a benefit on (or rights in favor of) them. Other than this, no other person or company shall be third party beneficiaries to the License Agreement.
build	Setup Android SDK	2026-07-29T00:35:54.2910187Z 
build	Setup Android SDK	2026-07-29T00:35:54.2911249Z 14.5 EXPORT RESTRICTIONS. THE SDK IS SUBJECT TO UNITED STATES EXPORT LAWS AND REGULATIONS. YOU MUST COMPLY WITH ALL DOMESTIC AND INTERNATIONAL EXPORT LAWS AND REGULATIONS THAT APPLY TO THE SDK. THESE LAWS INCLUDE RESTRICTIONS ON DESTINATIONS, END USERS AND END USE.
build	Setup Android SDK	2026-07-29T00:35:54.2912165Z 
build	Setup Android SDK	2026-07-29T00:35:54.2913213Z 14.6 The rights granted in the License Agreement may not be assigned or transferred by either you or Google without the prior written approval of the other party. Neither you nor Google shall be permitted to delegate their responsibilities or obligations under the License Agreement without the prior written approval of the other party.
build	Setup Android SDK	2026-07-29T00:35:54.2914345Z 
build	Setup Android SDK	2026-07-29T00:35:54.2916092Z 14.7 The License Agreement, and your relationship with Google under the License Agreement, shall be governed by the laws of the State of California without regard to its conflict of laws provisions. You and Google agree to submit to the exclusive jurisdiction of the courts located within the county of Santa Clara, California to resolve any legal matter arising from the License Agreement. Notwithstanding this, you agree that Google shall still be allowed to apply for injunctive remedies (or an equivalent type of urgent legal relief) in any jurisdiction.
build	Setup Android SDK	2026-07-29T00:35:54.2919622Z ---------------------------------------
build	Setup Android SDK	2026-07-29T00:35:54.2920106Z Accept? (y/N): 
build	Setup Android SDK	2026-07-29T00:35:54.2920517Z 3/6: License android-sdk-arm-dbt-license:
build	Setup Android SDK	2026-07-29T00:35:54.2921318Z ---------------------------------------
build	Setup Android SDK	2026-07-29T00:35:54.2921791Z Terms and Conditions
build	Setup Android SDK	2026-07-29T00:35:54.2922032Z 
build	Setup Android SDK	2026-07-29T00:35:54.2922226Z This is the Android Software Development Kit License Agreement
build	Setup Android SDK	2026-07-29T00:35:54.2922483Z 
build	Setup Android SDK	2026-07-29T00:35:54.2922568Z 1. Introduction
build	Setup Android SDK	2026-07-29T00:35:54.2922684Z 
build	Setup Android SDK	2026-07-29T00:35:54.2923813Z 1.1 The Android Software Development Kit (referred to in the License Agreement as the "SDK" and specifically including the Android system files, packaged APIs, and Google APIs add-ons) is licensed to you subject to the terms of the License Agreement. The License Agreement forms a legally binding contract between you and Google in relation to your use of the SDK.
build	Setup Android SDK	2026-07-29T00:35:54.2925044Z 
build	Setup Android SDK	2026-07-29T00:35:54.2925689Z 1.2 "Android" means the Android software stack for devices, as made available under the Android Open Source Project, which is located at the following URL: http://source.android.com/, as updated from time to time.
build	Setup Android SDK	2026-07-29T00:35:54.2926424Z 
build	Setup Android SDK	2026-07-29T00:35:54.2927496Z 1.3 A "compatible implementation" means any Android device that (i) complies with the Android Compatibility Definition document, which can be found at the Android compatibility website (http://source.android.com/compatibility) and which may be updated from time to time; and (ii) successfully passes the Android Compatibility Test Suite (CTS).
build	Setup Android SDK	2026-07-29T00:35:54.2928655Z 
build	Setup Android SDK	2026-07-29T00:35:54.2929113Z 1.4 "Google" means Google Inc., a Delaware corporation with principal place of business at 1600 Amphitheatre Parkway, Mountain View, CA 94043, United States.
build	Setup Android SDK	2026-07-29T00:35:54.2929664Z 
build	Setup Android SDK	2026-07-29T00:35:54.2929668Z 
build	Setup Android SDK	2026-07-29T00:35:54.2929770Z 2. Accepting the License Agreement
build	Setup Android SDK	2026-07-29T00:35:54.2929940Z 
build	Setup Android SDK	2026-07-29T00:35:54.2930331Z 2.1 In order to use the SDK, you must first agree to the License Agreement. You may not use the SDK if you do not accept the License Agreement.
build	Setup Android SDK	2026-07-29T00:35:54.2930802Z 
build	Setup Android SDK	2026-07-29T00:35:54.2931333Z 2.2 By clicking to accept, you hereby agree to the terms of the License Agreement.
build	Setup Android SDK	2026-07-29T00:35:54.2931693Z 
build	Setup Android SDK	2026-07-29T00:35:54.2932432Z 2.3 You may not use the SDK and may not accept the License Agreement if you are a person barred from receiving the SDK under the laws of the United States or other countries, including the country in which you are resident or from which you use the SDK.
build	Setup Android SDK	2026-07-29T00:35:54.2933278Z 
build	Setup Android SDK	2026-07-29T00:35:54.2934383Z 2.4 If you are agreeing to be bound by the License Agreement on behalf of your employer or other entity, you represent and warrant that you have full legal authority to bind your employer or such entity to the License Agreement. If you do not have the requisite authority, you may not accept the License Agreement or use the SDK on behalf of your employer or other entity.
build	Setup Android SDK	2026-07-29T00:35:54.2935779Z 
build	Setup Android SDK	2026-07-29T00:35:54.2935784Z 
build	Setup Android SDK	2026-07-29T00:35:54.2935883Z 3. SDK License from Google
build	Setup Android SDK	2026-07-29T00:35:54.2936025Z 
build	Setup Android SDK	2026-07-29T00:35:54.2936823Z 3.1 Subject to the terms of the License Agreement, Google grants you a limited, worldwide, royalty-free, non-assignable, non-exclusive, and non-sublicensable license to use the SDK solely to develop applications for compatible implementations of Android.
build	Setup Android SDK	2026-07-29T00:35:54.2937698Z 
build	Setup Android SDK	2026-07-29T00:35:54.2938725Z 3.2 You may not use this SDK to develop applications for other platforms (including non-compatible implementations of Android) or to develop another SDK. You are of course free to develop applications for other platforms, including non-compatible implementations of Android, provided that this SDK is not used for that purpose.
build	Setup Android SDK	2026-07-29T00:35:54.2939959Z 
build	Setup Android SDK	2026-07-29T00:35:54.2941452Z 3.3 You agree that Google or third parties own all legal right, title and interest in and to the SDK, including any Intellectual Property Rights that subsist in the SDK. "Intellectual Property Rights" means any and all rights under patent law, copyright law, trade secret law, trademark law, and any and all other proprietary rights. Google reserves all rights not expressly granted to you.
build	Setup Android SDK	2026-07-29T00:35:54.2942762Z 
build	Setup Android SDK	2026-07-29T00:35:54.2944299Z 3.4 You may not use the SDK for any purpose not expressly permitted by the License Agreement. Except to the extent required by applicable third party licenses, you may not copy (except for backup purposes), modify, adapt, redistribute, decompile, reverse engineer, disassemble, or create derivative works of the SDK or any part of the SDK.
build	Setup Android SDK	2026-07-29T00:35:54.2945672Z 
build	Setup Android SDK	2026-07-29T00:35:54.2946372Z 3.5 Use, reproduction and distribution of components of the SDK licensed under an open source software license are governed solely by the terms of that open source software license and not the License Agreement.
build	Setup Android SDK	2026-07-29T00:35:54.2947110Z 
build	Setup Android SDK	2026-07-29T00:35:54.2948475Z 3.6 You agree that the form and nature of the SDK that Google provides may change without prior notice to you and that future versions of the SDK may be incompatible with applications developed on previous versions of the SDK. You agree that Google may stop (permanently or temporarily) providing the SDK (or any features within the SDK) to you or to users generally at Google's sole discretion, without prior notice to you.
build	Setup Android SDK	2026-07-29T00:35:54.2949859Z 
build	Setup Android SDK	2026-07-29T00:35:54.2950359Z 3.7 Nothing in the License Agreement gives you a right to use any of Google's trade names, trademarks, service marks, logos, domain names, or other distinctive brand features.
build	Setup Android SDK	2026-07-29T00:35:54.2951174Z 
build	Setup Android SDK	2026-07-29T00:35:54.2951826Z 3.8 You agree that you will not remove, obscure, or alter any proprietary rights notices (including copyright and trademark notices) that may be affixed to or contained within the SDK.
build	Setup Android SDK	2026-07-29T00:35:54.2952480Z 
build	Setup Android SDK	2026-07-29T00:35:54.2952485Z 
build	Setup Android SDK	2026-07-29T00:35:54.2952577Z 4. Use of the SDK by You
build	Setup Android SDK	2026-07-29T00:35:54.2952716Z 
build	Setup Android SDK	2026-07-29T00:35:54.2953520Z 4.1 Google agrees that it obtains no right, title or interest from you (or your licensors) under the License Agreement in or to any software applications that you develop using the SDK, including any intellectual property rights that subsist in those applications.
build	Setup Android SDK	2026-07-29T00:35:54.2954398Z 
build	Setup Android SDK	2026-07-29T00:35:54.2955473Z 4.2 You agree to use the SDK and write applications only for purposes that are permitted by (a) the License Agreement and (b) any applicable law, regulation or generally accepted practices or guidelines in the relevant jurisdictions (including any laws regarding the export of data or software to and from the United States or other relevant countries).
build	Setup Android SDK	2026-07-29T00:35:54.2956646Z 
build	Setup Android SDK	2026-07-29T00:35:54.2959279Z 4.3 You agree that if you use the SDK to develop applications for general public users, you will protect the privacy and legal rights of those users. If the users provide you with user names, passwords, or other login information or personal information, you must make the users aware that the information will be available to your application, and you must provide legally adequate privacy notice and protection for those users. If your application stores personal or sensitive information provided by users, it must do so securely. If the user provides your application with Google Account information, your application may only use that information to access the user's Google Account when, and for the limited purposes for which, the user has given you permission to do so.
build	Setup Android SDK	2026-07-29T00:35:54.2962032Z 
build	Setup Android SDK	2026-07-29T00:35:54.2963132Z 4.4 You agree that you will not engage in any activity with the SDK, including the development or distribution of an application, that interferes with, disrupts, damages, or accesses in an unauthorized manner the servers, networks, or other properties or services of any third party including, but not limited to, Google or any mobile communications carrier.
build	Setup Android SDK	2026-07-29T00:35:54.2964439Z 
build	Setup Android SDK	2026-07-29T00:35:54.2965489Z 4.5 You agree that you are solely responsible for (and that Google has no responsibility to you or to any third party for) any data, content, or resources that you create, transmit or display through Android and/or applications for Android, and for the consequences of your actions (including any loss or damage which Google may suffer) by doing so.
build	Setup Android SDK	2026-07-29T00:35:54.2966642Z 
build	Setup Android SDK	2026-07-29T00:35:54.2967834Z 4.6 You agree that you are solely responsible for (and that Google has no responsibility to you or to any third party for) any breach of your obligations under the License Agreement, any applicable third party contract or Terms of Service, or any applicable law or regulation, and for the consequences (including any loss or damage which Google or any third party may suffer) of any such breach.
build	Setup Android SDK	2026-07-29T00:35:54.2969127Z 
build	Setup Android SDK	2026-07-29T00:35:54.2970642Z 4.7 This software enables the execution of intellectual property owned by Arm Limited. You agree that your use of the software, that allows execution of ARM Instruction Set Architecture (“ISA”) compliant executables for application development and debug only on x86 desktop, laptop, customer on-premise servers, and customer-procured cloud-based environments.
build	Setup Android SDK	2026-07-29T00:35:54.2972183Z 
build	Setup Android SDK	2026-07-29T00:35:54.2972292Z 5. Your Developer Credentials
build	Setup Android SDK	2026-07-29T00:35:54.2972452Z 
build	Setup Android SDK	2026-07-29T00:35:54.2974010Z 5.1 You agree that you are responsible for maintaining the confidentiality of any developer credentials that may be issued to you by Google or which you may choose yourself and that you will be solely responsible for all applications that are developed under your developer credentials.
build	Setup Android SDK	2026-07-29T00:35:54.2975157Z 
build	Setup Android SDK	2026-07-29T00:35:54.2975257Z 6. Privacy and Information
build	Setup Android SDK	2026-07-29T00:35:54.2975407Z 
build	Setup Android SDK	2026-07-29T00:35:54.2976898Z 6.1 In order to continually innovate and improve the SDK, Google may collect certain usage statistics from the software including but not limited to a unique identifier, associated IP address, version number of the software, and information on which tools and/or services in the SDK are being used and how they are being used. Before any of this information is collected, the SDK will notify you and seek your consent. If you withhold consent, the information will not be collected.
build	Setup Android SDK	2026-07-29T00:35:54.2978476Z 
build	Setup Android SDK	2026-07-29T00:35:54.2978849Z 6.2 The data collected is examined in the aggregate to improve the SDK and is maintained in accordance with Google's Privacy Policy.
build	Setup Android SDK	2026-07-29T00:35:54.2979317Z 
build	Setup Android SDK	2026-07-29T00:35:54.2979321Z 
build	Setup Android SDK	2026-07-29T00:35:54.2979424Z 7. Third Party Applications
build	Setup Android SDK	2026-07-29T00:35:54.2979577Z 
build	Setup Android SDK	2026-07-29T00:35:54.2981700Z 7.1 If you use the SDK to run applications developed by a third party or that access data, content or resources provided by a third party, you agree that Google is not responsible for those applications, data, content, or resources. You understand that all data, content or resources which you may access through such third party applications are the sole responsibility of the person from which they originated and that Google is not liable for any loss or damage that you may experience as a result of the use or access of any of those third party applications, data, content, or resources.
build	Setup Android SDK	2026-07-29T00:35:54.2983815Z 
build	Setup Android SDK	2026-07-29T00:35:54.2985308Z 7.2 You should be aware the data, content, and resources presented to you through such a third party application may be protected by intellectual property rights which are owned by the providers (or by other persons or companies on their behalf). You may not modify, rent, lease, loan, sell, distribute or create derivative works based on these data, content, or resources (either in whole or in part) unless you have been specifically given permission to do so by the relevant owners.
build	Setup Android SDK	2026-07-29T00:35:54.2987758Z 
build	Setup Android SDK	2026-07-29T00:35:54.2988837Z 7.3 You acknowledge that your use of such third party applications, data, content, or resources may be subject to separate terms between you and the relevant third party. In that case, the License Agreement does not affect your legal relationship with these third parties.
build	Setup Android SDK	2026-07-29T00:35:54.2989977Z 
build	Setup Android SDK	2026-07-29T00:35:54.2989983Z 
build	Setup Android SDK	2026-07-29T00:35:54.2990069Z 8. Using Android APIs
build	Setup Android SDK	2026-07-29T00:35:54.2990213Z 
build	Setup Android SDK	2026-07-29T00:35:54.2990302Z 8.1 Google Data APIs
build	Setup Android SDK	2026-07-29T00:35:54.2990429Z 
build	Setup Android SDK	2026-07-29T00:35:54.2992339Z 8.1.1 If you use any API to retrieve data from Google, you acknowledge that the data may be protected by intellectual property rights which are owned by Google or those parties that provide the data (or by other persons or companies on their behalf). Your use of any such API may be subject to additional Terms of Service. You may not modify, rent, lease, loan, sell, distribute or create derivative works based on this data (either in whole or in part) unless allowed by the relevant Terms of Service.
build	Setup Android SDK	2026-07-29T00:35:54.2993975Z 
build	Setup Android SDK	2026-07-29T00:35:54.2997028Z 8.1.2 If you use any API to retrieve a user's data from Google, you acknowledge and agree that you shall retrieve data only with the user's explicit consent and only when, and for the limited purposes for which, the user has given you permission to do so. If you use the Android Recognition Service API, documented at the following URL: https://developer.android.com/reference/android/speech/RecognitionService, as updated from time to time, you acknowledge that the use of the API is subject to the Data Processing Addendum for Products where Google is a Data Processor, which is located at the following URL: https://privacy.google.com/businesses/gdprprocessorterms/, as updated from time to time. By clicking to accept, you hereby agree to the terms of the Data Processing Addendum for Products where Google is a Data Processor.
build	Setup Android SDK	2026-07-29T00:35:54.3000352Z 
build	Setup Android SDK	2026-07-29T00:35:54.3000365Z 
build	Setup Android SDK	2026-07-29T00:35:54.3000548Z 9. Terminating the License Agreement
build	Setup Android SDK	2026-07-29T00:35:54.3000883Z 
build	Setup Android SDK	2026-07-29T00:35:54.3001634Z 9.1 The License Agreement will continue to apply until terminated by either you or Google as set out below.
build	Setup Android SDK	2026-07-29T00:35:54.3002352Z 
build	Setup Android SDK	2026-07-29T00:35:54.3003027Z 9.2 If you want to terminate the License Agreement, you may do so by ceasing your use of the SDK and any relevant developer credentials.
build	Setup Android SDK	2026-07-29T00:35:54.3003890Z 
build	Setup Android SDK	2026-07-29T00:35:54.3007523Z 9.3 Google may at any time, terminate the License Agreement with you if: (A) you have breached any provision of the License Agreement; or (B) Google is required to do so by law; or (C) the partner with whom Google offered certain parts of SDK (such as APIs) to you has terminated its relationship with Google or ceased to offer certain parts of the SDK to you; or (D) Google decides to no longer provide the SDK or certain parts of the SDK to users in the country in which you are resident or from which you use the service, or the provision of the SDK or certain SDK services to you by Google is, in Google's sole discretion, no longer commercially viable.
build	Setup Android SDK	2026-07-29T00:35:54.3011688Z 
build	Setup Android SDK	2026-07-29T00:35:54.3014153Z 9.4 When the License Agreement comes to an end, all of the legal rights, obligations and liabilities that you and Google have benefited from, been subject to (or which have accrued over time whilst the License Agreement has been in force) or which are expressed to continue indefinitely, shall be unaffected by this cessation, and the provisions of paragraph 14.7 shall continue to apply to such rights, obligations and liabilities indefinitely.
build	Setup Android SDK	2026-07-29T00:35:54.3016821Z 
build	Setup Android SDK	2026-07-29T00:35:54.3016835Z 
build	Setup Android SDK	2026-07-29T00:35:54.3017006Z 10. DISCLAIMER OF WARRANTIES
build	Setup Android SDK	2026-07-29T00:35:54.3017286Z 
build	Setup Android SDK	2026-07-29T00:35:54.3018177Z 10.1 YOU EXPRESSLY UNDERSTAND AND AGREE THAT YOUR USE OF THE SDK IS AT YOUR SOLE RISK AND THAT THE SDK IS PROVIDED "AS IS" AND "AS AVAILABLE" WITHOUT WARRANTY OF ANY KIND FROM GOOGLE.
build	Setup Android SDK	2026-07-29T00:35:54.3019246Z 
build	Setup Android SDK	2026-07-29T00:35:54.3020624Z 10.2 YOUR USE OF THE SDK AND ANY MATERIAL DOWNLOADED OR OTHERWISE OBTAINED THROUGH THE USE OF THE SDK IS AT YOUR OWN DISCRETION AND RISK AND YOU ARE SOLELY RESPONSIBLE FOR ANY DAMAGE TO YOUR COMPUTER SYSTEM OR OTHER DEVICE OR LOSS OF DATA THAT RESULTS FROM SUCH USE.
build	Setup Android SDK	2026-07-29T00:35:54.3022044Z 
build	Setup Android SDK	2026-07-29T00:35:54.3022851Z 10.3 GOOGLE FURTHER EXPRESSLY DISCLAIMS ALL WARRANTIES AND CONDITIONS OF ANY KIND, WHETHER EXPRESS OR IMPLIED, INCLUDING, BUT NOT LIMITED TO THE IMPLIED WARRANTIES AND CONDITIONS OF MERCHANTABILITY, FITNESS FOR A PARTICULAR PURPOSE AND NON-INFRINGEMENT.
build	Setup Android SDK	2026-07-29T00:35:54.3023735Z 
build	Setup Android SDK	2026-07-29T00:35:54.3023740Z 
build	Setup Android SDK	2026-07-29T00:35:54.3023834Z 11. LIMITATION OF LIABILITY
build	Setup Android SDK	2026-07-29T00:35:54.3023987Z 
build	Setup Android SDK	2026-07-29T00:35:54.3025335Z 11.1 YOU EXPRESSLY UNDERSTAND AND AGREE THAT GOOGLE, ITS SUBSIDIARIES AND AFFILIATES, AND ITS LICENSORS SHALL NOT BE LIABLE TO YOU UNDER ANY THEORY OF LIABILITY FOR ANY DIRECT, INDIRECT, INCIDENTAL, SPECIAL, CONSEQUENTIAL OR EXEMPLARY DAMAGES THAT MAY BE INCURRED BY YOU, INCLUDING ANY LOSS OF DATA, WHETHER OR NOT GOOGLE OR ITS REPRESENTATIVES HAVE BEEN ADVISED OF OR SHOULD HAVE BEEN AWARE OF THE POSSIBILITY OF ANY SUCH LOSSES ARISING.
build	Setup Android SDK	2026-07-29T00:35:54.3026777Z 
build	Setup Android SDK	2026-07-29T00:35:54.3026781Z 
build	Setup Android SDK	2026-07-29T00:35:54.3026867Z 12. Indemnification
build	Setup Android SDK	2026-07-29T00:35:54.3026993Z 
build	Setup Android SDK	2026-07-29T00:35:54.3029250Z 12.1 To the maximum extent permitted by law, you agree to defend, indemnify and hold harmless Google, its affiliates and their respective directors, officers, employees and agents from and against any and all claims, actions, suits or proceedings, as well as any and all losses, liabilities, damages, costs and expenses (including reasonable attorneys fees) arising out of or accruing from (a) your use of the SDK, (b) any application you develop on the SDK that infringes any copyright, trademark, trade secret, trade dress, patent or other intellectual property right of any person or defames any person or violates their rights of publicity or privacy, and (c) any non-compliance by you with the License Agreement.
build	Setup Android SDK	2026-07-29T00:35:54.3031819Z 
build	Setup Android SDK	2026-07-29T00:35:54.3031825Z 
build	Setup Android SDK	2026-07-29T00:35:54.3031929Z 13. Changes to the License Agreement
build	Setup Android SDK	2026-07-29T00:35:54.3032115Z 
build	Setup Android SDK	2026-07-29T00:35:54.3032818Z 13.1 Google may make changes to the License Agreement as it distributes new versions of the SDK. When these changes are made, Google will make a new version of the License Agreement available on the website where the SDK is made available.
build	Setup Android SDK	2026-07-29T00:35:54.3033609Z 
build	Setup Android SDK	2026-07-29T00:35:54.3033613Z 
build	Setup Android SDK	2026-07-29T00:35:54.3033703Z 14. General Legal Terms
build	Setup Android SDK	2026-07-29T00:35:54.3033840Z 
build	Setup Android SDK	2026-07-29T00:35:54.3034776Z 14.1 The License Agreement constitutes the whole legal agreement between you and Google and governs your use of the SDK (excluding any services which Google may provide to you under a separate written agreement), and completely replaces any prior agreements between you and Google in relation to the SDK.
build	Setup Android SDK	2026-07-29T00:35:54.3035790Z 
build	Setup Android SDK	2026-07-29T00:35:54.3036750Z 14.2 You agree that if Google does not exercise or enforce any legal right or remedy which is contained in the License Agreement (or which Google has the benefit of under any applicable law), this will not be taken to be a formal waiver of Google's rights and that those rights or remedies will still be available to Google.
build	Setup Android SDK	2026-07-29T00:35:54.3037988Z 
build	Setup Android SDK	2026-07-29T00:35:54.3039041Z 14.3 If any court of law, having the jurisdiction to decide on this matter, rules that any provision of the License Agreement is invalid, then that provision will be removed from the License Agreement without affecting the rest of the License Agreement. The remaining provisions of the License Agreement will continue to be valid and enforceable.
build	Setup Android SDK	2026-07-29T00:35:54.3040181Z 
build	Setup Android SDK	2026-07-29T00:35:54.3041753Z 14.4 You acknowledge and agree that each member of the group of companies of which Google is the parent shall be third party beneficiaries to the License Agreement and that such other companies shall be entitled to directly enforce, and rely upon, any provision of the License Agreement that confers a benefit on (or rights in favor of) them. Other than this, no other person or company shall be third party beneficiaries to the License Agreement.
build	Setup Android SDK	2026-07-29T00:35:54.3043369Z 
build	Setup Android SDK	2026-07-29T00:35:54.3044186Z 14.5 EXPORT RESTRICTIONS. THE SDK IS SUBJECT TO UNITED STATES EXPORT LAWS AND REGULATIONS. YOU MUST COMPLY WITH ALL DOMESTIC AND INTERNATIONAL EXPORT LAWS AND REGULATIONS THAT APPLY TO THE SDK. THESE LAWS INCLUDE RESTRICTIONS ON DESTINATIONS, END USERS AND END USE.
build	Setup Android SDK	2026-07-29T00:35:54.3045075Z 
build	Setup Android SDK	2026-07-29T00:35:54.3046124Z 14.6 The rights granted in the License Agreement may not be assigned or transferred by either you or Google without the prior written approval of the other party. Neither you nor Google shall be permitted to delegate their responsibilities or obligations under the License Agreement without the prior written approval of the other party.
build	Setup Android SDK	2026-07-29T00:35:54.3047256Z 
build	Setup Android SDK	2026-07-29T00:35:54.3049172Z 14.7 The License Agreement, and your relationship with Google under the License Agreement, shall be governed by the laws of the State of California without regard to its conflict of laws provisions. You and Google agree to submit to the exclusive jurisdiction of the courts located within the county of Santa Clara, California to resolve any legal matter arising from the License Agreement. Notwithstanding this, you agree that Google shall still be allowed to apply for injunctive remedies (or an equivalent type of urgent legal relief) in any jurisdiction.
build	Setup Android SDK	2026-07-29T00:35:54.3051998Z 
build	Setup Android SDK	2026-07-29T00:35:54.3052012Z 
build	Setup Android SDK	2026-07-29T00:35:54.3052114Z January 16, 2019
build	Setup Android SDK	2026-07-29T00:35:54.3052343Z ---------------------------------------
build	Setup Android SDK	2026-07-29T00:35:54.3052748Z Accept? (y/N): 
build	Setup Android SDK	2026-07-29T00:35:54.3052988Z 4/6: License android-sdk-preview-license:
build	Setup Android SDK	2026-07-29T00:35:54.3053347Z ---------------------------------------
build	Setup Android SDK	2026-07-29T00:35:54.3055526Z To get started with the Android SDK Preview, you must agree to the following terms and conditions. As described below, please note that this is a preview version of the Android SDK, subject to change, that you use at your own risk. The Android SDK Preview is not a stable release, and may contain errors and defects that can result in serious damage to your computer systems, devices and data.
build	Setup Android SDK	2026-07-29T00:35:54.3057878Z 
build	Setup Android SDK	2026-07-29T00:35:54.3058240Z This is the Android SDK Preview License Agreement (the "License Agreement").
build	Setup Android SDK	2026-07-29T00:35:54.3058766Z 
build	Setup Android SDK	2026-07-29T00:35:54.3058910Z 1. Introduction
build	Setup Android SDK	2026-07-29T00:35:54.3059120Z 
build	Setup Android SDK	2026-07-29T00:35:54.3062170Z 1.1 The Android SDK Preview (referred to in the License Agreement as the “Preview” and specifically including the Android system files, packaged APIs, and Preview library files, if and when they are made available) is licensed to you subject to the terms of the License Agreement. The License Agreement forms a legally binding contract between you and Google in relation to your use of the Preview.
build	Setup Android SDK	2026-07-29T00:35:54.3064643Z 
build	Setup Android SDK	2026-07-29T00:35:54.3065828Z 1.2 "Android" means the Android software stack for devices, as made available under the Android Open Source Project, which is located at the following URL: http://source.android.com/, as updated from time to time.
build	Setup Android SDK	2026-07-29T00:35:54.3067438Z 
build	Setup Android SDK	2026-07-29T00:35:54.3068300Z 1.3 "Google" means Google Inc., a Delaware corporation with principal place of business at 1600 Amphitheatre Parkway, Mountain View, CA 94043, United States.
build	Setup Android SDK	2026-07-29T00:35:54.3069312Z 
build	Setup Android SDK	2026-07-29T00:35:54.3069504Z 2. Accepting the License Agreement
build	Setup Android SDK	2026-07-29T00:35:54.3069816Z 
build	Setup Android SDK	2026-07-29T00:35:54.3070590Z 2.1 In order to use the Preview, you must first agree to the License Agreement. You may not use the Preview if you do not accept the License Agreement.
build	Setup Android SDK	2026-07-29T00:35:54.3071756Z 
build	Setup Android SDK	2026-07-29T00:35:54.3072276Z 2.2 By clicking to accept and/or using the Preview, you hereby agree to the terms of the License Agreement.
build	Setup Android SDK	2026-07-29T00:35:54.3072807Z 
build	Setup Android SDK	2026-07-29T00:35:54.3073592Z 2.3 You may not use the Preview and may not accept the License Agreement if you are a person barred from receiving the Preview under the laws of the United States or other countries including the country in which you are resident or from which you use the Preview.
build	Setup Android SDK	2026-07-29T00:35:54.3074659Z 
build	Setup Android SDK	2026-07-29T00:35:54.3076003Z 2.4 If you will use the Preview internally within your company or organization you agree to be bound by the License Agreement on behalf of your employer or other entity, and you represent and warrant that you have full legal authority to bind your employer or such entity to the License Agreement. If you do not have the requisite authority, you may not accept the License Agreement or use the Preview on behalf of your employer or other entity.
build	Setup Android SDK	2026-07-29T00:35:54.3077695Z 
build	Setup Android SDK	2026-07-29T00:35:54.3077806Z 3. Preview License from Google
build	Setup Android SDK	2026-07-29T00:35:54.3077966Z 
build	Setup Android SDK	2026-07-29T00:35:54.3078978Z 3.1 Subject to the terms of the License Agreement, Google grants you a royalty-free, non-assignable, non-exclusive, non-sublicensable, limited, revocable license to use the Preview, personally or internally within your company or organization, solely to develop applications to run on the Android platform.
build	Setup Android SDK	2026-07-29T00:35:54.3080044Z 
build	Setup Android SDK	2026-07-29T00:35:54.3081642Z 3.2 You agree that Google or third parties owns all legal right, title and interest in and to the Preview, including any Intellectual Property Rights that subsist in the Preview. "Intellectual Property Rights" means any and all rights under patent law, copyright law, trade secret law, trademark law, and any and all other proprietary rights. Google reserves all rights not expressly granted to you.
build	Setup Android SDK	2026-07-29T00:35:54.3082984Z 
build	Setup Android SDK	2026-07-29T00:35:54.3084830Z 3.3 You may not use the Preview for any purpose not expressly permitted by the License Agreement. Except to the extent required by applicable third party licenses, you may not: (a) copy (except for backup purposes), modify, adapt, redistribute, decompile, reverse engineer, disassemble, or create derivative works of the Preview or any part of the Preview; or (b) load any part of the Preview onto a mobile handset or any other hardware device except a personal computer, combine any part of the Preview with other software, or distribute any software or device incorporating a part of the Preview.
build	Setup Android SDK	2026-07-29T00:35:54.3088000Z 
build	Setup Android SDK	2026-07-29T00:35:54.3089471Z 3.4 You agree that you will not take any actions that may cause or result in the fragmentation of Android, including but not limited to distributing, participating in the creation of, or promoting in any way a software development kit derived from the Preview.
build	Setup Android SDK	2026-07-29T00:35:54.3091317Z 
build	Setup Android SDK	2026-07-29T00:35:54.3093678Z 3.5 Use, reproduction and distribution of components of the Preview licensed under an open source software license are governed solely by the terms of that open source software license and not the License Agreement. You agree to remain a licensee in good standing in regard to such open source software licenses under all the rights granted and to refrain from any actions that may terminate, suspend, or breach such rights.
build	Setup Android SDK	2026-07-29T00:35:54.3096187Z 
build	Setup Android SDK	2026-07-29T00:35:54.3098879Z 3.6 You agree that the form and nature of the Preview that Google provides may change without prior notice to you and that future versions of the Preview may be incompatible with applications developed on previous versions of the Preview. You agree that Google may stop (permanently or temporarily) providing the Preview (or any features within the Preview) to you or to users generally at Google's sole discretion, without prior notice to you.
build	Setup Android SDK	2026-07-29T00:35:54.3101678Z 
build	Setup Android SDK	2026-07-29T00:35:54.3102584Z 3.7 Nothing in the License Agreement gives you a right to use any of Google's trade names, trademarks, service marks, logos, domain names, or other distinctive brand features.
build	Setup Android SDK	2026-07-29T00:35:54.3103649Z 
build	Setup Android SDK	2026-07-29T00:35:54.3104679Z 3.8 You agree that you will not remove, obscure, or alter any proprietary rights notices (including copyright and trademark notices) that may be affixed to or contained within the Preview.
build	Setup Android SDK	2026-07-29T00:35:54.3105848Z 
build	Setup Android SDK	2026-07-29T00:35:54.3106051Z 4. Use of the Preview by You
build	Setup Android SDK	2026-07-29T00:35:54.3106380Z 
build	Setup Android SDK	2026-07-29T00:35:54.3108056Z 4.1 Google agrees that nothing in the License Agreement gives Google any right, title or interest from you (or your licensors) under the License Agreement in or to any software applications that you develop using the Preview, including any intellectual property rights that subsist in those applications.
build	Setup Android SDK	2026-07-29T00:35:54.3110217Z 
build	Setup Android SDK	2026-07-29T00:35:54.3112489Z 4.2 You agree to use the Preview and write applications only for purposes that are permitted by (a) the License Agreement, and (b) any applicable law, regulation or generally accepted practices or guidelines in the relevant jurisdictions (including any laws regarding the export of data or software to and from the United States or other relevant countries).
build	Setup Android SDK	2026-07-29T00:35:54.3114645Z 
build	Setup Android SDK	2026-07-29T00:35:54.3118805Z 4.3 You agree that if you use the Preview to develop applications, you will protect the privacy and legal rights of users. If users provide you with user names, passwords, or other login information or personal information, you must make the users aware that the information will be available to your application, and you must provide legally adequate privacy notice and protection for those users. If your application stores personal or sensitive information provided by users, it must do so securely. If users provide you with Google Account information, your application may only use that information to access the user's Google Account when, and for the limited purposes for which, each user has given you permission to do so.
build	Setup Android SDK	2026-07-29T00:35:54.3123287Z 
build	Setup Android SDK	2026-07-29T00:35:54.3124900Z 4.4 You agree that you will not engage in any activity with the Preview, including the development or distribution of an application, that interferes with, disrupts, damages, or accesses in an unauthorized manner the servers, networks, or other properties or services of Google or any third party.
build	Setup Android SDK	2026-07-29T00:35:54.3126656Z 
build	Setup Android SDK	2026-07-29T00:35:54.3128546Z 4.5 You agree that you are solely responsible for (and that Google has no responsibility to you or to any third party for) any data, content, or resources that you create, transmit or display through Android and/or applications for Android, and for the consequences of your actions (including any loss or damage which Google may suffer) by doing so.
build	Setup Android SDK	2026-07-29T00:35:54.3130607Z 
build	Setup Android SDK	2026-07-29T00:35:54.3132982Z 4.6 You agree that you are solely responsible for (and that Google has no responsibility to you or to any third party for) any breach of your obligations under the License Agreement, any applicable third party contract or Terms of Service, or any applicable law or regulation, and for the consequences (including any loss or damage which Google or any third party may suffer) of any such breach.
build	Setup Android SDK	2026-07-29T00:35:54.3135293Z 
build	Setup Android SDK	2026-07-29T00:35:54.3137996Z 4.7 The Preview is in development, and your testing and feedback are an important part of the development process. By using the Preview, you acknowledge that implementation of some features are still under development and that you should not rely on the Preview having the full functionality of a stable release. You agree not to publicly distribute or ship any application using this Preview as this Preview will no longer be supported after the official Android SDK is released.
build	Setup Android SDK	2026-07-29T00:35:54.3141327Z 
build	Setup Android SDK	2026-07-29T00:35:54.3141498Z 5. Your Developer Credentials
build	Setup Android SDK	2026-07-29T00:35:54.3141776Z 
build	Setup Android SDK	2026-07-29T00:35:54.3143337Z 5.1 You agree that you are responsible for maintaining the confidentiality of any developer credentials that may be issued to you by Google or which you may choose yourself and that you will be solely responsible for all applications that are developed under your developer credentials.
build	Setup Android SDK	2026-07-29T00:35:54.3145069Z 
build	Setup Android SDK	2026-07-29T00:35:54.3145241Z 6. Privacy and Information
build	Setup Android SDK	2026-07-29T00:35:54.3145498Z 
build	Setup Android SDK	2026-07-29T00:35:54.3148282Z 6.1 In order to continually innovate and improve the Preview, Google may collect certain usage statistics from the software including but not limited to a unique identifier, associated IP address, version number of the software, and information on which tools and/or services in the Preview are being used and how they are being used. Before any of this information is collected, the Preview will notify you and seek your consent. If you withhold consent, the information will not be collected.
build	Setup Android SDK	2026-07-29T00:35:54.3151671Z 
build	Setup Android SDK	2026-07-29T00:35:54.3152709Z 6.2 The data collected is examined in the aggregate to improve the Preview and is maintained in accordance with Google's Privacy Policy located at http://www.google.com/policies/privacy/.
build	Setup Android SDK	2026-07-29T00:35:54.3153905Z 
build	Setup Android SDK	2026-07-29T00:35:54.3154072Z 7. Third Party Applications
build	Setup Android SDK	2026-07-29T00:35:54.3154346Z 
build	Setup Android SDK	2026-07-29T00:35:54.3157629Z 7.1 If you use the Preview to run applications developed by a third party or that access data, content or resources provided by a third party, you agree that Google is not responsible for those applications, data, content, or resources. You understand that all data, content or resources which you may access through such third party applications are the sole responsibility of the person from which they originated and that Google is not liable for any loss or damage that you may experience as a result of the use or access of any of those third party applications, data, content, or resources.
build	Setup Android SDK	2026-07-29T00:35:54.3161221Z 
build	Setup Android SDK	2026-07-29T00:35:54.3163909Z 7.2 You should be aware the data, content, and resources presented to you through such a third party application may be protected by intellectual property rights which are owned by the providers (or by other persons or companies on their behalf). You may not modify, rent, lease, loan, sell, distribute or create derivative works based on these data, content, or resources (either in whole or in part) unless you have been specifically given permission to do so by the relevant owners.
build	Setup Android SDK	2026-07-29T00:35:54.3166720Z 
build	Setup Android SDK	2026-07-29T00:35:54.3167630Z 7.3 You acknowledge that your use of such third party applications, data, content, or resources may be subject to separate terms between you and the relevant third party.
build	Setup Android SDK	2026-07-29T00:35:54.3168703Z 
build	Setup Android SDK	2026-07-29T00:35:54.3168857Z 8. Using Google APIs
build	Setup Android SDK	2026-07-29T00:35:54.3169101Z 
build	Setup Android SDK	2026-07-29T00:35:54.3169237Z 8.1 Google APIs
build	Setup Android SDK	2026-07-29T00:35:54.3169445Z 
build	Setup Android SDK	2026-07-29T00:35:54.3172317Z 8.1.1 If you use any API to retrieve data from Google, you acknowledge that the data may be protected by intellectual property rights which are owned by Google or those parties that provide the data (or by other persons or companies on their behalf). Your use of any such API may be subject to additional Terms of Service. You may not modify, rent, lease, loan, sell, distribute or create derivative works based on this data (either in whole or in part) unless allowed by the relevant Terms of Service.
build	Setup Android SDK	2026-07-29T00:35:54.3175135Z 
build	Setup Android SDK	2026-07-29T00:35:54.3176436Z 8.1.2 If you use any API to retrieve a user's data from Google, you acknowledge and agree that you shall retrieve data only with the user's explicit consent and only when, and for the limited purposes for which, the user has given you permission to do so.
build	Setup Android SDK	2026-07-29T00:35:54.3178133Z 
build	Setup Android SDK	2026-07-29T00:35:54.3178362Z 9. Terminating the License Agreement
build	Setup Android SDK	2026-07-29T00:35:54.3178846Z 
build	Setup Android SDK	2026-07-29T00:35:54.3179643Z 9.1 the License Agreement will continue to apply until terminated by either you or Google as set out below.
build	Setup Android SDK	2026-07-29T00:35:54.3180690Z 
build	Setup Android SDK	2026-07-29T00:35:54.3181835Z 9.2 If you want to terminate the License Agreement, you may do so by ceasing your use of the Preview and any relevant developer credentials.
build	Setup Android SDK	2026-07-29T00:35:54.3183087Z 
build	Setup Android SDK	2026-07-29T00:35:54.3183796Z 9.3 Google may at any time, terminate the License Agreement, with or without cause, upon notice to you.
build	Setup Android SDK	2026-07-29T00:35:54.3184762Z 
build	Setup Android SDK	2026-07-29T00:35:54.3187426Z 9.4 The License Agreement will automatically terminate without notice or other action upon the earlier of: (A) when Google ceases to provide the Preview or certain parts of the Preview to users in the country in which you are resident or from which you use the service; and (B) Google issues a final release version of the Android SDK.
build	Setup Android SDK	2026-07-29T00:35:54.3190185Z 
build	Setup Android SDK	2026-07-29T00:35:54.3205498Z 9.5 When the License Agreement is terminated, the license granted to you in the License Agreement will terminate, you will immediately cease all use of the Preview, and the provisions of paragraphs 10, 11, 12 and 14 shall survive indefinitely.
build	Setup Android SDK	2026-07-29T00:35:54.3207445Z 
build	Setup Android SDK	2026-07-29T00:35:54.3207601Z 10. DISCLAIMERS
build	Setup Android SDK	2026-07-29T00:35:54.3207801Z 
build	Setup Android SDK	2026-07-29T00:35:54.3208729Z 10.1 YOU EXPRESSLY UNDERSTAND AND AGREE THAT YOUR USE OF THE PREVIEW IS AT YOUR SOLE RISK AND THAT THE PREVIEW IS PROVIDED "AS IS" AND "AS AVAILABLE" WITHOUT WARRANTY OF ANY KIND FROM GOOGLE.
build	Setup Android SDK	2026-07-29T00:35:54.3209581Z 
build	Setup Android SDK	2026-07-29T00:35:54.3212957Z 10.2 YOUR USE OF THE PREVIEW AND ANY MATERIAL DOWNLOADED OR OTHERWISE OBTAINED THROUGH THE USE OF THE PREVIEW IS AT YOUR OWN DISCRETION AND RISK AND YOU ARE SOLELY RESPONSIBLE FOR ANY DAMAGE TO YOUR COMPUTER SYSTEM OR OTHER DEVICE OR LOSS OF DATA THAT RESULTS FROM SUCH USE. WITHOUT LIMITING THE FOREGOING, YOU UNDERSTAND THAT THE PREVIEW IS NOT A STABLE RELEASE AND MAY CONTAIN ERRORS, DEFECTS AND SECURITY VULNERABILITIES THAT CAN RESULT IN SIGNIFICANT DAMAGE, INCLUDING THE COMPLETE, IRRECOVERABLE LOSS OF USE OF YOUR COMPUTER SYSTEM OR OTHER DEVICE.
build	Setup Android SDK	2026-07-29T00:35:54.3216201Z 
build	Setup Android SDK	2026-07-29T00:35:54.3217515Z 10.3 GOOGLE FURTHER EXPRESSLY DISCLAIMS ALL WARRANTIES AND CONDITIONS OF ANY KIND, WHETHER EXPRESS OR IMPLIED, INCLUDING, BUT NOT LIMITED TO THE IMPLIED WARRANTIES AND CONDITIONS OF MERCHANTABILITY, FITNESS FOR A PARTICULAR PURPOSE AND NON-INFRINGEMENT.
build	Setup Android SDK	2026-07-29T00:35:54.3218984Z 
build	Setup Android SDK	2026-07-29T00:35:54.3219149Z 11. LIMITATION OF LIABILITY
build	Setup Android SDK	2026-07-29T00:35:54.3219393Z 
build	Setup Android SDK	2026-07-29T00:35:54.3222272Z 11.1 YOU EXPRESSLY UNDERSTAND AND AGREE THAT GOOGLE, ITS SUBSIDIARIES AND AFFILIATES, AND ITS LICENSORS SHALL NOT BE LIABLE TO YOU UNDER ANY THEORY OF LIABILITY FOR ANY DIRECT, INDIRECT, INCIDENTAL, SPECIAL, CONSEQUENTIAL OR EXEMPLARY DAMAGES THAT MAY BE INCURRED BY YOU, INCLUDING ANY LOSS OF DATA, WHETHER OR NOT GOOGLE OR ITS REPRESENTATIVES HAVE BEEN ADVISED OF OR SHOULD HAVE BEEN AWARE OF THE POSSIBILITY OF ANY SUCH LOSSES ARISING.
build	Setup Android SDK	2026-07-29T00:35:54.3224993Z 
build	Setup Android SDK	2026-07-29T00:35:54.3225151Z 12. Indemnification
build	Setup Android SDK	2026-07-29T00:35:54.3225371Z 
build	Setup Android SDK	2026-07-29T00:35:54.3230377Z 12.1 To the maximum extent permitted by law, you agree to defend, indemnify and hold harmless Google, its affiliates and their respective directors, officers, employees and agents from and against any and all claims, actions, suits or proceedings, as well as any and all losses, liabilities, damages, costs and expenses (including reasonable attorneys’ fees) arising out of or accruing from (a) your use of the Preview, (b) any application you develop on the Preview that infringes any Intellectual Property Rights of any person or defames any person or violates their rights of publicity or privacy, and (c) any non-compliance by you of the License Agreement.
build	Setup Android SDK	2026-07-29T00:35:54.3235131Z 
build	Setup Android SDK	2026-07-29T00:35:54.3235340Z 13. Changes to the License Agreement
build	Setup Android SDK	2026-07-29T00:35:54.3235970Z 
build	Setup Android SDK	2026-07-29T00:35:54.3237356Z 13.1 Google may make changes to the License Agreement as it distributes new versions of the Preview. When these changes are made, Google will make a new version of the License Agreement available on the website where the Preview is made available.
build	Setup Android SDK	2026-07-29T00:35:54.3238920Z 
build	Setup Android SDK	2026-07-29T00:35:54.3239099Z 14. General Legal Terms
build	Setup Android SDK	2026-07-29T00:35:54.3239332Z 
build	Setup Android SDK	2026-07-29T00:35:54.3241372Z 14.1 the License Agreement constitutes the whole legal agreement between you and Google and governs your use of the Preview (excluding any services which Google may provide to you under a separate written agreement), and completely replaces any prior agreements between you and Google in relation to the Preview.
build	Setup Android SDK	2026-07-29T00:35:54.3243270Z 
build	Setup Android SDK	2026-07-29T00:35:54.3244886Z 14.2 You agree that if Google does not exercise or enforce any legal right or remedy which is contained in the License Agreement (or which Google has the benefit of under any applicable law), this will not be taken to be a formal waiver of Google's rights and that those rights or remedies will still be available to Google.
build	Setup Android SDK	2026-07-29T00:35:54.3247078Z 
build	Setup Android SDK	2026-07-29T00:35:54.3249006Z 14.3 If any court of law, having the jurisdiction to decide on this matter, rules that any provision of the License Agreement is invalid, then that provision will be removed from the License Agreement without affecting the rest of the License Agreement. The remaining provisions of the License Agreement will continue to be valid and enforceable.
build	Setup Android SDK	2026-07-29T00:35:54.3251359Z 
build	Setup Android SDK	2026-07-29T00:35:54.3253870Z 14.4 You acknowledge and agree that each member of the group of companies of which Google is the parent shall be third party beneficiaries to the License Agreement and that such other companies shall be entitled to directly enforce, and rely upon, any provision of the License Agreement that confers a benefit on (or rights in favor of) them. Other than this, no other person or company shall be third party beneficiaries to the License Agreement.
build	Setup Android SDK	2026-07-29T00:35:54.3256522Z 
build	Setup Android SDK	2026-07-29T00:35:54.3258099Z 14.5 EXPORT RESTRICTIONS. THE PREVIEW IS SUBJECT TO UNITED STATES EXPORT LAWS AND REGULATIONS. YOU MUST COMPLY WITH ALL DOMESTIC AND INTERNATIONAL EXPORT LAWS AND REGULATIONS THAT APPLY TO THE PREVIEW. THESE LAWS INCLUDE RESTRICTIONS ON DESTINATIONS, END USERS AND END USE.
build	Setup Android SDK	2026-07-29T00:35:54.3259830Z 
build	Setup Android SDK	2026-07-29T00:35:54.3261847Z 14.6 The License Agreement may not be assigned or transferred by you without the prior written approval of Google, and any attempted assignment without such approval will be void. You shall not delegate your responsibilities or obligations under the License Agreement without the prior written approval of Google.
build	Setup Android SDK	2026-07-29T00:35:54.3263780Z 
build	Setup Android SDK	2026-07-29T00:35:54.3266881Z 14.7 The License Agreement, and your relationship with Google under the License Agreement, shall be governed by the laws of the State of California without regard to its conflict of laws provisions. You and Google agree to submit to the exclusive jurisdiction of the courts located within the county of Santa Clara, California to resolve any legal matter arising from the License Agreement. Notwithstanding this, you agree that Google shall still be allowed to apply for injunctive remedies (or an equivalent type of urgent legal relief) in any jurisdiction.
build	Setup Android SDK	2026-07-29T00:35:54.3270316Z 
build	Setup Android SDK	2026-07-29T00:35:54.3270476Z June 2014.
build	Setup Android SDK	2026-07-29T00:35:54.3270823Z ---------------------------------------
build	Setup Android SDK	2026-07-29T00:35:54.3271594Z Accept? (y/N): 
build	Setup Android SDK	2026-07-29T00:35:54.3271993Z 5/6: License google-gdk-license:
build	Setup Android SDK	2026-07-29T00:35:54.3272456Z ---------------------------------------
build	Setup Android SDK	2026-07-29T00:35:54.3273054Z This is a Developer Preview of the GDK that is subject to change.
build	Setup Android SDK	2026-07-29T00:35:54.3273527Z 
build	Setup Android SDK	2026-07-29T00:35:54.3273689Z Terms and Conditions
build	Setup Android SDK	2026-07-29T00:35:54.3273914Z 
build	Setup Android SDK	2026-07-29T00:35:54.3274161Z This is the Glass Development Kit License Agreement.
build	Setup Android SDK	2026-07-29T00:35:54.3274598Z 
build	Setup Android SDK	2026-07-29T00:35:54.3274730Z 1. Introduction
build	Setup Android SDK	2026-07-29T00:35:54.3274943Z 
build	Setup Android SDK	2026-07-29T00:35:54.3277402Z 1.1 The Glass Development Kit (referred to in this License Agreement as the "GDK" and specifically including the Android system files, packaged APIs, and GDK library files, if and when they are made available) is licensed to you subject to the terms of this License Agreement. This License Agreement forms a legally binding contract between you and Google in relation to your use of the GDK.
build	Setup Android SDK	2026-07-29T00:35:54.3279780Z 
build	Setup Android SDK	2026-07-29T00:35:54.3280194Z 1.2 "Glass" means Glass devices and the Glass software stack for use on Glass devices.
build	Setup Android SDK	2026-07-29T00:35:54.3280786Z 
build	Setup Android SDK	2026-07-29T00:35:54.3280794Z 
build	Setup Android SDK	2026-07-29T00:35:54.3282246Z 1.3 "Android" means the Android software stack for devices, as made available under the Android Open Source Project, which is located at the following URL: http://source.android.com/, as updated from time to time.
build	Setup Android SDK	2026-07-29T00:35:54.3283519Z 
build	Setup Android SDK	2026-07-29T00:35:54.3284370Z 1.4 "Google" means Google Inc., a Delaware corporation with principal place of business at 1600 Amphitheatre Parkway, Mountain View, CA 94043, United States.
build	Setup Android SDK	2026-07-29T00:35:54.3285353Z 
build	Setup Android SDK	2026-07-29T00:35:54.3285771Z 2. Accepting this License Agreement
build	Setup Android SDK	2026-07-29T00:35:54.3286053Z 
build	Setup Android SDK	2026-07-29T00:35:54.3286828Z 2.1 In order to use the GDK, you must first agree to this License Agreement. You may not use the GDK if you do not accept this License Agreement.
build	Setup Android SDK	2026-07-29T00:35:54.3287750Z 
build	Setup Android SDK	2026-07-29T00:35:54.3288150Z 2.2 By clicking to accept, you hereby agree to the terms of this License Agreement.
build	Setup Android SDK	2026-07-29T00:35:54.3288701Z 
build	Setup Android SDK	2026-07-29T00:35:54.3290096Z 2.3 You may not use the GDK and may not accept the License Agreement if you are a person barred from receiving the GDK under the laws of the United States or other countries including the country in which you are resident or from which you use the GDK.
build	Setup Android SDK	2026-07-29T00:35:54.3291919Z 
build	Setup Android SDK	2026-07-29T00:35:54.3293952Z 2.4 If you are agreeing to be bound by this License Agreement on behalf of your employer or other entity, you represent and warrant that you have full legal authority to bind your employer or such entity to this License Agreement. If you do not have the requisite authority, you may not accept the License Agreement or use the GDK on behalf of your employer or other entity.
build	Setup Android SDK	2026-07-29T00:35:54.3296173Z 
build	Setup Android SDK	2026-07-29T00:35:54.3296360Z 3. GDK License from Google
build	Setup Android SDK	2026-07-29T00:35:54.3296611Z 
build	Setup Android SDK	2026-07-29T00:35:54.3297920Z 3.1 Subject to the terms of this License Agreement, Google grants you a limited, worldwide, royalty-free, non-assignable and non-exclusive license to use the GDK solely to develop applications to run on the Glass platform for Glass devices.
build	Setup Android SDK	2026-07-29T00:35:54.3299025Z 
build	Setup Android SDK	2026-07-29T00:35:54.3300787Z 3.2 You agree that Google or third parties own all legal right, title and interest in and to the GDK, including any Intellectual Property Rights that subsist in the GDK. "Intellectual Property Rights" means any and all rights under patent law, copyright law, trade secret law, trademark law, and any and all other proprietary rights. Google reserves all rights not expressly granted to you.
build	Setup Android SDK	2026-07-29T00:35:54.3303003Z 
build	Setup Android SDK	2026-07-29T00:35:54.3306381Z 3.3 You may not use the GDK for any purpose not expressly permitted by this License Agreement. Except to the extent required by applicable third party licenses, you may not: (a) copy (except for backup purposes), modify, adapt, redistribute, decompile, reverse engineer, disassemble, or create derivative works of the GDK or any part of the GDK; or (b) load any part of the GDK onto a mobile handset or wearable computing device or any other hardware device except a Glass device personal computer, combine any part of the GDK with other software, or distribute any software or device incorporating a part of the GDK.
build	Setup Android SDK	2026-07-29T00:35:54.3309146Z 
build	Setup Android SDK	2026-07-29T00:35:54.3310503Z 3.4 You agree that you will not take any actions that may cause or result in the fragmentation of Glass, including but not limited to distributing, participating in the creation of, or promoting in any way a software development kit derived from the GDK.
build	Setup Android SDK	2026-07-29T00:35:54.3312247Z 
build	Setup Android SDK	2026-07-29T00:35:54.3313246Z 3.5 Use, reproduction and distribution of components of the GDK licensed under an open source software license are governed solely by the terms of that open source software license and not this License Agreement.
build	Setup Android SDK	2026-07-29T00:35:54.3314419Z 
build	Setup Android SDK	2026-07-29T00:35:54.3316270Z 3.6 You agree that the form and nature of the GDK that Google provides may change without prior notice to you and that future versions of the GDK may be incompatible with applications developed on previous versions of the GDK. You agree that Google may stop (permanently or temporarily) providing the GDK (or any features within the GDK) to you or to users generally at Google's sole discretion, without prior notice to you.
build	Setup Android SDK	2026-07-29T00:35:54.3317665Z 
build	Setup Android SDK	2026-07-29T00:35:54.3318174Z 3.7 Nothing in this License Agreement gives you a right to use any of Google's trade names, trademarks, service marks, logos, domain names, or other distinctive brand features.
build	Setup Android SDK	2026-07-29T00:35:54.3318799Z 
build	Setup Android SDK	2026-07-29T00:35:54.3319388Z 3.8 You agree that you will not remove, obscure, or alter any proprietary rights notices (including copyright and trademark notices) that may be affixed to or contained within the GDK.
build	Setup Android SDK	2026-07-29T00:35:54.3320246Z 
build	Setup Android SDK	2026-07-29T00:35:54.3320251Z 
build	Setup Android SDK	2026-07-29T00:35:54.3321676Z 3.9 Your use of any Android system files, packaged APIs, or other components of the GDK which are part of the Android Software Development Kit is subject to the terms of the Android Software Development Kit License Agreement located at http://developer.android.com/sdk/terms.html. These terms are hereby incorporated by reference into this License Agreement.
build	Setup Android SDK	2026-07-29T00:35:54.3322920Z 
build	Setup Android SDK	2026-07-29T00:35:54.3323009Z 4. Use of the GDK by You
build	Setup Android SDK	2026-07-29T00:35:54.3323156Z 
build	Setup Android SDK	2026-07-29T00:35:54.3323957Z 4.1 Google agrees that it obtains no right, title or interest from you (or your licensors) under this License Agreement in or to any software applications that you develop using the GDK, including any intellectual property rights that subsist in those applications.
build	Setup Android SDK	2026-07-29T00:35:54.3324852Z 
build	Setup Android SDK	2026-07-29T00:35:54.3326543Z 4.2 You agree to use the GDK and write applications only for purposes that are permitted by (a) this License Agreement, (b) the Glass Platform Developer Policies (located at https://developers.google.com/glass/policies, and hereby incorporated into this License Agreement by reference), and (c) any applicable law, regulation or generally accepted practices or guidelines in the relevant jurisdictions (including any laws regarding the export of data or software to and from the United States or other relevant countries).
build	Setup Android SDK	2026-07-29T00:35:54.3328273Z 
build	Setup Android SDK	2026-07-29T00:35:54.3330750Z 4.3 You agree that if you use the GDK to develop applications for general public users, you will protect the privacy and legal rights of those users. If the users provide you with user names, passwords, or other login information or personal information, you must make the users aware that the information will be available to your application, and you must provide legally adequate privacy notice and protection for those users. If your application stores personal or sensitive information provided by users, it must do so securely. If the user provides your application with Google Account information, your application may only use that information to access the user's Google Account when, and for the limited purposes for which, the user has given you permission to do so.
build	Setup Android SDK	2026-07-29T00:35:54.3333506Z 
build	Setup Android SDK	2026-07-29T00:35:54.3334478Z 4.4 You agree that you will not engage in any activity with the GDK, including the development or distribution of an application, that interferes with, disrupts, damages, or accesses in an unauthorized manner the servers, networks, or other properties or services of any third party including, but not limited to, Google.
build	Setup Android SDK	2026-07-29T00:35:54.3335533Z 
build	Setup Android SDK	2026-07-29T00:35:54.3336563Z 4.5 You agree that you are solely responsible for (and that Google has no responsibility to you or to any third party for) any data, content, or resources that you create, transmit or display through Glass and/or applications for Glass, and for the consequences of your actions (including any loss or damage which Google may suffer) by doing so.
build	Setup Android SDK	2026-07-29T00:35:54.3337869Z 
build	Setup Android SDK	2026-07-29T00:35:54.3339086Z 4.6 You agree that you are solely responsible for (and that Google has no responsibility to you or to any third party for) any breach of your obligations under this License Agreement, any applicable third party contract or Terms of Service, or any applicable law or regulation, and for the consequences (including any loss or damage which Google or any third party may suffer) of any such breach.
build	Setup Android SDK	2026-07-29T00:35:54.3340370Z 
build	Setup Android SDK	2026-07-29T00:35:54.3340375Z 
build	Setup Android SDK	2026-07-29T00:35:54.3342435Z 4.7 The GDK is in development, and your testing and feedback are an important part of the development process. By using the GDK, you acknowledge that implementation of some features are still under development and that you should not rely on the GDK, Glass devices, Glass system software, Google Mirror API, or Glass services having the full functionality of a stable release.
build	Setup Android SDK	2026-07-29T00:35:54.3344949Z 
build	Setup Android SDK	2026-07-29T00:35:54.3345175Z 5. Your Developer Credentials
build	Setup Android SDK	2026-07-29T00:35:54.3345495Z 
build	Setup Android SDK	2026-07-29T00:35:54.3347179Z 5.1 You agree that you are responsible for maintaining the confidentiality of any developer credentials that may be issued to you by Google or which you may choose yourself and that you will be solely responsible for all applications that are developed under your developer credentials.
build	Setup Android SDK	2026-07-29T00:35:54.3349042Z 
build	Setup Android SDK	2026-07-29T00:35:54.3349230Z 6. Privacy and Information
build	Setup Android SDK	2026-07-29T00:35:54.3349499Z 
build	Setup Android SDK	2026-07-29T00:35:54.3349507Z 
build	Setup Android SDK	2026-07-29T00:35:54.3352339Z 6.1 In order to continually innovate and improve the GDK, Google may collect certain usage statistics from the software including but not limited to a unique identifier, associated IP address, version number of the software, and information on which tools and/or services in the GDK are being used and how they are being used. Before any of this information is collected, the GDK will notify you and seek your consent. If you withhold consent, the information will not be collected.
build	Setup Android SDK	2026-07-29T00:35:54.3355289Z 
build	Setup Android SDK	2026-07-29T00:35:54.3355971Z 6.2 The data collected is examined in the aggregate to improve the GDK and is maintained in accordance with Google's Privacy Policy.
build	Setup Android SDK	2026-07-29T00:35:54.3356895Z 
build	Setup Android SDK	2026-07-29T00:35:54.3357084Z 7. Third Party Applications
build	Setup Android SDK	2026-07-29T00:35:54.3357354Z 
build	Setup Android SDK	2026-07-29T00:35:54.3360543Z 7.1 If you use the GDK to run applications developed by a third party or that access data, content or resources provided by a third party, you agree that Google is not responsible for those applications, data, content, or resources. You understand that all data, content or resources which you may access through such third party applications are the sole responsibility of the person from which they originated and that Google is not liable for any loss or damage that you may experience as a result of the use or access of any of those third party applications, data, content, or resources.
build	Setup Android SDK	2026-07-29T00:35:54.3364120Z 
build	Setup Android SDK	2026-07-29T00:35:54.3366716Z 7.2 You should be aware the data, content, and resources presented to you through such a third party application may be protected by intellectual property rights which are owned by the providers (or by other persons or companies on their behalf). You may not modify, rent, lease, loan, sell, distribute or create derivative works based on these data, content, or resources (either in whole or in part) unless you have been specifically given permission to do so by the relevant owners.
build	Setup Android SDK	2026-07-29T00:35:54.3369629Z 
build	Setup Android SDK	2026-07-29T00:35:54.3371390Z 7.3 You acknowledge that your use of such third party applications, data, content, or resources may be subject to separate terms between you and the relevant third party. In that case, this License Agreement does not affect your legal relationship with these third parties.
build	Setup Android SDK	2026-07-29T00:35:54.3373106Z 
build	Setup Android SDK	2026-07-29T00:35:54.3373277Z 8. Using Google APIs
build	Setup Android SDK	2026-07-29T00:35:54.3373785Z 
build	Setup Android SDK	2026-07-29T00:35:54.3373944Z 8.1 Google APIs
build	Setup Android SDK	2026-07-29T00:35:54.3374194Z 
build	Setup Android SDK	2026-07-29T00:35:54.3376953Z 8.1.1 If you use any API to retrieve data from Google, you acknowledge that the data may be protected by intellectual property rights which are owned by Google or those parties that provide the data (or by other persons or companies on their behalf). Your use of any such API may be subject to additional Terms of Service. You may not modify, rent, lease, loan, sell, distribute or create derivative works based on this data (either in whole or in part) unless allowed by the relevant Terms of Service.
build	Setup Android SDK	2026-07-29T00:35:54.3379780Z 
build	Setup Android SDK	2026-07-29T00:35:54.3381385Z 8.1.2 If you use any API to retrieve a user's data from Google, you acknowledge and agree that you shall retrieve data only with the user's explicit consent and only when, and for the limited purposes for which, the user has given you permission to do so.
build	Setup Android SDK	2026-07-29T00:35:54.3382537Z 
build	Setup Android SDK	2026-07-29T00:35:54.3382729Z 9. Terminating this License Agreement
build	Setup Android SDK	2026-07-29T00:35:54.3383070Z 
build	Setup Android SDK	2026-07-29T00:35:54.3383601Z 9.1 This License Agreement will continue to apply until terminated by either you or Google as set out below.
build	Setup Android SDK	2026-07-29T00:35:54.3384549Z 
build	Setup Android SDK	2026-07-29T00:35:54.3385210Z 9.2 If you want to terminate this License Agreement, you may do so by ceasing your use of the GDK and any relevant developer credentials.
build	Setup Android SDK	2026-07-29T00:35:54.3386057Z 
build	Setup Android SDK	2026-07-29T00:35:54.3389643Z 9.3 Google may at any time, terminate this License Agreement with you if: (A) you have breached any provision of this License Agreement; or (B) Google is required to do so by law; or (C) the partner with whom Google offered certain parts of GDK (such as APIs) to you has terminated its relationship with Google or ceased to offer certain parts of the GDK to you; or (D) Google decides to no longer provide the GDK or certain parts of the GDK to users in the country in which you are resident or from which you use the service, or the provision of the GDK or certain GDK services to you by Google is, in Google's sole discretion, no longer commercially viable.
build	Setup Android SDK	2026-07-29T00:35:54.3393435Z 
build	Setup Android SDK	2026-07-29T00:35:54.3395854Z 9.4 When this License Agreement comes to an end, all of the legal rights, obligations and liabilities that you and Google have benefited from, been subject to (or which have accrued over time whilst this License Agreement has been in force) or which are expressed to continue indefinitely, shall be unaffected by this cessation, and the provisions of paragraph 14.7 shall continue to apply to such rights, obligations and liabilities indefinitely.
build	Setup Android SDK	2026-07-29T00:35:54.3397376Z 
build	Setup Android SDK	2026-07-29T00:35:54.3397486Z 10. DISCLAIMER OF WARRANTIES
build	Setup Android SDK	2026-07-29T00:35:54.3397646Z 
build	Setup Android SDK	2026-07-29T00:35:54.3398160Z 10.1 YOU EXPRESSLY UNDERSTAND AND AGREE THAT YOUR USE OF THE GDK IS AT YOUR SOLE RISK AND THAT THE GDK IS PROVIDED "AS IS" AND "AS AVAILABLE" WITHOUT WARRANTY OF ANY KIND FROM GOOGLE.
build	Setup Android SDK	2026-07-29T00:35:54.3398755Z 
build	Setup Android SDK	2026-07-29T00:35:54.3399533Z 10.2 YOUR USE OF THE GDK AND ANY MATERIAL DOWNLOADED OR OTHERWISE OBTAINED THROUGH THE USE OF THE GDK IS AT YOUR OWN DISCRETION AND RISK AND YOU ARE SOLELY RESPONSIBLE FOR ANY DAMAGE TO YOUR COMPUTER SYSTEM OR OTHER DEVICE OR LOSS OF DATA THAT RESULTS FROM SUCH USE.
build	Setup Android SDK	2026-07-29T00:35:54.3400403Z 
build	Setup Android SDK	2026-07-29T00:35:54.3401683Z 10.3 GOOGLE FURTHER EXPRESSLY DISCLAIMS ALL WARRANTIES AND CONDITIONS OF ANY KIND, WHETHER EXPRESS OR IMPLIED, INCLUDING, BUT NOT LIMITED TO THE IMPLIED WARRANTIES AND CONDITIONS OF MERCHANTABILITY, FITNESS FOR A PARTICULAR PURPOSE AND NON-INFRINGEMENT.
build	Setup Android SDK	2026-07-29T00:35:54.3402666Z 
build	Setup Android SDK	2026-07-29T00:35:54.3402824Z 11. LIMITATION OF LIABILITY
build	Setup Android SDK	2026-07-29T00:35:54.3402985Z 
build	Setup Android SDK	2026-07-29T00:35:54.3404527Z 11.1 YOU EXPRESSLY UNDERSTAND AND AGREE THAT GOOGLE, ITS SUBSIDIARIES AND AFFILIATES, AND ITS LICENSORS SHALL NOT BE LIABLE TO YOU UNDER ANY THEORY OF LIABILITY FOR ANY DIRECT, INDIRECT, INCIDENTAL, SPECIAL, CONSEQUENTIAL OR EXEMPLARY DAMAGES THAT MAY BE INCURRED BY YOU, INCLUDING ANY LOSS OF DATA, WHETHER OR NOT GOOGLE OR ITS REPRESENTATIVES HAVE BEEN ADVISED OF OR SHOULD HAVE BEEN AWARE OF THE POSSIBILITY OF ANY SUCH LOSSES ARISING.
build	Setup Android SDK	2026-07-29T00:35:54.3406470Z 
build	Setup Android SDK	2026-07-29T00:35:54.3406570Z 12. Indemnification
build	Setup Android SDK	2026-07-29T00:35:54.3406705Z 
build	Setup Android SDK	2026-07-29T00:35:54.3409232Z 12.1 To the maximum extent permitted by law, you agree to defend, indemnify and hold harmless Google, its affiliates and their respective directors, officers, employees and agents from and against any and all claims, actions, suits or proceedings, as well as any and all losses, liabilities, damages, costs and expenses (including reasonable attorneys fees) arising out of or accruing from (a) your use of the GDK, (b) any application you develop on the GDK that infringes any copyright, trademark, trade secret, trade dress, patent or other intellectual property right of any person or defames any person or violates their rights of publicity or privacy, and (c) any non-compliance by you with this License Agreement.
build	Setup Android SDK	2026-07-29T00:35:54.3412023Z 
build	Setup Android SDK	2026-07-29T00:35:54.3412196Z 13. Changes to the License Agreement
build	Setup Android SDK	2026-07-29T00:35:54.3412394Z 
build	Setup Android SDK	2026-07-29T00:35:54.3413097Z 13.1 Google may make changes to the License Agreement as it distributes new versions of the GDK. When these changes are made, Google will make a new version of the License Agreement available on the website where the GDK is made available.
build	Setup Android SDK	2026-07-29T00:35:54.3414176Z 
build	Setup Android SDK	2026-07-29T00:35:54.3414264Z 14. General Legal Terms
build	Setup Android SDK	2026-07-29T00:35:54.3414516Z 
build	Setup Android SDK	2026-07-29T00:35:54.3415548Z 14.1 This License Agreement constitutes the whole legal agreement between you and Google and governs your use of the GDK (excluding any services which Google may provide to you under a separate written agreement), and completely replaces any prior agreements between you and Google in relation to the GDK.
build	Setup Android SDK	2026-07-29T00:35:54.3416779Z 
build	Setup Android SDK	2026-07-29T00:35:54.3417820Z 14.2 You agree that if Google does not exercise or enforce any legal right or remedy which is contained in this License Agreement (or which Google has the benefit of under any applicable law), this will not be taken to be a formal waiver of Google's rights and that those rights or remedies will still be available to Google.
build	Setup Android SDK	2026-07-29T00:35:54.3419009Z 
build	Setup Android SDK	2026-07-29T00:35:54.3420257Z 14.3 If any court of law, having the jurisdiction to decide on this matter, rules that any provision of this License Agreement is invalid, then that provision will be removed from this License Agreement without affecting the rest of this License Agreement. The remaining provisions of this License Agreement will continue to be valid and enforceable.
build	Setup Android SDK	2026-07-29T00:35:54.3421787Z 
build	Setup Android SDK	2026-07-29T00:35:54.3423302Z 14.4 You acknowledge and agree that each member of the group of companies of which Google is the parent shall be third party beneficiaries to this License Agreement and that such other companies shall be entitled to directly enforce, and rely upon, any provision of this License Agreement that confers a benefit on (or rights in favor of) them. Other than this, no other person or company shall be third party beneficiaries to this License Agreement.
build	Setup Android SDK	2026-07-29T00:35:54.3424968Z 
build	Setup Android SDK	2026-07-29T00:35:54.3425847Z 14.5 EXPORT RESTRICTIONS. THE GDK IS SUBJECT TO UNITED STATES EXPORT LAWS AND REGULATIONS. YOU MUST COMPLY WITH ALL DOMESTIC AND INTERNATIONAL EXPORT LAWS AND REGULATIONS THAT APPLY TO THE GDK. THESE LAWS INCLUDE RESTRICTIONS ON DESTINATIONS, END USERS AND END USE.
build	Setup Android SDK	2026-07-29T00:35:54.3426881Z 
build	Setup Android SDK	2026-07-29T00:35:54.3428070Z 14.6 The rights granted in this License Agreement may not be assigned or transferred by either you or Google without the prior written approval of the other party. Neither you nor Google shall be permitted to delegate their responsibilities or obligations under this License Agreement without the prior written approval of the other party.
build	Setup Android SDK	2026-07-29T00:35:54.3429473Z 
build	Setup Android SDK	2026-07-29T00:35:54.3433058Z 14.7 This License Agreement, and your relationship with Google under this License Agreement, shall be governed by the laws of the State of California without regard to its conflict of laws provisions. You and Google agree to submit to the exclusive jurisdiction of the courts located within the county of Santa Clara, California to resolve any legal matter arising from this License Agreement. Notwithstanding this, you agree that Google shall still be allowed to apply for injunctive remedies (or an equivalent type of urgent legal relief) in any jurisdiction.
build	Setup Android SDK	2026-07-29T00:35:54.3435330Z 
build	Setup Android SDK	2026-07-29T00:35:54.3435425Z November 19, 2013
build	Setup Android SDK	2026-07-29T00:35:54.3435730Z ---------------------------------------
build	Setup Android SDK	2026-07-29T00:35:54.3436081Z Accept? (y/N): 
build	Setup Android SDK	2026-07-29T00:35:54.3436320Z 6/6: License mips-android-sysimage-license:
build	Setup Android SDK	2026-07-29T00:35:54.3436618Z ---------------------------------------
build	Setup Android SDK	2026-07-29T00:35:54.3438803Z MIPS Technologies, Inc. (“MIPS”) Internal Evaluation License Agreement for MIPS Android™ System Images for Android Software Development Kit (SDK): This Internal Evaluation License Agreement (this "Agreement") is entered into by and between MIPS and you (as an individual developer or a legal entity -- identified below as “Recipient”). MIPS shall make the Evaluation Software available to Recipient as described in accordance with the terms and conditions set forth below.
build	Setup Android SDK	2026-07-29T00:35:54.3440729Z 
build	Setup Android SDK	2026-07-29T00:35:54.3443791Z By clicking on the “Accept” button, downloading, installing, or otherwise using the Evaluation Materials (defined below), you agree to be bound by the terms of this Agreement effective as of the date you click “Accept” (the “Effective Date”), and if doing so on behalf of an entity, you represent that you are authorized to bind the entity to the terms and conditions of this Agreement. If you do not agree to be bound by the terms and conditions of this Agreement, do not download, install, or use the Evaluation Materials.
build	Setup Android SDK	2026-07-29T00:35:54.3445514Z 
build	Setup Android SDK	2026-07-29T00:35:54.3445685Z 1. DEFINITIONS. These terms shall have the following meanings:
build	Setup Android SDK	2026-07-29T00:35:54.3445945Z 
build	Setup Android SDK	2026-07-29T00:35:54.3446533Z 1.1 “MIPS” shall mean MIPS Technologies, Inc., a Delaware corporation having a principal place of business at: 955 East Arques Ave., Sunnyvale, CA 94085
build	Setup Android SDK	2026-07-29T00:35:54.3447322Z 
build	Setup Android SDK	2026-07-29T00:35:54.3447910Z 1.2 “Evaluation Software” shall mean MIPS Android™ emulator system images for Android Software Development Kit (SDK), as made available to Recipient.
build	Setup Android SDK	2026-07-29T00:35:54.3448469Z 
build	Setup Android SDK	2026-07-29T00:35:54.3449622Z 1.3 “Evaluation Materials" means, collectively, the Evaluation Software (in source and/or object code form) and documentation (including, without limitation, any design documents, specifications, reference manuals, and other related materials) related to the Evaluation Software as made available to Recipient.
build	Setup Android SDK	2026-07-29T00:35:54.3450680Z 
build	Setup Android SDK	2026-07-29T00:35:54.3454732Z 1.4 “Open Source Software” means any software that requires (as a condition of use, modification and/or distribution of such software) that such software or other software incorporated into, derived from or distributed with such software (a) be disclosed or distributed in source code form; or (b) be licensed by the user to third parties for the purpose of making and/or distributing derivative works; or (c) be redistributable at no charge. Open Source Software includes, without limitation, software licensed or distributed under any of the following licenses or distribution models, or licenses or distribution models substantially similar to any of the following: (a) GNU’s General Public License (GPL) or Lesser/Library GPL (LGPL), (b) the Artistic License (e.g., PERL), (c) the Mozilla Public License, (d) the Netscape Public License, (e) the Sun Community Source License (SCSL), (f) the Sun Industry Source License (SISL), (g) the Apache Software license and (h) the Common Public License (CPL).
build	Setup Android SDK	2026-07-29T00:35:54.3457962Z 
build	Setup Android SDK	2026-07-29T00:35:54.3459056Z 1.5 “Pre-Release Materials” means “alpha” or “beta” designated pre-release features, which may not be fully functional, which MIPS may substantially modify in producing any production version of the Evaluation Materials, and/or which is still under development by MIPS and/or MIPS’ suppliers.
build	Setup Android SDK	2026-07-29T00:35:54.3460273Z 
build	Setup Android SDK	2026-07-29T00:35:54.3462601Z 2. PURPOSE. MIPS desires to make the Evaluation Materials available to Recipient solely for Recipient's internal evaluation of the Evaluation Software to evaluate the desirability of cooperating with MIPS in developing products that are compatible with the Evaluation Software and/or to advise MIPS as to possible modifications to the Evaluation Software. Recipient may not disclose, distribute, modify (except to facilitate the above-mentioned internal evaluation), or make commercial use of the Evaluation Materials or any modifications of the Evaluation Materials.
build	Setup Android SDK	2026-07-29T00:35:54.3464527Z 
build	Setup Android SDK	2026-07-29T00:35:54.3465891Z THE EVALUATION MATERIALS ARE PROVIDED FOR EVALUATION PURPOSES ONLY AND MAY NOT BE MODIFIED (EXCEPT TO FACILITATE THE INTERNAL EVALUATION) OR DISTRIBUTED BY RECIPIENT OR INCORPORATED INTO RECIPIENT’S PRODUCTS OR SOFTWARE. PLEASE CONTACT A MIPS SALES REPRESENTATIVE TO LEARN ABOUT THE AVAILABILITY AND COST OF A COMMERCIAL VERSION OF THE EVALUATION SOFTWARE.
build	Setup Android SDK	2026-07-29T00:35:54.3467111Z 
build	Setup Android SDK	2026-07-29T00:35:54.3467980Z 3. TITLE. Title to the Evaluation Materials remains with MIPS or its suppliers. Recipient shall not mortgage, pledge or encumber the Evaluation Materials in any way. Recipient shall return all Evaluation Materials, keeping no copies, upon termination or expiration of this Agreement.
build	Setup Android SDK	2026-07-29T00:35:54.3469100Z 
build	Setup Android SDK	2026-07-29T00:35:54.3473557Z 4. LICENSE. MIPS grants Recipient a royalty-free, personal, nontransferable, nonexclusive license under its copyrights to use the Evaluation Software only for the purposes described in paragraph 2 above and only for a period beginning on the Effective Date and extending to the first anniversary of the Effective Date (the “Evaluation Period”). Unless otherwise communicated in writing by MIPS to Recipient, to the extent the Evaluation Software is provided in more than one delivery or release (each, a “Release”) the license grant in this Section 4 and the Evaluation Period shall apply to each Release, in which case the Evaluation Period shall begin on the date that the Release is made generally available and continue to the first anniversary of such date. Recipient may not make modifications to the Evaluation Software. Recipient shall not disassemble, reverse-engineer, or decompile any software that is not provided to Recipient in source code form.
build	Setup Android SDK	2026-07-29T00:35:54.3479234Z 
build	Setup Android SDK	2026-07-29T00:35:54.3479252Z 
build	Setup Android SDK	2026-07-29T00:35:54.3481417Z EXCEPT AS PROVIDED HEREIN, NO OTHER LICENSE, EXPRESS OR IMPLIED, BY ESTOPPEL OR OTHERWISE, TO ANY OTHER MIPS INTELLECTUAL PROPERTY RIGHTS IS GRANTED TO THE RECIPIENT. OTHER THAN AS EXPLICITLY SET FORTH IN PARAGRAPH 2 ABOVE, NO RIGHT TO COPY, TO REPRODUCE, TO MODIFY, OR TO CREATE DERIVATIVE WORKS OF, THE EVALUATION MATERIALS IS GRANTED HEREIN.
build	Setup Android SDK	2026-07-29T00:35:54.3483444Z 
build	Setup Android SDK	2026-07-29T00:35:54.3484885Z 5. NO OBLIGATION. Recipient shall have no duty to purchase or license any product from MIPS. MIPS and its suppliers shall have no obligation to provide support for, or develop a non-evaluation version of, the Evaluation Software or to license any version of it.
build	Setup Android SDK	2026-07-29T00:35:54.3486500Z 
build	Setup Android SDK	2026-07-29T00:35:54.3493597Z 6. MODIFICATIONS. This Agreement does not obligate Recipient to provide MIPS with comments or suggestions regarding Evaluation Materials. However, should Recipient provide MIPS with comments or suggestions for the modification, correction, improvement or enhancement of (a) the Evaluation Materials or (b) MIPS products or processes which may embody the Evaluation Materials, then Recipient agrees to grant and hereby grants to MIPS a non-exclusive, irrevocable, worldwide, fully paid-up, royalty-free license, with the right to sublicense MIPS’ licensees and customers, under Recipient’s Intellectual property rights, to use and disclose such comments and suggestions in any manner MIPS chooses and to display, perform, copy, make, have made, use, sell, offer to sell, import, and otherwise dispose of MIPS’ and its sublicensee’s products embodying such comments and suggestions in any manner and via any media MIPS chooses, without reference to the source.
build	Setup Android SDK	2026-07-29T00:35:54.3500406Z 
build	Setup Android SDK	2026-07-29T00:35:54.3503594Z 7. WARRANTY DISCLAIMER. MIPS AND ITS SUPPLIERS MAKE NO WARRANTIES WITH RESPECT TO EVALUATION MATERIALS, EITHER EXPRESS OR IMPLIED, INCLUDING ANY IMPLIED WARRANTIES OF MERCHANTABILITY OR FITNESS FOR A PARTICULAR PURPOSE, OR ANY IMPLIED WARRANTY OF NONINFRINGEMENT WITH RESPECT TO THIRD PARTY INTELLECTUAL PROPERTY. RECIPIENT ACKNOWLEDGES AND AGREES THAT THE EVALUATION MATERIALS ARE PROVIDED “AS IS,” WITHOUT WARRANTY OF ANY KIND.
build	Setup Android SDK	2026-07-29T00:35:54.3506055Z 
build	Setup Android SDK	2026-07-29T00:35:54.3509341Z 8. LIMITATION OF LIABILITY. MIPS AND ITS SUPPLIERS SHALL NOT BE LIABLE FOR ANY PROPERTY DAMAGE, PERSONAL INJURY, LOSS OF PROFITS, INTERRUPTION OF BUSINESS OR FOR ANY DIRECT, INDIRECT, SPECIAL, CONSEQUENTIAL OR INCIDENTAL DAMAGES, HOWEVER CAUSED OR ALLEGED, WHETHER FOR BREACH OF WARRANTY, CONTRACT, STRICT LIABILITY OR OTHERWISE, INCLUDING WITHOUT LIMITATION, UNDER TORT OR OTHER LEGAL THEORY. MIPS AND ITS SUPPLIERS DISCLAIM ANY AND ALL LIABILITY, INCLUDING LIABILITY FOR INFRINGEMENT OF ANY INTELLECTUAL PROPERTY RIGHTS OF ANY KIND RELATING TO THE EVALUATION MATERIALS.
build	Setup Android SDK	2026-07-29T00:35:54.3513252Z 
build	Setup Android SDK	2026-07-29T00:35:54.3514599Z 9. EXPIRATION. MIPS may terminate this Agreement immediately after a breach by Recipient or otherwise at MIPS’ reasonable discretion and upon five (5) business days’ notice to Recipient.
build	Setup Android SDK	2026-07-29T00:35:54.3515813Z 
build	Setup Android SDK	2026-07-29T00:35:54.3515962Z 10. GENERAL.
build	Setup Android SDK	2026-07-29T00:35:54.3516153Z 
build	Setup Android SDK	2026-07-29T00:35:54.3521946Z 10.1 Controlling Law. This Agreement shall be governed by California law excluding its choice of law rules. With the exception of MIPS’ rights to enforce its intellectual property rights and any confidentiality obligations under this Agreement or any licenses distributed with the Evaluation Materials, all disputes and any claims arising under or relating to this Agreement shall be subject to the exclusive jurisdiction and venue of the state and federal courts located in Santa Clara County, California. Each party hereby agrees to jurisdiction and venue in the courts set forth in the preceding sentence. The parties agree that the United Nations Convention on Contracts for the International Sale of Goods is specifically excluded from application to this Agreement. The parties consent to the personal jurisdiction of the above courts.
build	Setup Android SDK	2026-07-29T00:35:54.3527002Z 
build	Setup Android SDK	2026-07-29T00:35:54.3529794Z 10.2 Remedies. Recipient acknowledges and agrees that any breach of confidentiality obligations under this Agreement or any licenses distributed with the Evaluation Materials, as well as any disclosure, commercialization, or public use of the Evaluation Materials, would cause irreparable injury to MIPS, and therefore Recipient agrees to consent to, and hereby consents to, the grant of an injunction by any court of competent jurisdiction in the event of an actual or threatened breach.
build	Setup Android SDK	2026-07-29T00:35:54.3532904Z 
build	Setup Android SDK	2026-07-29T00:35:54.3536504Z 10.3 Assignment. Recipient may not delegate, assign or transfer this Agreement, the license granted or any of Recipient’s rights, obligations, or duties hereunder, expressly, by implication, by operation of law, by way of merger (regardless of whether Recipient is the surviving entity) or acquisition, or otherwise and any attempt to do so, without MIPS’ express prior written consent, shall be ineffective, null and void. MIPS may freely assign this Agreement, and its rights and obligations hereunder, in its sole discretion.
build	Setup Android SDK	2026-07-29T00:35:54.3539644Z 
build	Setup Android SDK	2026-07-29T00:35:54.3542459Z 10.4 Entire Agreement. This Agreement constitutes the entire agreement between Recipient and MIPS and supersedes in their entirety any and all oral or written agreements previously existing between Recipient and MIPS with respect to the subject matter hereof. This Agreement may only be amended or supplemented by a writing that refers explicitly to this Agreement and that is signed or otherwise accepted by duly authorized representatives of Recipient and MIPS.
build	Setup Android SDK	2026-07-29T00:35:54.3545480Z 
build	Setup Android SDK	2026-07-29T00:35:54.3548044Z 10.5 Severability. In the event that any provision of this Agreement is finally adjudicated to be unenforceable or invalid under any applicable law, such unenforceability or invalidity shall not render this Agreement unenforceable or invalid as a whole, and, in such event, such unenforceable or invalid provision shall be interpreted so as to best accomplish the objectives of such provision within the limits of applicable law or applicable court decisions.
build	Setup Android SDK	2026-07-29T00:35:54.3550754Z 
build	Setup Android SDK	2026-07-29T00:35:54.3559105Z 10.6 Export Regulations / Export Control. Recipient shall not export, either directly or indirectly, any product, service or technical data or system incorporating the Evaluation Materials without first obtaining any required license or other necessary approval from the U.S. Department of Commerce or any other governing agency or department of the United States Government. In the event any product is exported from the United States or re-exported from a foreign destination by Recipient, Recipient shall ensure that the distribution and export/re-export or import of the product is in compliance with all applicable laws, regulations, orders, or other restrictions of the U.S. Export Administration Regulations and the appropriate foreign government. Recipient agrees that neither it nor any of its subsidiaries will export/re-export any technical data, process, product, or service, directly or indirectly, to any country for which the United States government or any agency thereof or the foreign government from where it is shipping requires an export license, or other governmental approval, without first obtaining such license or approval. Recipient also agrees to implement measures to ensure that foreign national employees are authorized to receive any information controlled by U.S. export control laws. An export is "deemed" to take place when information is released to a foreign national wherever located.
build	Setup Android SDK	2026-07-29T00:35:54.3573111Z 
build	Setup Android SDK	2026-07-29T00:35:54.3579784Z 10.7 Special Terms for Pre-Release Materials. If so indicated in the description of the Evaluation Software, the Evaluation Software may contain Pre-Release Materials. Recipient hereby understands, acknowledges and agrees that: (i) Pre-Release Materials may not be fully tested and may contain bugs or errors; (ii) Pre-Release materials are not suitable for commercial release in their current state; (iii) regulatory approvals for Pre-Release Materials (such as UL or FCC) have not been obtained, and Pre-Release Materials may therefore not be certified for use in certain countries or environments or may not be suitable for certain applications and (iv) MIPS can provide no assurance that it will ever produce or make generally available a production version of the Pre-Release Materials . MIPS is not under any obligation to develop and/or release or offer for sale or license a final product based upon the Pre-Release Materials and may unilaterally elect to abandon the Pre-Release Materials or any such development platform at any time and without any obligation or liability whatsoever to Recipient or any other person.
build	Setup Android SDK	2026-07-29T00:35:54.3587030Z 
build	Setup Android SDK	2026-07-29T00:35:54.3588346Z ANY PRE-RELEASE MATERIALS ARE NON-QUALIFIED AND, AS SUCH, ARE PROVIDED “AS IS” AND “AS AVAILABLE”, POSSIBLY WITH FAULTS, AND WITHOUT REPRESENTATION OR WARRANTY OF ANY KIND.
build	Setup Android SDK	2026-07-29T00:35:54.3589442Z 
build	Setup Android SDK	2026-07-29T00:35:54.3593233Z 10.8 Open Source Software. In the event Open Source software is included with Evaluation Software, such Open Source software is licensed pursuant to the applicable Open Source software license agreement identified in the Open Source software comments in the applicable source code file(s) and/or file header as indicated in the Evaluation Software. Additional detail may be available (where applicable) in the accompanying on-line documentation. With respect to the Open Source software, nothing in this Agreement limits any rights under, or grants rights that supersede, the terms of any applicable Open Source software license agreement.
build	Setup Android SDK	2026-07-29T00:35:54.3597436Z ---------------------------------------
build	Setup Android SDK	2026-07-29T00:35:54.3598017Z Accept? (y/N): All SDK package licenses accepted
build	Setup Android SDK	2026-07-29T00:35:54.3598384Z 
build	Setup Android SDK	2026-07-29T00:35:54.3598745Z [command]/usr/local/lib/android/sdk/cmdline-tools/16.0/bin/sdkmanager tools
build	Setup Android SDK	2026-07-29T00:35:55.0562385Z Loading package information...                                                  
build	Setup Android SDK	2026-07-29T00:35:55.1398755Z Loading local repository...                                                     
build	Setup Android SDK	2026-07-29T00:35:55.1400070Z [                                       ] 3% Loading local repository...        
build	Setup Android SDK	2026-07-29T00:35:55.1434123Z [                                       ] 3% Fetch remote repository...         
build	Setup Android SDK	2026-07-29T00:35:55.4782535Z [=                                      ] 3% Fetch remote repository...         
build	Setup Android SDK	2026-07-29T00:35:55.6314326Z [=                                      ] 4% Fetch remote repository...         
build	Setup Android SDK	2026-07-29T00:35:55.6681437Z [=                                      ] 5% Fetch remote repository...         
build	Setup Android SDK	2026-07-29T00:35:55.7288931Z [==                                     ] 5% Fetch remote repository...         
build	Setup Android SDK	2026-07-29T00:35:55.8216494Z [==                                     ] 6% Fetch remote repository...         
build	Setup Android SDK	2026-07-29T00:35:55.8901782Z [==                                     ] 7% Fetch remote repository...         
build	Setup Android SDK	2026-07-29T00:35:55.8922161Z [==                                     ] 7% Computing updates...               
build	Setup Android SDK	2026-07-29T00:35:55.9039484Z [===                                    ] 8% Computing updates...               
build	Setup Android SDK	2026-07-29T00:35:55.9278051Z [===                                    ] 10% Computing updates...              
build	Setup Android SDK	2026-07-29T00:35:56.4463678Z [===                                    ] 10% Installing Android Emulator       
build	Setup Android SDK	2026-07-29T00:35:56.6146238Z [===                                    ] 10% Downloading emulator-linux_x64-155
build	Setup Android SDK	2026-07-29T00:35:57.0426127Z [====                                   ] 10% Downloading emulator-linux_x64-155
build	Setup Android SDK	2026-07-29T00:35:57.5035560Z [====                                   ] 11% Downloading emulator-linux_x64-155
build	Setup Android SDK	2026-07-29T00:35:57.8102281Z [====                                   ] 12% Downloading emulator-linux_x64-155
build	Setup Android SDK	2026-07-29T00:35:58.0782414Z [=====                                  ] 13% Downloading emulator-linux_x64-155
build	Setup Android SDK	2026-07-29T00:35:58.3275557Z [=====                                  ] 14% Downloading emulator-linux_x64-155
build	Setup Android SDK	2026-07-29T00:35:58.4893730Z [=====                                  ] 15% Downloading emulator-linux_x64-155
build	Setup Android SDK	2026-07-29T00:35:58.6450462Z [======                                 ] 15% Downloading emulator-linux_x64-155
build	Setup Android SDK	2026-07-29T00:35:58.8897707Z [======                                 ] 16% Downloading emulator-linux_x64-155
build	Setup Android SDK	2026-07-29T00:35:59.6214559Z [======                                 ] 17% Downloading emulator-linux_x64-155
build	Setup Android SDK	2026-07-29T00:36:01.2071618Z [=======                                ] 18% Downloading emulator-linux_x64-155
build	Setup Android SDK	2026-07-29T00:36:01.5349420Z [=======                                ] 19% Downloading emulator-linux_x64-155
build	Setup Android SDK	2026-07-29T00:36:01.7121967Z [=======                                ] 20% Downloading emulator-linux_x64-155
build	Setup Android SDK	2026-07-29T00:36:01.8681949Z [========                               ] 20% Downloading emulator-linux_x64-155
build	Setup Android SDK	2026-07-29T00:36:02.4361165Z [========                               ] 21% Downloading emulator-linux_x64-155
build	Setup Android SDK	2026-07-29T00:36:02.5207946Z [========                               ] 21% Unzipping...                      
build	Setup Android SDK	2026-07-29T00:36:02.5209212Z [========                               ] 21% Unzipping... emulator/            
build	Setup Android SDK	2026-07-29T00:36:02.5210288Z [========                               ] 21% Unzipping... emulator/resources/  
build	Setup Android SDK	2026-07-29T00:36:02.5663007Z [========                               ] 21% Unzipping... emulator/qsn         
build	Setup Android SDK	2026-07-29T00:36:02.5784752Z [========                               ] 21% Unzipping... emulator/emulator    
build	Setup Android SDK	2026-07-29T00:36:02.6699833Z [========                               ] 21% Unzipping... emulator/netsimd     
build	Setup Android SDK	2026-07-29T00:36:02.7252436Z [========                               ] 22% Unzipping... emulator/netsimd     
build	Setup Android SDK	2026-07-29T00:36:02.7256166Z [========                               ] 22% Unzipping... emulator/bin64/      
build	Setup Android SDK	2026-07-29T00:36:02.7281686Z [========                               ] 22% Unzipping... emulator/qemu/       
build	Setup Android SDK	2026-07-29T00:36:02.7301918Z [========                               ] 22% Unzipping... emulator/NOTICE.txt  
build	Setup Android SDK	2026-07-29T00:36:02.7474551Z [========                               ] 22% Unzipping... emulator/crashpad_han
build	Setup Android SDK	2026-07-29T00:36:02.7502347Z [========                               ] 22% Unzipping... emulator/source.prope
build	Setup Android SDK	2026-07-29T00:36:02.7966717Z [========                               ] 22% Unzipping... emulator/nimble_bridg
build	Setup Android SDK	2026-07-29T00:36:02.7969114Z [========                               ] 22% Unzipping... emulator/LICENSE     
build	Setup Android SDK	2026-07-29T00:36:02.7970155Z [========                               ] 22% Unzipping... emulator/lib/        
build	Setup Android SDK	2026-07-29T00:36:02.8062194Z [========                               ] 22% Unzipping... emulator/qemu-img    
build	Setup Android SDK	2026-07-29T00:36:02.8063711Z [========                               ] 22% Unzipping... emulator/include/    
build	Setup Android SDK	2026-07-29T00:36:02.8064771Z [========                               ] 22% Unzipping... emulator/NOTICE.csv  
build	Setup Android SDK	2026-07-29T00:36:02.8065659Z [========                               ] 22% Unzipping... emulator/lib64/      
build	Setup Android SDK	2026-07-29T00:36:02.8239555Z [========                               ] 22% Unzipping... emulator/emulator-che
build	Setup Android SDK	2026-07-29T00:36:02.8436653Z [========                               ] 22% Unzipping... emulator/crashreport 
build	Setup Android SDK	2026-07-29T00:36:02.8440498Z [========                               ] 22% Unzipping... emulator/mksdcard    
build	Setup Android SDK	2026-07-29T00:36:02.8625675Z [========                               ] 22% Unzipping... emulator/resources/To
build	Setup Android SDK	2026-07-29T00:36:02.8642022Z [========                               ] 22% Unzipping... emulator/resources/de
build	Setup Android SDK	2026-07-29T00:36:02.8782292Z [========                               ] 22% Unzipping... emulator/resources/To
build	Setup Android SDK	2026-07-29T00:36:02.8795449Z [========                               ] 22% Unzipping... emulator/resources/ma
build	Setup Android SDK	2026-07-29T00:36:02.8815221Z [========                               ] 22% Unzipping... emulator/resources/de
build	Setup Android SDK	2026-07-29T00:36:02.8816307Z [========                               ] 22% Unzipping... emulator/resources/sk
build	Setup Android SDK	2026-07-29T00:36:02.8849797Z [========                               ] 22% Unzipping... emulator/resources/de
build	Setup Android SDK	2026-07-29T00:36:02.8850783Z [========                               ] 22% Unzipping... emulator/resources/ma
build	Setup Android SDK	2026-07-29T00:36:02.8865028Z [========                               ] 22% Unzipping... emulator/resources/po
build	Setup Android SDK	2026-07-29T00:36:02.9047505Z [========                               ] 22% Unzipping... emulator/resources/ma
build	Setup Android SDK	2026-07-29T00:36:02.9126930Z [========                               ] 22% Unzipping... emulator/resources/sk
build	Setup Android SDK	2026-07-29T00:36:02.9145691Z [========                               ] 22% Unzipping... emulator/resources/ma
build	Setup Android SDK	2026-07-29T00:36:02.9183809Z [========                               ] 22% Unzipping... emulator/bin64/e2fsck
build	Setup Android SDK	2026-07-29T00:36:02.9221246Z [========                               ] 22% Unzipping... emulator/bin64/fsck.e
build	Setup Android SDK	2026-07-29T00:36:02.9252790Z [========                               ] 22% Unzipping... emulator/bin64/tune2f
build	Setup Android SDK	2026-07-29T00:36:02.9282725Z [========                               ] 22% Unzipping... emulator/bin64/resize
build	Setup Android SDK	2026-07-29T00:36:02.9294107Z [========                               ] 22% Unzipping... emulator/bin64/mkfs.e
build	Setup Android SDK	2026-07-29T00:36:02.9577737Z [========                               ] 22% Unzipping... emulator/qemu/linux-x
build	Setup Android SDK	2026-07-29T00:36:03.3163055Z [=========                              ] 23% Unzipping... emulator/qemu/linux-x
build	Setup Android SDK	2026-07-29T00:36:03.6501556Z [=========                              ] 24% Unzipping... emulator/qemu/linux-x
build	Setup Android SDK	2026-07-29T00:36:03.8103529Z [=========                              ] 25% Unzipping... emulator/qemu/linux-x
build	Setup Android SDK	2026-07-29T00:36:03.9736685Z [==========                             ] 25% Unzipping... emulator/qemu/linux-x
build	Setup Android SDK	2026-07-29T00:36:03.9738599Z [==========                             ] 25% Unzipping... emulator/lib/emulator
build	Setup Android SDK	2026-07-29T00:36:03.9741918Z [==========                             ] 25% Unzipping... emulator/lib/rtc_serv
build	Setup Android SDK	2026-07-29T00:36:03.9746269Z [==========                             ] 25% Unzipping... emulator/lib/advanced
build	Setup Android SDK	2026-07-29T00:36:03.9747299Z [==========                             ] 25% Unzipping... emulator/lib/cmake/  
build	Setup Android SDK	2026-07-29T00:36:03.9750804Z [==========                             ] 25% Unzipping... emulator/lib/emulator
build	Setup Android SDK	2026-07-29T00:36:03.9753106Z [==========                             ] 25% Unzipping... emulator/lib/control_
build	Setup Android SDK	2026-07-29T00:36:03.9756206Z [==========                             ] 25% Unzipping... emulator/lib/emulated
build	Setup Android SDK	2026-07-29T00:36:03.9761629Z [==========                             ] 25% Unzipping... emulator/lib/rtc_serv
build	Setup Android SDK	2026-07-29T00:36:03.9763582Z [==========                             ] 25% Unzipping... emulator/lib/emu-orig
build	Setup Android SDK	2026-07-29T00:36:03.9768096Z [==========                             ] 25% Unzipping... emulator/lib/hardware
build	Setup Android SDK	2026-07-29T00:36:03.9775081Z [==========                             ] 25% Unzipping... emulator/lib/pkgconfi
build	Setup Android SDK	2026-07-29T00:36:03.9776041Z [==========                             ] 25% Unzipping... emulator/lib/pc-bios/
build	Setup Android SDK	2026-07-29T00:36:03.9776774Z [==========                             ] 25% Unzipping... emulator/lib/snapshot
build	Setup Android SDK	2026-07-29T00:36:03.9777320Z [==========                             ] 25% Unzipping... emulator/lib/adb_serv
build	Setup Android SDK	2026-07-29T00:36:03.9783850Z [==========                             ] 25% Unzipping... emulator/lib/hostapd.
build	Setup Android SDK	2026-07-29T00:36:03.9786420Z [==========                             ] 25% Unzipping... emulator/lib/grpc_end
build	Setup Android SDK	2026-07-29T00:36:03.9803501Z [==========                             ] 25% Unzipping... emulator/lib/ca-bundl
build	Setup Android SDK	2026-07-29T00:36:03.9806454Z [==========                             ] 25% Unzipping... emulator/lib/ui_contr
build	Setup Android SDK	2026-07-29T00:36:03.9810193Z [==========                             ] 25% Unzipping... emulator/lib/snapshot
build	Setup Android SDK	2026-07-29T00:36:03.9831476Z [==========                             ] 25% Unzipping... emulator/lib/ice_conf
build	Setup Android SDK	2026-07-29T00:36:04.0041724Z [==========                             ] 25% Unzipping... emulator/lib/libflatb
build	Setup Android SDK	2026-07-29T00:36:04.0128499Z [==========                             ] 26% Unzipping... emulator/lib/libflatb
build	Setup Android SDK	2026-07-29T00:36:04.0136205Z [==========                             ] 26% Unzipping... emulator/lib/emulator
build	Setup Android SDK	2026-07-29T00:36:04.0139016Z [==========                             ] 26% Unzipping... emulator/lib/waterfal
build	Setup Android SDK	2026-07-29T00:36:04.0142776Z [==========                             ] 26% Unzipping... emulator/lib/emulated
build	Setup Android SDK	2026-07-29T00:36:04.0157606Z [==========                             ] 26% Unzipping... emulator/lib/cmake/fl
build	Setup Android SDK	2026-07-29T00:36:04.0171820Z [==========                             ] 26% Unzipping... emulator/lib/pkgconfi
build	Setup Android SDK	2026-07-29T00:36:04.0350817Z [==========                             ] 26% Unzipping... emulator/lib/pc-bios/
build	Setup Android SDK	2026-07-29T00:36:04.0441758Z [==========                             ] 26% Unzipping... emulator/include/flat
build	Setup Android SDK	2026-07-29T00:36:04.0504213Z [==========                             ] 26% Unzipping... emulator/lib64/libgli
build	Setup Android SDK	2026-07-29T00:36:04.0626477Z [==========                             ] 26% Unzipping... emulator/lib64/libpro
build	Setup Android SDK	2026-07-29T00:36:04.0627386Z [==========                             ] 26% Unzipping... emulator/lib64/qt/   
build	Setup Android SDK	2026-07-29T00:36:04.1022515Z [==========                             ] 26% Unzipping... emulator/lib64/liband
build	Setup Android SDK	2026-07-29T00:36:04.1716522Z [==========                             ] 26% Unzipping... emulator/lib64/libgfx
build	Setup Android SDK	2026-07-29T00:36:04.1717499Z [==========                             ] 26% Unzipping... emulator/lib64/gles_l
build	Setup Android SDK	2026-07-29T00:36:04.1725672Z [==========                             ] 26% Unzipping... emulator/lib64/liband
build	Setup Android SDK	2026-07-29T00:36:04.1727540Z [==========                             ] 26% Unzipping... emulator/lib64/vulkan
build	Setup Android SDK	2026-07-29T00:36:04.1732322Z [==========                             ] 26% Unzipping... emulator/lib64/gles_s
build	Setup Android SDK	2026-07-29T00:36:04.1733137Z [==========                             ] 26% Unzipping... emulator/lib64/libemu
build	Setup Android SDK	2026-07-29T00:36:04.1857775Z [==========                             ] 26% Unzipping... emulator/lib64/libpro
build	Setup Android SDK	2026-07-29T00:36:04.3226839Z [==========                             ] 26% Unzipping... emulator/lib64/liband
build	Setup Android SDK	2026-07-29T00:36:04.3246316Z [==========                             ] 26% Unzipping... emulator/lib64/libtcm
build	Setup Android SDK	2026-07-29T00:36:04.3248991Z [==========                             ] 26% Unzipping... emulator/lib64/libima
build	Setup Android SDK	2026-07-29T00:36:04.3318715Z [==========                             ] 26% Unzipping... emulator/lib64/libc++
build	Setup Android SDK	2026-07-29T00:36:04.3578812Z [==========                             ] 26% Unzipping... emulator/lib64/liband
build	Setup Android SDK	2026-07-29T00:36:04.3628242Z [==========                             ] 26% Unzipping... emulator/lib64/libabs
build	Setup Android SDK	2026-07-29T00:36:04.3629309Z [==========                             ] 26% Unzipping... emulator/lib64/gles_a
build	Setup Android SDK	2026-07-29T00:36:04.3701531Z [==========                             ] 26% Unzipping... emulator/lib64/libsha
build	Setup Android SDK	2026-07-29T00:36:04.3767893Z [==========                             ] 26% Unzipping... emulator/lib64/libc++
build	Setup Android SDK	2026-07-29T00:36:04.3769391Z [==========                             ] 26% Unzipping... emulator/lib64/qt/res
build	Setup Android SDK	2026-07-29T00:36:04.3770161Z [==========                             ] 26% Unzipping... emulator/lib64/qt/lib
build	Setup Android SDK	2026-07-29T00:36:04.3772618Z [==========                             ] 26% Unzipping... emulator/lib64/qt/tra
build	Setup Android SDK	2026-07-29T00:36:04.3778727Z [==========                             ] 26% Unzipping... emulator/lib64/qt/plu
build	Setup Android SDK	2026-07-29T00:36:04.3818389Z [==========                             ] 26% Unzipping... emulator/lib64/qt/res
build	Setup Android SDK	2026-07-29T00:36:04.4512818Z [==========                             ] 27% Unzipping... emulator/lib64/qt/res
build	Setup Android SDK	2026-07-29T00:36:04.5430060Z [==========                             ] 27% Unzipping... emulator/lib64/qt/lib
build	Setup Android SDK	2026-07-29T00:36:04.9231775Z [===========                            ] 28% Unzipping... emulator/lib64/qt/lib
build	Setup Android SDK	2026-07-29T00:36:05.3135092Z [===========                            ] 29% Unzipping... emulator/lib64/qt/lib
build	Setup Android SDK	2026-07-29T00:36:05.4899845Z [===========                            ] 30% Unzipping... emulator/lib64/qt/lib
build	Setup Android SDK	2026-07-29T00:36:05.6364876Z [============                           ] 30% Unzipping... emulator/lib64/qt/lib
build	Setup Android SDK	2026-07-29T00:36:05.7012497Z [============                           ] 30% Unzipping... emulator/lib64/qt/tra
build	Setup Android SDK	2026-07-29T00:36:05.7468318Z [============                           ] 31% Unzipping... emulator/lib64/qt/tra
build	Setup Android SDK	2026-07-29T00:36:05.7589630Z [============                           ] 31% Unzipping... emulator/lib64/qt/plu
build	Setup Android SDK	2026-07-29T00:36:05.8433950Z [============                           ] 31% Unzipping... emulator/lib64/gles_l
build	Setup Android SDK	2026-07-29T00:36:06.0772334Z [============                           ] 31% Unzipping... emulator/lib64/vulkan
build	Setup Android SDK	2026-07-29T00:36:06.4044747Z [============                           ] 32% Unzipping... emulator/lib64/vulkan
build	Setup Android SDK	2026-07-29T00:36:06.4728208Z [============                           ] 32% Unzipping... emulator/lib64/gles_s
build	Setup Android SDK	2026-07-29T00:36:06.5316729Z [============                           ] 32% Unzipping... emulator/lib64/gles_a
build	Setup Android SDK	2026-07-29T00:36:06.5923598Z [=============                          ] 33% Unzipping... emulator/lib64/gles_a
build	Setup Android SDK	2026-07-29T00:36:06.9464747Z [=====================                  ] 55% Unzipping... emulator/lib64/gles_a
build	Setup Android SDK	2026-07-29T00:36:06.9884439Z [=====================                  ] 55% Installing Android SDK Tools emula
build	Setup Android SDK	2026-07-29T00:36:07.0072082Z [=====================                  ] 55% Downloading sdk-tools-linux-433379
build	Setup Android SDK	2026-07-29T00:36:07.0657219Z [======================                 ] 55% Downloading sdk-tools-linux-433379
build	Setup Android SDK	2026-07-29T00:36:07.1994533Z [======================                 ] 56% Downloading sdk-tools-linux-433379
build	Setup Android SDK	2026-07-29T00:36:07.4773290Z [======================                 ] 57% Downloading sdk-tools-linux-433379
build	Setup Android SDK	2026-07-29T00:36:07.6316552Z [=======================                ] 58% Downloading sdk-tools-linux-433379
build	Setup Android SDK	2026-07-29T00:36:07.7324132Z [=======================                ] 59% Downloading sdk-tools-linux-433379
build	Setup Android SDK	2026-07-29T00:36:07.7960300Z [=======================                ] 60% Downloading sdk-tools-linux-433379
build	Setup Android SDK	2026-07-29T00:36:07.8454565Z [========================               ] 60% Downloading sdk-tools-linux-433379
build	Setup Android SDK	2026-07-29T00:36:07.9850090Z [========================               ] 61% Downloading sdk-tools-linux-433379
build	Setup Android SDK	2026-07-29T00:36:08.1264246Z [========================               ] 62% Downloading sdk-tools-linux-433379
build	Setup Android SDK	2026-07-29T00:36:08.2760127Z [=========================              ] 63% Downloading sdk-tools-linux-433379
build	Setup Android SDK	2026-07-29T00:36:08.3958467Z [=========================              ] 64% Downloading sdk-tools-linux-433379
build	Setup Android SDK	2026-07-29T00:36:08.4505723Z [=========================              ] 65% Downloading sdk-tools-linux-433379
build	Setup Android SDK	2026-07-29T00:36:08.5161480Z [==========================             ] 65% Downloading sdk-tools-linux-433379
build	Setup Android SDK	2026-07-29T00:36:08.6081046Z [==========================             ] 66% Downloading sdk-tools-linux-433379
build	Setup Android SDK	2026-07-29T00:36:08.6619600Z [==========================             ] 66% Unzipping... emulator/lib64/gles_a
build	Setup Android SDK	2026-07-29T00:36:08.6620628Z [==========================             ] 66% Unzipping... tools/               
build	Setup Android SDK	2026-07-29T00:36:08.6621734Z [==========================             ] 66% Unzipping... tools/proguard/      
build	Setup Android SDK	2026-07-29T00:36:08.6623542Z [==========================             ] 66% Unzipping... tools/proguard/licens
build	Setup Android SDK	2026-07-29T00:36:08.6625320Z [==========================             ] 66% Unzipping... tools/proguard/lib/  
build	Setup Android SDK	2026-07-29T00:36:08.6662896Z [==========================             ] 66% Unzipping... tools/proguard/lib/pr
build	Setup Android SDK	2026-07-29T00:36:08.6665584Z [==========================             ] 66% Unzipping... tools/proguard/lib/re
build	Setup Android SDK	2026-07-29T00:36:08.6675969Z [==========================             ] 66% Unzipping... tools/proguard/lib/pr
build	Setup Android SDK	2026-07-29T00:36:08.6676793Z [==========================             ] 66% Unzipping... tools/proguard/ant/  
build	Setup Android SDK	2026-07-29T00:36:08.6678606Z [==========================             ] 66% Unzipping... tools/proguard/ant/ta
build	Setup Android SDK	2026-07-29T00:36:08.6679331Z [==========================             ] 66% Unzipping... tools/proguard/docs/ 
build	Setup Android SDK	2026-07-29T00:36:08.6681159Z [==========================             ] 66% Unzipping... tools/proguard/docs/f
build	Setup Android SDK	2026-07-29T00:36:08.6687780Z [==========================             ] 66% Unzipping... tools/proguard/docs/s
build	Setup Android SDK	2026-07-29T00:36:08.6689221Z [==========================             ] 66% Unzipping... tools/proguard/docs/d
build	Setup Android SDK	2026-07-29T00:36:08.6692457Z [==========================             ] 66% Unzipping... tools/proguard/docs/s
build	Setup Android SDK	2026-07-29T00:36:08.6695163Z [==========================             ] 66% Unzipping... tools/proguard/docs/F
build	Setup Android SDK	2026-07-29T00:36:08.6698702Z [==========================             ] 66% Unzipping... tools/proguard/docs/s
build	Setup Android SDK	2026-07-29T00:36:08.6700850Z [==========================             ] 66% Unzipping... tools/proguard/docs/l
build	Setup Android SDK	2026-07-29T00:36:08.6704886Z [==========================             ] 66% Unzipping... tools/proguard/docs/s
build	Setup Android SDK	2026-07-29T00:36:08.6708339Z [==========================             ] 66% Unzipping... tools/proguard/docs/d
build	Setup Android SDK	2026-07-29T00:36:08.6714266Z [==========================             ] 66% Unzipping... tools/proguard/docs/s
build	Setup Android SDK	2026-07-29T00:36:08.6716296Z [==========================             ] 66% Unzipping... tools/proguard/docs/r
build	Setup Android SDK	2026-07-29T00:36:08.6718569Z [==========================             ] 66% Unzipping... tools/proguard/docs/d
build	Setup Android SDK	2026-07-29T00:36:08.6720796Z [==========================             ] 66% Unzipping... tools/proguard/docs/t
build	Setup Android SDK	2026-07-29T00:36:08.6723428Z [==========================             ] 66% Unzipping... tools/proguard/docs/f
build	Setup Android SDK	2026-07-29T00:36:08.6726857Z [==========================             ] 66% Unzipping... tools/proguard/docs/s
build	Setup Android SDK	2026-07-29T00:36:08.6728980Z [==========================             ] 66% Unzipping... tools/proguard/docs/t
build	Setup Android SDK	2026-07-29T00:36:08.6731264Z [==========================             ] 66% Unzipping... tools/proguard/docs/i
build	Setup Android SDK	2026-07-29T00:36:08.6734897Z [==========================             ] 66% Unzipping... tools/proguard/docs/s
build	Setup Android SDK	2026-07-29T00:36:08.6737291Z [==========================             ] 66% Unzipping... tools/proguard/docs/m
build	Setup Android SDK	2026-07-29T00:36:08.6739490Z [==========================             ] 66% Unzipping... tools/proguard/docs/s
build	Setup Android SDK	2026-07-29T00:36:08.6741684Z [==========================             ] 66% Unzipping... tools/proguard/docs/q
build	Setup Android SDK	2026-07-29T00:36:08.6744943Z [==========================             ] 66% Unzipping... tools/proguard/docs/G
build	Setup Android SDK	2026-07-29T00:36:08.6746849Z [==========================             ] 66% Unzipping... tools/proguard/docs/t
build	Setup Android SDK	2026-07-29T00:36:08.6759543Z [==========================             ] 66% Unzipping... tools/proguard/docs/s
build	Setup Android SDK	2026-07-29T00:36:08.6812043Z [==========================             ] 66% Unzipping... tools/proguard/docs/m
build	Setup Android SDK	2026-07-29T00:36:08.6813329Z [==========================             ] 66% Unzipping... tools/proguard/docs/s
build	Setup Android SDK	2026-07-29T00:36:08.6814338Z [==========================             ] 66% Unzipping... tools/proguard/docs/G
build	Setup Android SDK	2026-07-29T00:36:08.6815254Z [==========================             ] 66% Unzipping... tools/proguard/docs/c
build	Setup Android SDK	2026-07-29T00:36:08.6822737Z [==========================             ] 66% Unzipping... tools/proguard/docs/a
build	Setup Android SDK	2026-07-29T00:36:08.6824757Z [==========================             ] 66% Unzipping... tools/proguard/docs/s
build	Setup Android SDK	2026-07-29T00:36:08.6828326Z [==========================             ] 66% Unzipping... tools/proguard/docs/d
build	Setup Android SDK	2026-07-29T00:36:08.6912924Z [==========================             ] 66% Unzipping... tools/proguard/exampl
build	Setup Android SDK	2026-07-29T00:36:08.6932188Z [==========================             ] 66% Unzipping... tools/proguard/bin/  
build	Setup Android SDK	2026-07-29T00:36:08.6933115Z [==========================             ] 66% Unzipping... tools/proguard/bin/pr
build	Setup Android SDK	2026-07-29T00:36:08.6934305Z [==========================             ] 66% Unzipping... tools/proguard/bin/re
build	Setup Android SDK	2026-07-29T00:36:08.6935327Z [==========================             ] 66% Unzipping... tools/proguard/README
build	Setup Android SDK	2026-07-29T00:36:08.6936299Z [==========================             ] 66% Unzipping... tools/proguard/progua
build	Setup Android SDK	2026-07-29T00:36:08.6937350Z [==========================             ] 66% Unzipping... tools/lib/           
build	Setup Android SDK	2026-07-29T00:36:08.6963166Z [==========================             ] 66% Unzipping... tools/lib/bcpkix-jdk1
build	Setup Android SDK	2026-07-29T00:36:08.6970906Z [==========================             ] 66% Unzipping... tools/lib/org-eclipse
build	Setup Android SDK	2026-07-29T00:36:08.6982760Z [==========================             ] 66% Unzipping... tools/lib/manifest-me
build	Setup Android SDK	2026-07-29T00:36:08.6988823Z [==========================             ] 66% Unzipping... tools/lib/jcommander-
build	Setup Android SDK	2026-07-29T00:36:08.7000867Z [==========================             ] 66% Unzipping... tools/lib/gson-2.3.ja
build	Setup Android SDK	2026-07-29T00:36:08.7004543Z [==========================             ] 66% Unzipping... tools/lib/ddms-26.0.0
build	Setup Android SDK	2026-07-29T00:36:08.7011960Z [==========================             ] 66% Unzipping... tools/lib/asm-tree-5.
build	Setup Android SDK	2026-07-29T00:36:08.7056345Z [==========================             ] 66% Unzipping... tools/lib/uast-26.0.0
build	Setup Android SDK	2026-07-29T00:36:08.7069025Z [==========================             ] 66% Unzipping... tools/lib/dexlib2-2.2
build	Setup Android SDK	2026-07-29T00:36:08.7103515Z [==========================             ] 67% Unzipping... tools/lib/dexlib2-2.2
build	Setup Android SDK	2026-07-29T00:36:08.7105595Z [==========================             ] 67% Unzipping... tools/lib/android.el 
build	Setup Android SDK	2026-07-29T00:36:08.7110164Z [==========================             ] 67% Unzipping... tools/lib/apkanalyzer
build	Setup Android SDK	2026-07-29T00:36:08.7227607Z [==========================             ] 67% Unzipping... tools/lib/guava-22.0.
build	Setup Android SDK	2026-07-29T00:36:08.7254655Z [==========================             ] 67% Unzipping... tools/lib/lint-api-26
build	Setup Android SDK	2026-07-29T00:36:08.7264337Z [==========================             ] 67% Unzipping... tools/lib/baksmali-2.
build	Setup Android SDK	2026-07-29T00:36:08.7268285Z [==========================             ] 67% Unzipping... tools/lib/shared.jar 
build	Setup Android SDK	2026-07-29T00:36:08.7271638Z [==========================             ] 67% Unzipping... tools/lib/jsr305-1.3.
build	Setup Android SDK	2026-07-29T00:36:08.7294105Z [==========================             ] 67% Unzipping... tools/lib/httpclient-
build	Setup Android SDK	2026-07-29T00:36:08.7397233Z [==========================             ] 67% Unzipping... tools/lib/ecj-4.6.1.j
build	Setup Android SDK	2026-07-29T00:36:08.7403703Z [==========================             ] 67% Unzipping... tools/lib/jobb-26.0.0
build	Setup Android SDK	2026-07-29T00:36:08.7418363Z [==========================             ] 67% Unzipping... tools/lib/jcommon-1.0
build	Setup Android SDK	2026-07-29T00:36:08.7423077Z [==========================             ] 67% Unzipping... tools/lib/kxml2-2.3.0
build	Setup Android SDK	2026-07-29T00:36:08.7496771Z [==========================             ] 67% Unzipping... tools/lib/jfreechart-
build	Setup Android SDK	2026-07-29T00:36:08.7497959Z [==========================             ] 67% Unzipping... tools/lib/common-26.0
build	Setup Android SDK	2026-07-29T00:36:08.7547843Z [==========================             ] 67% Unzipping... tools/lib/lint-checks
build	Setup Android SDK	2026-07-29T00:36:08.7655392Z [==========================             ] 67% Unzipping... tools/lib/kotlin-refl
build	Setup Android SDK	2026-07-29T00:36:08.7658335Z [==========================             ] 67% Unzipping... tools/lib/builder-mod
build	Setup Android SDK	2026-07-29T00:36:08.7691493Z [==========================             ] 67% Unzipping... tools/lib/sdklib-26.0
build	Setup Android SDK	2026-07-29T00:36:08.7697585Z [==========================             ] 67% Unzipping... tools/lib/layoutlib-a
build	Setup Android SDK	2026-07-29T00:36:08.7701196Z [==========================             ] 67% Unzipping... tools/lib/annotations
build	Setup Android SDK	2026-07-29T00:36:08.7706409Z [==========================             ] 67% Unzipping... tools/lib/fat32lib.ja
build	Setup Android SDK	2026-07-29T00:36:08.7710080Z [==========================             ] 67% Unzipping... tools/lib/jsr305-3.0.
build	Setup Android SDK	2026-07-29T00:36:08.7758896Z [==========================             ] 67% Unzipping... tools/lib/org-eclipse
build	Setup Android SDK	2026-07-29T00:36:08.7761993Z [==========================             ] 67% Unzipping... tools/lib/error_prone
build	Setup Android SDK	2026-07-29T00:36:08.7777390Z [==========================             ] 67% Unzipping... tools/lib/org-eclipse
build	Setup Android SDK	2026-07-29T00:36:08.7791628Z [==========================             ] 67% Unzipping... tools/lib/animal-snif
build	Setup Android SDK	2026-07-29T00:36:08.7824306Z [==========================             ] 67% Unzipping... tools/lib/asset-studi
build	Setup Android SDK	2026-07-29T00:36:08.7851462Z [===========================            ] 68% Unzipping... tools/lib/asset-studi
build	Setup Android SDK	2026-07-29T00:36:08.7863556Z [===========================            ] 68% Unzipping... tools/lib/repository-
build	Setup Android SDK	2026-07-29T00:36:08.7867133Z [===========================            ] 68% Unzipping... tools/lib/dvlib-26.0.
build	Setup Android SDK	2026-07-29T00:36:08.7896451Z [===========================            ] 68% Unzipping... tools/lib/jsilver-1.0
build	Setup Android SDK	2026-07-29T00:36:08.7916153Z [===========================            ] 68% Unzipping... tools/lib/asm-5.1.jar
build	Setup Android SDK	2026-07-29T00:36:08.7917108Z [===========================            ] 68% Unzipping... tools/lib/devices.xml
build	Setup Android SDK	2026-07-29T00:36:08.7917992Z [===========================            ] 68% Unzipping... tools/lib/asm-analysi
build	Setup Android SDK	2026-07-29T00:36:08.7941864Z [===========================            ] 68% Unzipping... tools/lib/hierarchyvi
build	Setup Android SDK	2026-07-29T00:36:08.7951536Z [===========================            ] 68% Unzipping... tools/lib/monkeyrunne
build	Setup Android SDK	2026-07-29T00:36:08.7958399Z [===========================            ] 68% Unzipping... tools/lib/uiautomator
build	Setup Android SDK	2026-07-29T00:36:08.7960658Z [===========================            ] 68% Unzipping... tools/lib/archquery-2
build	Setup Android SDK	2026-07-29T00:36:08.7966586Z [===========================            ] 68% Unzipping... tools/lib/chimpchat-2
build	Setup Android SDK	2026-07-29T00:36:08.7972082Z [===========================            ] 68% Unzipping... tools/lib/explainer.j
build	Setup Android SDK	2026-07-29T00:36:08.7998887Z [===========================            ] 68% Unzipping... tools/lib/ddmlib-26.0
build	Setup Android SDK	2026-07-29T00:36:08.8022522Z [===========================            ] 68% Unzipping... tools/lib/swtmenubar-
build	Setup Android SDK	2026-07-29T00:36:08.8136540Z [===========================            ] 68% Unzipping... tools/lib/osgi-4.0.0.
build	Setup Android SDK	2026-07-29T00:36:08.8154355Z [===========================            ] 68% Unzipping... tools/lib/x86_64/    
build	Setup Android SDK	2026-07-29T00:36:08.8219399Z [===========================            ] 68% Unzipping... tools/lib/x86_64/swt.
build	Setup Android SDK	2026-07-29T00:36:08.8729580Z [===========================            ] 68% Unzipping... tools/lib/monitor-x86
build	Setup Android SDK	2026-07-29T00:36:08.9477148Z [===========================            ] 69% Unzipping... tools/lib/monitor-x86
build	Setup Android SDK	2026-07-29T00:36:09.0012056Z [===========================            ] 70% Unzipping... tools/lib/monitor-x86
build	Setup Android SDK	2026-07-29T00:36:09.0549185Z [============================           ] 70% Unzipping... tools/lib/monitor-x86
build	Setup Android SDK	2026-07-29T00:36:09.2290843Z [============================           ] 71% Unzipping... tools/lib/monitor-x86
build	Setup Android SDK	2026-07-29T00:36:09.2293406Z [============================           ] 71% Unzipping... tools/lib/httpmime-4.
build	Setup Android SDK	2026-07-29T00:36:09.2298384Z [============================           ] 71% Unzipping... tools/lib/annotations
build	Setup Android SDK	2026-07-29T00:36:09.2310041Z [============================           ] 71% Unzipping... tools/lib/lint-26.0.0
build	Setup Android SDK	2026-07-29T00:36:09.2319386Z [============================           ] 71% Unzipping... tools/lib/apkanalyzer
build	Setup Android SDK	2026-07-29T00:36:09.2322686Z [============================           ] 71% Unzipping... tools/lib/binary-reso
build	Setup Android SDK	2026-07-29T00:36:09.2328070Z [============================           ] 71% Unzipping... tools/lib/jopt-simple
build	Setup Android SDK	2026-07-29T00:36:09.2335196Z [============================           ] 71% Unzipping... tools/lib/util-2.2.1.
build	Setup Android SDK	2026-07-29T00:36:09.2353814Z [============================           ] 71% Unzipping... tools/lib/ddmuilib-26
build	Setup Android SDK	2026-07-29T00:36:09.2368795Z [============================           ] 72% Unzipping... tools/lib/ddmuilib-26
build	Setup Android SDK	2026-07-29T00:36:09.2426011Z [============================           ] 72% Unzipping... tools/lib/sdk-common-
build	Setup Android SDK	2026-07-29T00:36:09.2431977Z [============================           ] 72% Unzipping... tools/lib/traceview-2
build	Setup Android SDK	2026-07-29T00:36:09.2446085Z [============================           ] 72% Unzipping... tools/lib/httpcore-4.
build	Setup Android SDK	2026-07-29T00:36:09.2448386Z [============================           ] 72% Unzipping... tools/lib/screenshot2
build	Setup Android SDK	2026-07-29T00:36:09.2463109Z [============================           ] 72% Unzipping... tools/lib/commons-cod
build	Setup Android SDK	2026-07-29T00:36:09.2464660Z [============================           ] 72% Unzipping... tools/lib/proguard-pr
build	Setup Android SDK	2026-07-29T00:36:09.3022983Z [============================           ] 72% Unzipping... tools/lib/jython-stan
build	Setup Android SDK	2026-07-29T00:36:09.3075861Z [=============================          ] 73% Unzipping... tools/lib/jython-stan
build	Setup Android SDK	2026-07-29T00:36:09.3078439Z [=============================          ] 73% Unzipping... tools/lib/annotations
build	Setup Android SDK	2026-07-29T00:36:09.3086329Z [=============================          ] 73% Unzipping... tools/lib/commons-log
build	Setup Android SDK	2026-07-29T00:36:09.3175817Z [=============================          ] 73% Unzipping... tools/lib/protobuf-ja
build	Setup Android SDK	2026-07-29T00:36:09.3180338Z [=============================          ] 73% Unzipping... tools/lib/fakeadbserv
build	Setup Android SDK	2026-07-29T00:36:09.3425493Z [=============================          ] 73% Unzipping... tools/lib/bcprov-jdk1
build	Setup Android SDK	2026-07-29T00:36:09.3427675Z [=============================          ] 73% Unzipping... tools/lib/x86/       
build	Setup Android SDK	2026-07-29T00:36:09.3517729Z [=============================          ] 73% Unzipping... tools/lib/x86/swt.jar
build	Setup Android SDK	2026-07-29T00:36:09.3582254Z [=============================          ] 73% Unzipping... tools/lib/kotlin-stdl
build	Setup Android SDK	2026-07-29T00:36:09.3604905Z [=============================          ] 73% Unzipping... tools/lib/commons-com
build	Setup Android SDK	2026-07-29T00:36:09.3650373Z [=============================          ] 73% Unzipping... tools/lib/lombok-ast-
build	Setup Android SDK	2026-07-29T00:36:09.3688876Z [=============================          ] 73% Unzipping... tools/lib/trove4j-201
build	Setup Android SDK	2026-07-29T00:36:09.3975299Z [=============================          ] 73% Unzipping... tools/lib/intellij-co
build	Setup Android SDK	2026-07-29T00:36:09.4141421Z [=============================          ] 74% Unzipping... tools/lib/intellij-co
build	Setup Android SDK	2026-07-29T00:36:09.4155235Z [=============================          ] 74% Unzipping... tools/lib/jimfs-1.1.j
build	Setup Android SDK	2026-07-29T00:36:09.4156730Z [=============================          ] 74% Unzipping... tools/lib/j2objc-anno
build	Setup Android SDK	2026-07-29T00:36:09.4163949Z [=============================          ] 74% Unzipping... tools/lib/jfreechart-
build	Setup Android SDK	2026-07-29T00:36:09.4615858Z [=============================          ] 74% Unzipping... tools/lib/monitor-x86
build	Setup Android SDK	2026-07-29T00:36:09.4993493Z [=============================          ] 75% Unzipping... tools/lib/monitor-x86
build	Setup Android SDK	2026-07-29T00:36:09.5343081Z [==============================         ] 75% Unzipping... tools/lib/monitor-x86
build	Setup Android SDK	2026-07-29T00:36:09.6186208Z [==============================         ] 76% Unzipping... tools/lib/monitor-x86
build	Setup Android SDK	2026-07-29T00:36:09.7535761Z [==============================         ] 77% Unzipping... tools/lib/monitor-x86
build	Setup Android SDK	2026-07-29T00:36:09.7540234Z [==============================         ] 77% Unzipping... tools/lib/generator.j
build	Setup Android SDK	2026-07-29T00:36:09.7542664Z [==============================         ] 77% Unzipping... tools/source.properti
build	Setup Android SDK	2026-07-29T00:36:09.7543270Z [==============================         ] 77% Unzipping... tools/bin/           
build	Setup Android SDK	2026-07-29T00:36:09.7546281Z [==============================         ] 77% Unzipping... tools/bin/avdmanager 
build	Setup Android SDK	2026-07-29T00:36:09.7548271Z [==============================         ] 77% Unzipping... tools/bin/jobb       
build	Setup Android SDK	2026-07-29T00:36:09.7550630Z [==============================         ] 77% Unzipping... tools/bin/uiautomator
build	Setup Android SDK	2026-07-29T00:36:09.7553325Z [==============================         ] 77% Unzipping... tools/bin/apkanalyzer
build	Setup Android SDK	2026-07-29T00:36:09.7555624Z [==============================         ] 77% Unzipping... tools/bin/monkeyrunne
build	Setup Android SDK	2026-07-29T00:36:09.7558130Z [==============================         ] 77% Unzipping... tools/bin/archquery  
build	Setup Android SDK	2026-07-29T00:36:09.7560567Z [==============================         ] 77% Unzipping... tools/bin/sdkmanager 
build	Setup Android SDK	2026-07-29T00:36:09.7563357Z [==============================         ] 77% Unzipping... tools/bin/lint       
build	Setup Android SDK	2026-07-29T00:36:09.7565900Z [==============================         ] 77% Unzipping... tools/bin/screenshot2
build	Setup Android SDK	2026-07-29T00:36:09.7588565Z [==============================         ] 77% Unzipping... tools/NOTICE.txt     
build	Setup Android SDK	2026-07-29T00:36:09.7624940Z [==============================         ] 77% Unzipping... tools/emulator       
build	Setup Android SDK	2026-07-29T00:36:09.7648929Z [==============================         ] 77% Unzipping... tools/emulator-check 
build	Setup Android SDK	2026-07-29T00:36:09.7652448Z [==============================         ] 77% Unzipping... tools/monitor        
build	Setup Android SDK	2026-07-29T00:36:09.7654639Z [==============================         ] 77% Unzipping... tools/android        
build	Setup Android SDK	2026-07-29T00:36:09.7657280Z [==============================         ] 77% Unzipping... tools/mksdcard       
build	Setup Android SDK	2026-07-29T00:36:09.7658072Z [==============================         ] 77% Unzipping... tools/support/       
build	Setup Android SDK	2026-07-29T00:36:09.7663935Z [==============================         ] 77% Unzipping... tools/support/typos-d
build	Setup Android SDK	2026-07-29T00:36:09.7667317Z [==============================         ] 77% Unzipping... tools/support/typos-e
build	Setup Android SDK	2026-07-29T00:36:09.7669259Z [==============================         ] 77% Unzipping... tools/support/annotat
build	Setup Android SDK	2026-07-29T00:36:09.7677264Z [==============================         ] 77% Unzipping... tools/support/typos-e
build	Setup Android SDK	2026-07-29T00:36:09.7681420Z [==============================         ] 77% Unzipping... tools/support/typos-t
build	Setup Android SDK	2026-07-29T00:36:09.7686273Z [==============================         ] 77% Unzipping... tools/support/typos-p
build	Setup Android SDK	2026-07-29T00:36:09.7689593Z [==============================         ] 77% Unzipping... tools/support/typos-i
build	Setup Android SDK	2026-07-29T00:36:09.7692809Z [==============================         ] 77% Unzipping... tools/support/typos-n
build	Setup Android SDK	2026-07-29T00:36:09.7695958Z [==============================         ] 77% Unzipping... tools/support/typos-h
build	Setup Android SDK	2026-07-29T00:36:09.7976576Z [==============================         ] 78% Unzipping... tools/support/typos-h
build	Setup Android SDK	2026-07-29T00:36:09.7977555Z [=======================================] 100% Unzipping... tools/support/typos-
build	Setup Android SDK	2026-07-29T00:36:09.8027925Z 
build	Setup Android SDK	2026-07-29T00:36:09.8151612Z [command]/usr/local/lib/android/sdk/cmdline-tools/16.0/bin/sdkmanager platform-tools
build	Setup Android SDK	2026-07-29T00:36:10.5631213Z Loading package information...                                                  
build	Setup Android SDK	2026-07-29T00:36:10.6474597Z Loading local repository...                                                     
build	Setup Android SDK	2026-07-29T00:36:10.6478531Z [                                       ] 3% Loading local repository...        
build	Setup Android SDK	2026-07-29T00:36:10.6517842Z [                                       ] 3% Fetch remote repository...         
build	Setup Android SDK	2026-07-29T00:36:10.9669540Z [=                                      ] 3% Fetch remote repository...         
build	Setup Android SDK	2026-07-29T00:36:11.1001877Z [=                                      ] 4% Fetch remote repository...         
build	Setup Android SDK	2026-07-29T00:36:11.1505099Z [=                                      ] 5% Fetch remote repository...         
build	Setup Android SDK	2026-07-29T00:36:11.2146063Z [==                                     ] 5% Fetch remote repository...         
build	Setup Android SDK	2026-07-29T00:36:11.3017141Z [==                                     ] 6% Fetch remote repository...         
build	Setup Android SDK	2026-07-29T00:36:11.3682267Z [==                                     ] 7% Fetch remote repository...         
build	Setup Android SDK	2026-07-29T00:36:11.3702048Z [==                                     ] 7% Computing updates...               
build	Setup Android SDK	2026-07-29T00:36:11.3819946Z [===                                    ] 8% Computing updates...               
build	Setup Android SDK	2026-07-29T00:36:11.3864408Z [===                                    ] 10% Computing updates...              
build	Setup Android SDK	2026-07-29T00:36:11.3866759Z [=======================================] 100% Computing updates...             
build	Setup Android SDK	2026-07-29T00:36:11.3875273Z 
build	Install Android SDK Components	﻿2026-07-29T00:36:11.4246121Z ##[group]Run yes | sdkmanager --licenses
build	Install Android SDK Components	2026-07-29T00:36:11.4246513Z [36;1myes | sdkmanager --licenses[0m
build	Install Android SDK Components	2026-07-29T00:36:11.4246770Z [36;1m[0m
build	Install Android SDK Components	2026-07-29T00:36:11.4246960Z [36;1msdkmanager \[0m
build	Install Android SDK Components	2026-07-29T00:36:11.4247189Z [36;1m  "platform-tools" \[0m
build	Install Android SDK Components	2026-07-29T00:36:11.4247450Z [36;1m  "platforms;android-35" \[0m
build	Install Android SDK Components	2026-07-29T00:36:11.4247713Z [36;1m  "build-tools;35.0.0" \[0m
build	Install Android SDK Components	2026-07-29T00:36:11.4247959Z [36;1m  "cmake;3.31.6" \[0m
build	Install Android SDK Components	2026-07-29T00:36:11.4248187Z [36;1m  "ndk;29.0.14206865"[0m
build	Install Android SDK Components	2026-07-29T00:36:11.4293952Z shell: /usr/bin/bash -e {0}
build	Install Android SDK Components	2026-07-29T00:36:11.4294208Z env:
build	Install Android SDK Components	2026-07-29T00:36:11.4294518Z   JAVA_HOME: /opt/hostedtoolcache/Java_Temurin-Hotspot_jdk/21.0.11-10/x64
build	Install Android SDK Components	2026-07-29T00:36:11.4295154Z   JAVA_HOME_21_X64: /opt/hostedtoolcache/Java_Temurin-Hotspot_jdk/21.0.11-10/x64
build	Install Android SDK Components	2026-07-29T00:36:11.4295736Z   ANDROID_HOME: /usr/local/lib/android/sdk
build	Install Android SDK Components	2026-07-29T00:36:11.4296040Z   ANDROID_SDK_ROOT: /usr/local/lib/android/sdk
build	Install Android SDK Components	2026-07-29T00:36:11.4296312Z ##[endgroup]
build	Install Android SDK Components	2026-07-29T00:36:12.3048897Z Loading local repository...                                                     
build	Install Android SDK Components	2026-07-29T00:36:12.3050287Z [=========                              ] 25% Loading local repository...       
build	Install Android SDK Components	2026-07-29T00:36:12.3097602Z [=========                              ] 25% Fetch remote repository...        
build	Install Android SDK Components	2026-07-29T00:36:12.5146406Z [==========                             ] 26% Fetch remote repository...        
build	Install Android SDK Components	2026-07-29T00:36:12.5172484Z [============                           ] 31% Fetch remote repository...        
build	Install Android SDK Components	2026-07-29T00:36:12.6221663Z [============                           ] 32% Fetch remote repository...        
build	Install Android SDK Components	2026-07-29T00:36:12.6232544Z [=============                          ] 33% Fetch remote repository...        
build	Install Android SDK Components	2026-07-29T00:36:12.6625736Z [=============                          ] 35% Fetch remote repository...        
build	Install Android SDK Components	2026-07-29T00:36:12.6652565Z [==============                         ] 36% Fetch remote repository...        
build	Install Android SDK Components	2026-07-29T00:36:12.6755792Z [==============                         ] 37% Fetch remote repository...        
build	Install Android SDK Components	2026-07-29T00:36:12.6757078Z [===============                        ] 38% Fetch remote repository...        
build	Install Android SDK Components	2026-07-29T00:36:12.6887210Z [===============                        ] 39% Fetch remote repository...        
build	Install Android SDK Components	2026-07-29T00:36:12.6888562Z [================                       ] 40% Fetch remote repository...        
build	Install Android SDK Components	2026-07-29T00:36:12.6995208Z [================                       ] 41% Fetch remote repository...        
build	Install Android SDK Components	2026-07-29T00:36:12.6996753Z [================                       ] 42% Fetch remote repository...        
build	Install Android SDK Components	2026-07-29T00:36:12.7157629Z [=================                      ] 44% Fetch remote repository...        
build	Install Android SDK Components	2026-07-29T00:36:12.7161286Z [=================                      ] 45% Fetch remote repository...        
build	Install Android SDK Components	2026-07-29T00:36:12.7284432Z [==================                     ] 46% Fetch remote repository...        
build	Install Android SDK Components	2026-07-29T00:36:12.7285601Z [==================                     ] 47% Fetch remote repository...        
build	Install Android SDK Components	2026-07-29T00:36:12.7382860Z [===================                    ] 48% Fetch remote repository...        
build	Install Android SDK Components	2026-07-29T00:36:12.7387401Z [===================                    ] 49% Fetch remote repository...        
build	Install Android SDK Components	2026-07-29T00:36:12.7507722Z [====================                   ] 50% Fetch remote repository...        
build	Install Android SDK Components	2026-07-29T00:36:12.7513070Z [====================                   ] 51% Fetch remote repository...        
build	Install Android SDK Components	2026-07-29T00:36:12.7636597Z [====================                   ] 53% Fetch remote repository...        
build	Install Android SDK Components	2026-07-29T00:36:12.7637919Z [=====================                  ] 54% Fetch remote repository...        
build	Install Android SDK Components	2026-07-29T00:36:12.7758377Z [=====================                  ] 55% Fetch remote repository...        
build	Install Android SDK Components	2026-07-29T00:36:12.7759516Z [======================                 ] 56% Fetch remote repository...        
build	Install Android SDK Components	2026-07-29T00:36:12.7871427Z [======================                 ] 57% Fetch remote repository...        
build	Install Android SDK Components	2026-07-29T00:36:12.7873336Z [=======================                ] 58% Fetch remote repository...        
build	Install Android SDK Components	2026-07-29T00:36:12.8224555Z [=======================                ] 59% Fetch remote repository...        
build	Install Android SDK Components	2026-07-29T00:36:12.8244926Z [========================               ] 60% Fetch remote repository...        
build	Install Android SDK Components	2026-07-29T00:36:12.8336028Z [========================               ] 61% Fetch remote repository...        
build	Install Android SDK Components	2026-07-29T00:36:12.8337391Z [=========================              ] 63% Fetch remote repository...        
build	Install Android SDK Components	2026-07-29T00:36:12.8567939Z [=========================              ] 64% Fetch remote repository...        
build	Install Android SDK Components	2026-07-29T00:36:12.8569299Z [=========================              ] 65% Fetch remote repository...        
build	Install Android SDK Components	2026-07-29T00:36:12.8625731Z [==========================             ] 66% Fetch remote repository...        
build	Install Android SDK Components	2026-07-29T00:36:12.8627788Z [==========================             ] 67% Fetch remote repository...        
build	Install Android SDK Components	2026-07-29T00:36:12.8727728Z [===========================            ] 68% Fetch remote repository...        
build	Install Android SDK Components	2026-07-29T00:36:12.8729020Z [===========================            ] 69% Fetch remote repository...        
build	Install Android SDK Components	2026-07-29T00:36:12.8939716Z [============================           ] 70% Fetch remote repository...        
build	Install Android SDK Components	2026-07-29T00:36:12.8942009Z [============================           ] 72% Fetch remote repository...        
build	Install Android SDK Components	2026-07-29T00:36:12.9033341Z [=============================          ] 73% Fetch remote repository...        
build	Install Android SDK Components	2026-07-29T00:36:12.9039833Z [=============================          ] 74% Fetch remote repository...        
build	Install Android SDK Components	2026-07-29T00:36:12.9136504Z [=============================          ] 75% Fetch remote repository...        
build	Install Android SDK Components	2026-07-29T00:36:12.9289949Z [=============================          ] 75% Computing updates...              
build	Install Android SDK Components	2026-07-29T00:36:12.9291717Z [=======================================] 100% Computing updates...             
build	Install Android SDK Components	2026-07-29T00:36:12.9628947Z All SDK package licenses accepted.
build	Install Android SDK Components	2026-07-29T00:36:12.9643476Z 
build	Install Android SDK Components	2026-07-29T00:36:12.9835165Z yes: standard output: Broken pipe
build	Install Android SDK Components	2026-07-29T00:36:13.7593061Z Loading package information...                                                  
build	Install Android SDK Components	2026-07-29T00:36:13.8543137Z Loading local repository...                                                     
build	Install Android SDK Components	2026-07-29T00:36:13.8561938Z [                                       ] 3% Loading local repository...        
build	Install Android SDK Components	2026-07-29T00:36:13.8577795Z [                                       ] 3% Fetch remote repository...         
build	Install Android SDK Components	2026-07-29T00:36:14.2518378Z [=                                      ] 3% Fetch remote repository...         
build	Install Android SDK Components	2026-07-29T00:36:14.3276918Z [=                                      ] 4% Fetch remote repository...         
build	Install Android SDK Components	2026-07-29T00:36:14.3660785Z [=                                      ] 5% Fetch remote repository...         
build	Install Android SDK Components	2026-07-29T00:36:14.4324183Z [==                                     ] 5% Fetch remote repository...         
build	Install Android SDK Components	2026-07-29T00:36:14.5341367Z [==                                     ] 6% Fetch remote repository...         
build	Install Android SDK Components	2026-07-29T00:36:14.6132077Z [==                                     ] 7% Fetch remote repository...         
build	Install Android SDK Components	2026-07-29T00:36:14.6151750Z [==                                     ] 7% Computing updates...               
build	Install Android SDK Components	2026-07-29T00:36:14.6240175Z [===                                    ] 8% Computing updates...               
build	Install Android SDK Components	2026-07-29T00:36:14.6375707Z [===                                    ] 10% Computing updates...              
build	Install Android SDK Components	2026-07-29T00:36:15.1266642Z [===                                    ] 10% Installing CMake 3.31.6           
build	Install Android SDK Components	2026-07-29T00:36:15.1723794Z [===                                    ] 10% Downloading cmake-3.31.6-linux.zip
build	Install Android SDK Components	2026-07-29T00:36:15.2202341Z [====                                   ] 10% Downloading cmake-3.31.6-linux.zip
build	Install Android SDK Components	2026-07-29T00:36:15.2851341Z [====                                   ] 11% Downloading cmake-3.31.6-linux.zip
build	Install Android SDK Components	2026-07-29T00:36:15.3635930Z [====                                   ] 12% Downloading cmake-3.31.6-linux.zip
build	Install Android SDK Components	2026-07-29T00:36:15.4236768Z [=====                                  ] 13% Downloading cmake-3.31.6-linux.zip
build	Install Android SDK Components	2026-07-29T00:36:15.4835221Z [=====                                  ] 14% Downloading cmake-3.31.6-linux.zip
build	Install Android SDK Components	2026-07-29T00:36:15.5281620Z [=====                                  ] 15% Downloading cmake-3.31.6-linux.zip
build	Install Android SDK Components	2026-07-29T00:36:15.5585925Z [======                                 ] 15% Downloading cmake-3.31.6-linux.zip
build	Install Android SDK Components	2026-07-29T00:36:15.6177464Z [======                                 ] 16% Downloading cmake-3.31.6-linux.zip
build	Install Android SDK Components	2026-07-29T00:36:15.6926647Z [======                                 ] 17% Downloading cmake-3.31.6-linux.zip
build	Install Android SDK Components	2026-07-29T00:36:15.7518383Z [=======                                ] 18% Downloading cmake-3.31.6-linux.zip
build	Install Android SDK Components	2026-07-29T00:36:15.8216285Z [=======                                ] 19% Downloading cmake-3.31.6-linux.zip
build	Install Android SDK Components	2026-07-29T00:36:15.8478747Z [=======                                ] 20% Downloading cmake-3.31.6-linux.zip
build	Install Android SDK Components	2026-07-29T00:36:15.8732842Z [========                               ] 20% Downloading cmake-3.31.6-linux.zip
build	Install Android SDK Components	2026-07-29T00:36:15.9174287Z [========                               ] 21% Downloading cmake-3.31.6-linux.zip
build	Install Android SDK Components	2026-07-29T00:36:15.9404102Z [========                               ] 22% Downloading cmake-3.31.6-linux.zip
build	Install Android SDK Components	2026-07-29T00:36:15.9575830Z [=========                              ] 23% Downloading cmake-3.31.6-linux.zip
build	Install Android SDK Components	2026-07-29T00:36:15.9747707Z [=========                              ] 24% Downloading cmake-3.31.6-linux.zip
build	Install Android SDK Components	2026-07-29T00:36:15.9804716Z [=========                              ] 25% Downloading cmake-3.31.6-linux.zip
build	Install Android SDK Components	2026-07-29T00:36:15.9857085Z [==========                             ] 25% Downloading cmake-3.31.6-linux.zip
build	Install Android SDK Components	2026-07-29T00:36:15.9971134Z [==========                             ] 26% Downloading cmake-3.31.6-linux.zip
build	Install Android SDK Components	2026-07-29T00:36:16.0062690Z [==========                             ] 27% Downloading cmake-3.31.6-linux.zip
build	Install Android SDK Components	2026-07-29T00:36:16.0199528Z [===========                            ] 28% Downloading cmake-3.31.6-linux.zip
build	Install Android SDK Components	2026-07-29T00:36:16.0284712Z [===========                            ] 29% Downloading cmake-3.31.6-linux.zip
build	Install Android SDK Components	2026-07-29T00:36:16.0325324Z [===========                            ] 30% Downloading cmake-3.31.6-linux.zip
build	Install Android SDK Components	2026-07-29T00:36:16.0387424Z [============                           ] 30% Downloading cmake-3.31.6-linux.zip
build	Install Android SDK Components	2026-07-29T00:36:16.0468421Z [============                           ] 31% Downloading cmake-3.31.6-linux.zip
build	Install Android SDK Components	2026-07-29T00:36:16.0548771Z [============                           ] 32% Downloading cmake-3.31.6-linux.zip
build	Install Android SDK Components	2026-07-29T00:36:16.0553874Z [============                           ] 33% Downloading cmake-3.31.6-linux.zip
build	Install Android SDK Components	2026-07-29T00:36:16.2264238Z [============                           ] 33% Unzipping...                      
build	Install Android SDK Components	2026-07-29T00:36:16.2322017Z [============                           ] 33% Unzipping... bin/cmake            
build	Install Android SDK Components	2026-07-29T00:36:16.2614609Z [=============                          ] 33% Unzipping... bin/cmake            
build	Install Android SDK Components	2026-07-29T00:36:16.2923395Z [=============                          ] 34% Unzipping... bin/cmake            
build	Install Android SDK Components	2026-07-29T00:36:16.3078742Z [=============                          ] 35% Unzipping... bin/cmake            
build	Install Android SDK Components	2026-07-29T00:36:16.3225294Z [==============                         ] 35% Unzipping... bin/cmake            
build	Install Android SDK Components	2026-07-29T00:36:16.3487738Z [==============                         ] 36% Unzipping... bin/cmake            
build	Install Android SDK Components	2026-07-29T00:36:16.3687179Z [==============                         ] 37% Unzipping... bin/cmake            
build	Install Android SDK Components	2026-07-29T00:36:16.3840051Z [===============                        ] 38% Unzipping... bin/cmake            
build	Install Android SDK Components	2026-07-29T00:36:16.3924598Z [===============                        ] 39% Unzipping... bin/cmake            
build	Install Android SDK Components	2026-07-29T00:36:16.4052397Z [===============                        ] 39% Unzipping... bin/cpack            
build	Install Android SDK Components	2026-07-29T00:36:16.4142417Z [===============                        ] 40% Unzipping... bin/cpack            
build	Install Android SDK Components	2026-07-29T00:36:16.4243959Z [================                       ] 40% Unzipping... bin/cpack            
build	Install Android SDK Components	2026-07-29T00:36:16.4440413Z [================                       ] 41% Unzipping... bin/cpack            
build	Install Android SDK Components	2026-07-29T00:36:16.4659207Z [================                       ] 42% Unzipping... bin/cpack            
build	Install Android SDK Components	2026-07-29T00:36:16.4814292Z [=================                      ] 43% Unzipping... bin/cpack            
build	Install Android SDK Components	2026-07-29T00:36:16.4974785Z [=================                      ] 44% Unzipping... bin/cpack            
build	Install Android SDK Components	2026-07-29T00:36:16.5044773Z [=================                      ] 45% Unzipping... bin/cpack            
build	Install Android SDK Components	2026-07-29T00:36:16.5113589Z [==================                     ] 45% Unzipping... bin/cpack            
build	Install Android SDK Components	2026-07-29T00:36:16.5149036Z [==================                     ] 45% Unzipping... bin/ctest            
build	Install Android SDK Components	2026-07-29T00:36:16.5338264Z [==================                     ] 46% Unzipping... bin/ctest            
build	Install Android SDK Components	2026-07-29T00:36:16.5524243Z [==================                     ] 47% Unzipping... bin/ctest            
build	Install Android SDK Components	2026-07-29T00:36:16.5725322Z [===================                    ] 48% Unzipping... bin/ctest            
build	Install Android SDK Components	2026-07-29T00:36:16.5937013Z [===================                    ] 49% Unzipping... bin/ctest            
build	Install Android SDK Components	2026-07-29T00:36:16.5996194Z [===================                    ] 50% Unzipping... bin/ctest            
build	Install Android SDK Components	2026-07-29T00:36:16.6076511Z [====================                   ] 50% Unzipping... bin/ctest            
build	Install Android SDK Components	2026-07-29T00:36:16.6233560Z [====================                   ] 51% Unzipping... bin/ctest            
build	Install Android SDK Components	2026-07-29T00:36:16.6343933Z [====================                   ] 52% Unzipping... bin/ctest            
build	Install Android SDK Components	2026-07-29T00:36:16.6349585Z [====================                   ] 52% Unzipping... doc/openssl-openssl-3
build	Install Android SDK Components	2026-07-29T00:36:16.6353753Z [====================                   ] 52% Unzipping... doc/cmake-3.31/Copyri
build	Install Android SDK Components	2026-07-29T00:36:16.6357256Z [====================                   ] 52% Unzipping... doc/cmake-3.31/cmlibl
build	Install Android SDK Components	2026-07-29T00:36:16.6360542Z [====================                   ] 52% Unzipping... doc/cmake-3.31/cmlibr
build	Install Android SDK Components	2026-07-29T00:36:16.6364829Z [====================                   ] 52% Unzipping... doc/cmake-3.31/cmzstd
build	Install Android SDK Components	2026-07-29T00:36:16.6367930Z [====================                   ] 52% Unzipping... doc/cmake-3.31/cmcurl
build	Install Android SDK Components	2026-07-29T00:36:16.6390366Z [====================                   ] 52% Unzipping... doc/cmake-3.31/cmzlib
build	Install Android SDK Components	2026-07-29T00:36:16.6401700Z [====================                   ] 52% Unzipping... doc/cmake-3.31/cmnght
build	Install Android SDK Components	2026-07-29T00:36:16.6402525Z [====================                   ] 52% Unzipping... doc/cmake-3.31/cmcppd
build	Install Android SDK Components	2026-07-29T00:36:16.6403325Z [====================                   ] 52% Unzipping... doc/cmake-3.31/cmliba
build	Install Android SDK Components	2026-07-29T00:36:16.6404113Z [====================                   ] 52% Unzipping... doc/cmake-3.31/cmsys/
build	Install Android SDK Components	2026-07-29T00:36:16.6404875Z [====================                   ] 52% Unzipping... doc/cmake-3.31/cmlibu
build	Install Android SDK Components	2026-07-29T00:36:16.6405684Z [====================                   ] 52% Unzipping... share/emacs/site-lisp
build	Install Android SDK Components	2026-07-29T00:36:16.6408099Z [====================                   ] 52% Unzipping... share/vim/vimfiles/sy
build	Install Android SDK Components	2026-07-29T00:36:16.6411891Z [====================                   ] 52% Unzipping... share/vim/vimfiles/in
build	Install Android SDK Components	2026-07-29T00:36:16.6415541Z [====================                   ] 52% Unzipping... share/aclocal/cmake.m
build	Install Android SDK Components	2026-07-29T00:36:16.6425667Z [====================                   ] 52% Unzipping... share/bash-completion
build	Install Android SDK Components	2026-07-29T00:36:16.6996294Z [====================                   ] 52% Unzipping... share/cmake-3.31/Modu
build	Install Android SDK Components	2026-07-29T00:36:16.9905158Z [=====================                  ] 53% Unzipping... share/cmake-3.31/Modu
build	Install Android SDK Components	2026-07-29T00:36:17.0042506Z [=====================                  ] 53% Unzipping... share/cmake-3.31/Temp
build	Install Android SDK Components	2026-07-29T00:36:17.0450626Z [=====================                  ] 53% Unzipping... share/cmake-3.31/Help
build	Install Android SDK Components	2026-07-29T00:36:17.3686685Z [=====================                  ] 54% Unzipping... share/cmake-3.31/Help
build	Install Android SDK Components	2026-07-29T00:36:17.3688716Z [=====================                  ] 54% Unzipping... share/cmake-3.31/incl
build	Install Android SDK Components	2026-07-29T00:36:17.3691137Z [=====================                  ] 54% Unzipping... source.properties    
build	Install Android SDK Components	2026-07-29T00:36:17.3772158Z [=====================                  ] 54% Unzipping... bin/ninja            
build	Install Android SDK Components	2026-07-29T00:36:17.3777346Z [=====================                  ] 54% Unzipping... doc/ninja/LICENSE    
build	Install Android SDK Components	2026-07-29T00:36:17.3781424Z [=====================                  ] 54% Unzipping... share/cmake-3.31/Modu
build	Install Android SDK Components	2026-07-29T00:36:17.3872033Z [=====================                  ] 55% Unzipping... share/cmake-3.31/Modu
build	Install Android SDK Components	2026-07-29T00:36:17.3873062Z [=======================================] 100% Unzipping... share/cmake-3.31/Mod
build	Install Android SDK Components	2026-07-29T00:36:17.5138669Z 
build	Verify installation	﻿2026-07-29T00:36:17.5386756Z ##[group]Run java -version
build	Verify installation	2026-07-29T00:36:17.5387299Z [36;1mjava -version[0m
build	Verify installation	2026-07-29T00:36:17.5387738Z [36;1mcmake --version || true[0m
build	Verify installation	2026-07-29T00:36:17.5388260Z [36;1mls -lah "$ANDROID_SDK_ROOT/cmake"[0m
build	Verify installation	2026-07-29T00:36:17.5388808Z [36;1mls -lah "$ANDROID_SDK_ROOT/ndk"[0m
build	Verify installation	2026-07-29T00:36:17.5454171Z shell: /usr/bin/bash -e {0}
build	Verify installation	2026-07-29T00:36:17.5454613Z env:
build	Verify installation	2026-07-29T00:36:17.5455150Z   JAVA_HOME: /opt/hostedtoolcache/Java_Temurin-Hotspot_jdk/21.0.11-10/x64
build	Verify installation	2026-07-29T00:36:17.5456076Z   JAVA_HOME_21_X64: /opt/hostedtoolcache/Java_Temurin-Hotspot_jdk/21.0.11-10/x64
build	Verify installation	2026-07-29T00:36:17.5456810Z   ANDROID_HOME: /usr/local/lib/android/sdk
build	Verify installation	2026-07-29T00:36:17.5457354Z   ANDROID_SDK_ROOT: /usr/local/lib/android/sdk
build	Verify installation	2026-07-29T00:36:17.5457853Z ##[endgroup]
build	Verify installation	2026-07-29T00:36:17.5832187Z openjdk version "21.0.11" 2026-04-21 LTS
build	Verify installation	2026-07-29T00:36:17.5833094Z OpenJDK Runtime Environment Temurin-21.0.11+10 (build 21.0.11+10-LTS)
build	Verify installation	2026-07-29T00:36:17.5833996Z OpenJDK 64-Bit Server VM Temurin-21.0.11+10 (build 21.0.11+10-LTS, mixed mode, sharing)
build	Verify installation	2026-07-29T00:36:17.6183848Z cmake version 3.31.6
build	Verify installation	2026-07-29T00:36:17.6184222Z 
build	Verify installation	2026-07-29T00:36:17.6184856Z CMake suite maintained and supported by Kitware (kitware.com/cmake).
build	Verify installation	2026-07-29T00:36:17.6202175Z total 20K
build	Verify installation	2026-07-29T00:36:17.6202738Z drwxrwxrwx  5 root   root   4.0K Jul 29 00:36 .
build	Verify installation	2026-07-29T00:36:17.6203382Z drwxrwxrwx 13 root   root   4.0K Jul 29 00:36 ..
build	Verify installation	2026-07-29T00:36:17.6203885Z drwxrwxrwx  5 root   root   4.0K Jul 20 08:43 3.31.5
build	Verify installation	2026-07-29T00:36:17.6204385Z drwxr-xr-x  5 runner runner 4.0K Jul 29 00:36 3.31.6
build	Verify installation	2026-07-29T00:36:17.6204869Z drwxrwxrwx  5 root   root   4.0K Jul 20 08:43 4.1.2
build	Verify installation	2026-07-29T00:36:17.6216902Z total 20K
build	Verify installation	2026-07-29T00:36:17.6217411Z drwxrwxrwx  5 root root 4.0K Jul 20 08:43 .
build	Verify installation	2026-07-29T00:36:17.6218070Z drwxrwxrwx 13 root root 4.0K Jul 29 00:36 ..
build	Verify installation	2026-07-29T00:36:17.6218588Z drwxrwxrwx 11 root root 4.0K Jul 20 08:43 27.3.13750724
build	Verify installation	2026-07-29T00:36:17.6219106Z drwxrwxrwx 11 root root 4.0K Jul 20 08:42 28.2.13676358
build	Verify installation	2026-07-29T00:36:17.6219625Z drwxrwxrwx 11 root root 4.0K Jul 20 08:42 29.0.14206865
build	Make Gradle executable	﻿2026-07-29T00:36:17.6263757Z ##[group]Run chmod +x gradlew
build	Make Gradle executable	2026-07-29T00:36:17.6264526Z [36;1mchmod +x gradlew[0m
build	Make Gradle executable	2026-07-29T00:36:17.6318294Z shell: /usr/bin/bash -e {0}
build	Make Gradle executable	2026-07-29T00:36:17.6318560Z env:
build	Make Gradle executable	2026-07-29T00:36:17.6318873Z   JAVA_HOME: /opt/hostedtoolcache/Java_Temurin-Hotspot_jdk/21.0.11-10/x64
build	Make Gradle executable	2026-07-29T00:36:17.6319403Z   JAVA_HOME_21_X64: /opt/hostedtoolcache/Java_Temurin-Hotspot_jdk/21.0.11-10/x64
build	Make Gradle executable	2026-07-29T00:36:17.6319822Z   ANDROID_HOME: /usr/local/lib/android/sdk
build	Make Gradle executable	2026-07-29T00:36:17.6320122Z   ANDROID_SDK_ROOT: /usr/local/lib/android/sdk
build	Make Gradle executable	2026-07-29T00:36:17.6320398Z ##[endgroup]
build	Install required packages	﻿2026-07-29T00:36:17.6441814Z ##[group]Run sudo apt-get update
build	Install required packages	2026-07-29T00:36:17.6442331Z [36;1msudo apt-get update[0m
build	Install required packages	2026-07-29T00:36:17.6442867Z [36;1msudo apt-get install -y curl wget tar unzip xz-utils[0m
build	Install required packages	2026-07-29T00:36:17.6500182Z shell: /usr/bin/bash -e {0}
build	Install required packages	2026-07-29T00:36:17.6500620Z env:
build	Install required packages	2026-07-29T00:36:17.6501438Z   JAVA_HOME: /opt/hostedtoolcache/Java_Temurin-Hotspot_jdk/21.0.11-10/x64
build	Install required packages	2026-07-29T00:36:17.6502338Z   JAVA_HOME_21_X64: /opt/hostedtoolcache/Java_Temurin-Hotspot_jdk/21.0.11-10/x64
build	Install required packages	2026-07-29T00:36:17.6503099Z   ANDROID_HOME: /usr/local/lib/android/sdk
build	Install required packages	2026-07-29T00:36:17.6503625Z   ANDROID_SDK_ROOT: /usr/local/lib/android/sdk
build	Install required packages	2026-07-29T00:36:17.6504118Z ##[endgroup]
build	Install required packages	2026-07-29T00:36:17.7442513Z Get:1 file:/etc/apt/apt-mirrors.txt Mirrorlist [144 B]
build	Install required packages	2026-07-29T00:36:17.7761294Z Hit:6 https://packages.microsoft.com/repos/azure-cli noble InRelease
build	Install required packages	2026-07-29T00:36:17.7763299Z Hit:2 http://azure.archive.ubuntu.com/ubuntu noble InRelease
build	Install required packages	2026-07-29T00:36:17.7764678Z Get:7 https://packages.microsoft.com/ubuntu/24.04/prod noble InRelease [3600 B]
build	Install required packages	2026-07-29T00:36:17.7792178Z Get:3 http://azure.archive.ubuntu.com/ubuntu noble-updates InRelease [126 kB]
build	Install required packages	2026-07-29T00:36:17.7837212Z Get:4 http://azure.archive.ubuntu.com/ubuntu noble-backports InRelease [126 kB]
build	Install required packages	2026-07-29T00:36:17.7862221Z Get:5 http://azure.archive.ubuntu.com/ubuntu noble-security InRelease [126 kB]
build	Install required packages	2026-07-29T00:36:17.8466638Z Get:8 https://dl.google.com/linux/chrome-stable/deb stable InRelease [2548 B]
build	Install required packages	2026-07-29T00:36:17.9439950Z Get:9 https://packages.microsoft.com/ubuntu/24.04/prod noble/main amd64 Packages [252 kB]
build	Install required packages	2026-07-29T00:36:17.9549924Z Get:10 https://packages.microsoft.com/ubuntu/24.04/prod noble/main arm64 Packages [217 kB]
build	Install required packages	2026-07-29T00:36:17.9944425Z Get:11 http://azure.archive.ubuntu.com/ubuntu noble-updates/main amd64 Packages [1153 kB]
build	Install required packages	2026-07-29T00:36:18.0012322Z Get:12 http://azure.archive.ubuntu.com/ubuntu noble-updates/main Translation-en [278 kB]
build	Install required packages	2026-07-29T00:36:18.0031495Z Get:13 http://azure.archive.ubuntu.com/ubuntu noble-updates/main amd64 Components [180 kB]
build	Install required packages	2026-07-29T00:36:18.0047389Z Get:14 http://azure.archive.ubuntu.com/ubuntu noble-updates/universe amd64 Packages [1678 kB]
build	Install required packages	2026-07-29T00:36:18.0145265Z Get:15 http://azure.archive.ubuntu.com/ubuntu noble-updates/universe Translation-en [334 kB]
build	Install required packages	2026-07-29T00:36:18.0173269Z Get:16 http://azure.archive.ubuntu.com/ubuntu noble-updates/universe amd64 Components [389 kB]
build	Install required packages	2026-07-29T00:36:18.0199136Z Get:17 http://azure.archive.ubuntu.com/ubuntu noble-updates/restricted amd64 Packages [1367 kB]
build	Install required packages	2026-07-29T00:36:18.0279170Z Get:18 http://azure.archive.ubuntu.com/ubuntu noble-updates/restricted Translation-en [308 kB]
build	Install required packages	2026-07-29T00:36:18.0307859Z Get:19 http://azure.archive.ubuntu.com/ubuntu noble-updates/multiverse amd64 Packages [45.4 kB]
build	Install required packages	2026-07-29T00:36:18.0319592Z Get:20 http://azure.archive.ubuntu.com/ubuntu noble-updates/multiverse Translation-en [12.3 kB]
build	Install required packages	2026-07-29T00:36:18.0753411Z Get:21 http://azure.archive.ubuntu.com/ubuntu noble-updates/multiverse amd64 Components [940 B]
build	Install required packages	2026-07-29T00:36:18.0763646Z Get:22 http://azure.archive.ubuntu.com/ubuntu noble-backports/main amd64 Components [5760 B]
build	Install required packages	2026-07-29T00:36:18.0774791Z Get:23 http://azure.archive.ubuntu.com/ubuntu noble-backports/universe amd64 Packages [32.5 kB]
build	Install required packages	2026-07-29T00:36:18.0784327Z Get:24 http://azure.archive.ubuntu.com/ubuntu noble-backports/universe amd64 Components [12.6 kB]
build	Install required packages	2026-07-29T00:36:18.1043390Z Get:25 http://azure.archive.ubuntu.com/ubuntu noble-security/main amd64 Packages [898 kB]
build	Install required packages	2026-07-29T00:36:18.1095738Z Get:26 http://azure.archive.ubuntu.com/ubuntu noble-security/main Translation-en [198 kB]
build	Install required packages	2026-07-29T00:36:18.1119983Z Get:27 http://azure.archive.ubuntu.com/ubuntu noble-security/main amd64 Components [46.3 kB]
build	Install required packages	2026-07-29T00:36:18.1126803Z Get:28 http://azure.archive.ubuntu.com/ubuntu noble-security/universe amd64 Packages [1199 kB]
build	Install required packages	2026-07-29T00:36:18.1202701Z Get:29 http://azure.archive.ubuntu.com/ubuntu noble-security/universe Translation-en [239 kB]
build	Install required packages	2026-07-29T00:36:18.1221524Z Get:30 http://azure.archive.ubuntu.com/ubuntu noble-security/universe amd64 Components [76.2 kB]
build	Install required packages	2026-07-29T00:36:18.1238025Z Get:31 http://azure.archive.ubuntu.com/ubuntu noble-security/restricted amd64 Packages [1273 kB]
build	Install required packages	2026-07-29T00:36:18.1375279Z Get:32 http://azure.archive.ubuntu.com/ubuntu noble-security/restricted Translation-en [290 kB]
build	Install required packages	2026-07-29T00:36:18.1398854Z Get:33 http://azure.archive.ubuntu.com/ubuntu noble-security/multiverse amd64 Packages [40.3 kB]
build	Install required packages	2026-07-29T00:36:18.1420588Z Get:34 http://azure.archive.ubuntu.com/ubuntu noble-security/multiverse Translation-en [10.6 kB]
build	Install required packages	2026-07-29T00:36:18.1920347Z Get:35 https://dl.google.com/linux/chrome-stable/deb stable/main amd64 Packages [1421 B]
build	Install required packages	2026-07-29T00:36:22.0611800Z Fetched 10.9 MB in 1s (8390 kB/s)
build	Install required packages	2026-07-29T00:36:22.7512199Z Reading package lists...
build	Install required packages	2026-07-29T00:36:22.7825470Z Reading package lists...
build	Install required packages	2026-07-29T00:36:22.9336207Z Building dependency tree...
build	Install required packages	2026-07-29T00:36:22.9343352Z Reading state information...
build	Install required packages	2026-07-29T00:36:23.0757829Z curl is already the newest version (8.5.0-2ubuntu10.11).
build	Install required packages	2026-07-29T00:36:23.0758803Z unzip is already the newest version (6.0-28ubuntu4.1).
build	Install required packages	2026-07-29T00:36:23.0759541Z xz-utils is already the newest version (5.6.1+really5.4.5-1ubuntu0.3).
build	Install required packages	2026-07-29T00:36:23.0760147Z Suggested packages:
build	Install required packages	2026-07-29T00:36:23.0760545Z   ncompress tar-scripts tar-doc
build	Install required packages	2026-07-29T00:36:23.0935258Z The following packages will be upgraded:
build	Install required packages	2026-07-29T00:36:23.0935872Z   tar wget
build	Install required packages	2026-07-29T00:36:23.1094033Z 2 upgraded, 0 newly installed, 0 to remove and 71 not upgraded.
build	Install required packages	2026-07-29T00:36:23.1094779Z Need to get 590 kB of archives.
build	Install required packages	2026-07-29T00:36:23.1095197Z After this operation, 0 B of additional disk space will be used.
build	Install required packages	2026-07-29T00:36:23.1095666Z Get:1 file:/etc/apt/apt-mirrors.txt Mirrorlist [144 B]
build	Install required packages	2026-07-29T00:36:23.1963271Z Get:2 http://azure.archive.ubuntu.com/ubuntu noble-updates/main amd64 tar amd64 1.35+dfsg-3ubuntu0.4 [256 kB]
build	Install required packages	2026-07-29T00:36:23.2714276Z Get:3 http://azure.archive.ubuntu.com/ubuntu noble-updates/main amd64 wget amd64 1.21.4-1ubuntu4.4 [334 kB]
build	Install required packages	2026-07-29T00:36:23.5136044Z Fetched 590 kB in 0s (3389 kB/s)
build	Install required packages	2026-07-29T00:36:23.5648679Z (Reading database ... 
build	Install required packages	2026-07-29T00:36:23.5649256Z (Reading database ... 5%
build	Install required packages	2026-07-29T00:36:23.5649720Z (Reading database ... 10%
build	Install required packages	2026-07-29T00:36:23.5650048Z (Reading database ... 15%
build	Install required packages	2026-07-29T00:36:23.5650327Z (Reading database ... 20%
build	Install required packages	2026-07-29T00:36:23.5650586Z (Reading database ... 25%
build	Install required packages	2026-07-29T00:36:23.5650862Z (Reading database ... 30%
build	Install required packages	2026-07-29T00:36:23.5651518Z (Reading database ... 35%
build	Install required packages	2026-07-29T00:36:23.5652126Z (Reading database ... 40%
build	Install required packages	2026-07-29T00:36:23.5652711Z (Reading database ... 45%
build	Install required packages	2026-07-29T00:36:23.5653037Z (Reading database ... 50%
build	Install required packages	2026-07-29T00:36:23.5698471Z (Reading database ... 55%
build	Install required packages	2026-07-29T00:36:23.6748720Z (Reading database ... 60%
build	Install required packages	2026-07-29T00:36:23.8641415Z (Reading database ... 65%
build	Install required packages	2026-07-29T00:36:24.0337457Z (Reading database ... 70%
build	Install required packages	2026-07-29T00:36:24.1643485Z (Reading database ... 75%
build	Install required packages	2026-07-29T00:36:24.3216940Z (Reading database ... 80%
build	Install required packages	2026-07-29T00:36:24.4411770Z (Reading database ... 85%
build	Install required packages	2026-07-29T00:36:24.5442163Z (Reading database ... 90%
build	Install required packages	2026-07-29T00:36:24.6395503Z (Reading database ... 95%
build	Install required packages	2026-07-29T00:36:24.6396070Z (Reading database ... 100%
build	Install required packages	2026-07-29T00:36:24.6396850Z (Reading database ... 202954 files and directories currently installed.)
build	Install required packages	2026-07-29T00:36:24.6439998Z Preparing to unpack .../tar_1.35+dfsg-3ubuntu0.4_amd64.deb ...
build	Install required packages	2026-07-29T00:36:24.6608981Z Unpacking tar (1.35+dfsg-3ubuntu0.4) over (1.35+dfsg-3ubuntu0.3) ...
build	Install required packages	2026-07-29T00:36:24.7084723Z Setting up tar (1.35+dfsg-3ubuntu0.4) ...
build	Install required packages	2026-07-29T00:36:24.7473762Z (Reading database ... 
build	Install required packages	2026-07-29T00:36:24.7474294Z (Reading database ... 5%
build	Install required packages	2026-07-29T00:36:24.7474759Z (Reading database ... 10%
build	Install required packages	2026-07-29T00:36:24.7475226Z (Reading database ... 15%
build	Install required packages	2026-07-29T00:36:24.7475682Z (Reading database ... 20%
build	Install required packages	2026-07-29T00:36:24.7476108Z (Reading database ... 25%
build	Install required packages	2026-07-29T00:36:24.7476530Z (Reading database ... 30%
build	Install required packages	2026-07-29T00:36:24.7476962Z (Reading database ... 35%
build	Install required packages	2026-07-29T00:36:24.7477737Z (Reading database ... 40%
build	Install required packages	2026-07-29T00:36:24.7478182Z (Reading database ... 45%
build	Install required packages	2026-07-29T00:36:24.7478608Z (Reading database ... 50%
build	Install required packages	2026-07-29T00:36:24.7490260Z (Reading database ... 55%
build	Install required packages	2026-07-29T00:36:24.7605318Z (Reading database ... 60%
build	Install required packages	2026-07-29T00:36:24.7635089Z (Reading database ... 65%
build	Install required packages	2026-07-29T00:36:24.7661261Z (Reading database ... 70%
build	Install required packages	2026-07-29T00:36:24.7690459Z (Reading database ... 75%
build	Install required packages	2026-07-29T00:36:24.7727571Z (Reading database ... 80%
build	Install required packages	2026-07-29T00:36:24.7871320Z (Reading database ... 85%
build	Install required packages	2026-07-29T00:36:24.7946945Z (Reading database ... 90%
build	Install required packages	2026-07-29T00:36:24.8171530Z (Reading database ... 95%
build	Install required packages	2026-07-29T00:36:24.8172060Z (Reading database ... 100%
build	Install required packages	2026-07-29T00:36:24.8172755Z (Reading database ... 202954 files and directories currently installed.)
build	Install required packages	2026-07-29T00:36:24.8214529Z Preparing to unpack .../wget_1.21.4-1ubuntu4.4_amd64.deb ...
build	Install required packages	2026-07-29T00:36:24.8249381Z Unpacking wget (1.21.4-1ubuntu4.4) over (1.21.4-1ubuntu4.3) ...
build	Install required packages	2026-07-29T00:36:24.8760027Z Setting up wget (1.21.4-1ubuntu4.4) ...
build	Install required packages	2026-07-29T00:36:24.8809862Z Processing triggers for install-info (7.1-3build2) ...
build	Install required packages	2026-07-29T00:36:24.9738677Z Processing triggers for man-db (2.12.0-4build2) ...
build	Install required packages	2026-07-29T00:36:24.9760690Z Not building database; man-db/auto-update is not 'true'.
build	Install required packages	2026-07-29T00:36:25.5884190Z 
build	Install required packages	2026-07-29T00:36:25.5884827Z Running kernel seems to be up-to-date.
build	Install required packages	2026-07-29T00:36:25.5885269Z 
build	Install required packages	2026-07-29T00:36:25.5885541Z No services need to be restarted.
build	Install required packages	2026-07-29T00:36:25.5885855Z 
build	Install required packages	2026-07-29T00:36:25.5886131Z No containers need to be restarted.
build	Install required packages	2026-07-29T00:36:25.5886455Z 
build	Install required packages	2026-07-29T00:36:25.5886793Z No user sessions are running outdated binaries.
build	Install required packages	2026-07-29T00:36:25.5887181Z 
build	Install required packages	2026-07-29T00:36:25.5887707Z No VM guests are running outdated hypervisor (qemu) binaries on this host.
build	Download third-party sources	﻿2026-07-29T00:36:26.3958519Z ##[group]Run set -eux
build	Download third-party sources	2026-07-29T00:36:26.3958827Z [36;1mset -eux[0m
build	Download third-party sources	2026-07-29T00:36:26.3959028Z [36;1m[0m
build	Download third-party sources	2026-07-29T00:36:26.3959234Z [36;1mchmod +x bz2/downloadBz2.sh[0m
build	Download third-party sources	2026-07-29T00:36:26.3959504Z [36;1mchmod +x lz4/downloadLz4.sh[0m
build	Download third-party sources	2026-07-29T00:36:26.3959785Z [36;1mchmod +x snappy/downloadSnappy.sh[0m
build	Download third-party sources	2026-07-29T00:36:26.3960088Z [36;1mchmod +x zstd/downloadZstd.sh[0m
build	Download third-party sources	2026-07-29T00:36:26.3960341Z [36;1m[0m
build	Download third-party sources	2026-07-29T00:36:26.3960736Z [36;1m./bz2/downloadBz2.sh 1.0.8 ab5a03176ee106d3f0fa90e381da478ddae405918153cca248e682cd0c4a2269[0m
build	Download third-party sources	2026-07-29T00:36:26.3961538Z [36;1m./lz4/downloadLz4.sh 1.10.0[0m
build	Download third-party sources	2026-07-29T00:36:26.3962025Z [36;1m./snappy/downloadSnappy.sh 1.2.2 90f74bc1fbf78a6c56b3c4a082a05103b3a56bb17bca1a27e052ea11723292dc[0m
build	Download third-party sources	2026-07-29T00:36:26.3962705Z [36;1m./zstd/downloadZstd.sh 1.5.7 eb33e51f49a15e023950cd7825ca74a4a2b43db8354825ac24fc1b7ee09e6fa3[0m
build	Download third-party sources	2026-07-29T00:36:26.3963154Z [36;1m[0m
build	Download third-party sources	2026-07-29T00:36:26.3963347Z [36;1mecho "=== Verificando ==="[0m
build	Download third-party sources	2026-07-29T00:36:26.3963632Z [36;1m[0m
build	Download third-party sources	2026-07-29T00:36:26.3963812Z [36;1mls -lah bz2[0m
build	Download third-party sources	2026-07-29T00:36:26.3964019Z [36;1mls -lah lz4[0m
build	Download third-party sources	2026-07-29T00:36:26.3964226Z [36;1mls -lah snappy[0m
build	Download third-party sources	2026-07-29T00:36:26.3964446Z [36;1mls -lah zstd[0m
build	Download third-party sources	2026-07-29T00:36:26.3964645Z [36;1m[0m
build	Download third-party sources	2026-07-29T00:36:26.3964842Z [36;1mtest -d snappy/snappy-1.2.1[0m
build	Download third-party sources	2026-07-29T00:36:26.4011581Z shell: /usr/bin/bash --noprofile --norc -e -o pipefail {0}
build	Download third-party sources	2026-07-29T00:36:26.4011929Z env:
build	Download third-party sources	2026-07-29T00:36:26.4012236Z   JAVA_HOME: /opt/hostedtoolcache/Java_Temurin-Hotspot_jdk/21.0.11-10/x64
build	Download third-party sources	2026-07-29T00:36:26.4012897Z   JAVA_HOME_21_X64: /opt/hostedtoolcache/Java_Temurin-Hotspot_jdk/21.0.11-10/x64
build	Download third-party sources	2026-07-29T00:36:26.4013294Z   ANDROID_HOME: /usr/local/lib/android/sdk
build	Download third-party sources	2026-07-29T00:36:26.4013586Z   ANDROID_SDK_ROOT: /usr/local/lib/android/sdk
build	Download third-party sources	2026-07-29T00:36:26.4013858Z ##[endgroup]
build	Download third-party sources	2026-07-29T00:36:26.4075653Z + chmod +x bz2/downloadBz2.sh
build	Download third-party sources	2026-07-29T00:36:26.4086420Z + chmod +x lz4/downloadLz4.sh
build	Download third-party sources	2026-07-29T00:36:26.4096318Z + chmod +x snappy/downloadSnappy.sh
build	Download third-party sources	2026-07-29T00:36:26.4106212Z + chmod +x zstd/downloadZstd.sh
build	Download third-party sources	2026-07-29T00:36:26.4116382Z + ./bz2/downloadBz2.sh 1.0.8 ab5a03176ee106d3f0fa90e381da478ddae405918153cca248e682cd0c4a2269
build	Download third-party sources	2026-07-29T00:36:26.4137915Z Downloading bzip2 1.0.8 ...
build	Download third-party sources	2026-07-29T00:36:27.3122169Z Verifying bzip2-1.0.8...
build	Download third-party sources	2026-07-29T00:36:27.3564585Z bzip2 1.0.8 downloaded and extracted successfully!
build	Download third-party sources	2026-07-29T00:36:27.3567045Z + ./lz4/downloadLz4.sh 1.10.0
build	Download third-party sources	2026-07-29T00:36:27.3588153Z Downloading lz4 1.10.0 into lz4 ...
build	Download third-party sources	2026-07-29T00:36:27.7938770Z + ./snappy/downloadSnappy.sh 1.2.2 90f74bc1fbf78a6c56b3c4a082a05103b3a56bb17bca1a27e052ea11723292dc
build	Download third-party sources	2026-07-29T00:36:27.7961034Z Downloading snappy-1.2.2...
build	Download third-party sources	2026-07-29T00:36:28.3358748Z Verifying snappy-1.2.2...
build	Download third-party sources	2026-07-29T00:36:28.3812279Z snappy 1.2.2 downloaded and extracted successfully!
build	Download third-party sources	2026-07-29T00:36:28.3815673Z + ./zstd/downloadZstd.sh 1.5.7 eb33e51f49a15e023950cd7825ca74a4a2b43db8354825ac24fc1b7ee09e6fa3
build	Download third-party sources	2026-07-29T00:36:28.3836423Z Downloading zstd 1.5.7 ...
build	Download third-party sources	2026-07-29T00:36:28.6247982Z Verifying zstd-1.5.7...
build	Download third-party sources	2026-07-29T00:36:28.7093924Z zstd 1.5.7 downloaded and extracted successfully!
build	Download third-party sources	2026-07-29T00:36:28.7096236Z + echo '=== Verificando ==='
build	Download third-party sources	2026-07-29T00:36:28.7096756Z === Verificando ===
build	Download third-party sources	2026-07-29T00:36:28.7097144Z + ls -lah bz2
build	Download third-party sources	2026-07-29T00:36:28.7110245Z total 20K
build	Download third-party sources	2026-07-29T00:36:28.7110775Z drwxr-xr-x  2 runner runner 4.0K Jul 29 00:35 .
build	Download third-party sources	2026-07-29T00:36:28.7111535Z drwxr-xr-x 14 runner runner 4.0K Jul 29 00:36 ..
build	Download third-party sources	2026-07-29T00:36:28.7112002Z -rw-r--r--  1 runner runner 1.2K Jul 29 00:35 CMakeLists.txt
build	Download third-party sources	2026-07-29T00:36:28.7112780Z -rw-r--r--  1 runner runner 1.4K Jul 29 00:35 build.gradle.kts
build	Download third-party sources	2026-07-29T00:36:28.7113506Z -rwxr-xr-x  1 runner runner 1.1K Jul 29 00:35 downloadBz2.sh
build	Download third-party sources	2026-07-29T00:36:28.7113858Z + ls -lah lz4
build	Download third-party sources	2026-07-29T00:36:28.7125217Z total 24K
build	Download third-party sources	2026-07-29T00:36:28.7125715Z drwxr-xr-x  3 runner runner 4.0K Jul 29 00:36 .
build	Download third-party sources	2026-07-29T00:36:28.7126321Z drwxr-xr-x 14 runner runner 4.0K Jul 29 00:36 ..
build	Download third-party sources	2026-07-29T00:36:28.7127186Z -rw-r--r--  1 runner runner 1000 Jul 29 00:35 CMakeLists.txt
build	Download third-party sources	2026-07-29T00:36:28.7127959Z -rw-r--r--  1 runner runner 1.3K Jul 29 00:35 build.gradle.kts
build	Download third-party sources	2026-07-29T00:36:28.7128405Z + ls -lah snappy
build	Download third-party sources	2026-07-29T00:36:28.7128761Z -rwxr-xr-x  1 runner runner  426 Jul 29 00:35 downloadLz4.sh
build	Download third-party sources	2026-07-29T00:36:28.7129206Z drwxr-xr-x 12 runner runner 4.0K Jul 21  2024 lz4-1.10.0
build	Download third-party sources	2026-07-29T00:36:28.7139528Z total 20K
build	Download third-party sources	2026-07-29T00:36:28.7140036Z drwxr-xr-x  2 runner runner 4.0K Jul 29 00:35 .
build	Download third-party sources	2026-07-29T00:36:28.7140638Z drwxr-xr-x 14 runner runner 4.0K Jul 29 00:36 ..
build	Download third-party sources	2026-07-29T00:36:28.7141446Z -rw-r--r--  1 runner runner  436 Jul 29 00:35 CMakeLists.txt
build	Download third-party sources	2026-07-29T00:36:28.7142248Z -rw-r--r--  1 runner runner 1.4K Jul 29 00:35 build.gradle.kts
build	Download third-party sources	2026-07-29T00:36:28.7142884Z -rwxr-xr-x  1 runner runner 1.3K Jul 29 00:35 downloadSnappy.sh
build	Download third-party sources	2026-07-29T00:36:28.7143266Z + ls -lah zstd
build	Download third-party sources	2026-07-29T00:36:28.7153950Z total 16K
build	Download third-party sources	2026-07-29T00:36:28.7154434Z drwxr-xr-x  2 runner runner 4.0K Jul 29 00:35 .
build	Download third-party sources	2026-07-29T00:36:28.7155054Z drwxr-xr-x 14 runner runner 4.0K Jul 29 00:36 ..
build	Download third-party sources	2026-07-29T00:36:28.7155530Z -rw-r--r--  1 runner runner 1.4K Jul 29 00:35 build.gradle.kts
build	Download third-party sources	2026-07-29T00:36:28.7156291Z -rwxr-xr-x  1 runner runner 1.1K Jul 29 00:35 downloadZstd.sh
build	Download third-party sources	2026-07-29T00:36:28.7156904Z + test -d snappy/snappy-1.2.1
build	Download third-party sources	2026-07-29T00:36:28.7169516Z ##[error]Process completed with exit code 1.
build	List outputs	﻿2026-07-29T00:36:28.7247739Z ##[group]Run find . -type f | grep -Ei "\.(aar|so|jar)$" || true
build	List outputs	2026-07-29T00:36:28.7248201Z [36;1mfind . -type f | grep -Ei "\.(aar|so|jar)$" || true[0m
build	List outputs	2026-07-29T00:36:28.7291919Z shell: /usr/bin/bash -e {0}
build	List outputs	2026-07-29T00:36:28.7292169Z env:
build	List outputs	2026-07-29T00:36:28.7292474Z   JAVA_HOME: /opt/hostedtoolcache/Java_Temurin-Hotspot_jdk/21.0.11-10/x64
build	List outputs	2026-07-29T00:36:28.7292982Z   JAVA_HOME_21_X64: /opt/hostedtoolcache/Java_Temurin-Hotspot_jdk/21.0.11-10/x64
build	List outputs	2026-07-29T00:36:28.7293384Z   ANDROID_HOME: /usr/local/lib/android/sdk
build	List outputs	2026-07-29T00:36:28.7293678Z   ANDROID_SDK_ROOT: /usr/local/lib/android/sdk
build	List outputs	2026-07-29T00:36:28.7293947Z ##[endgroup]
build	List outputs	2026-07-29T00:36:28.7444259Z ./gradle/wrapper/gradle-wrapper.jar
build	Upload Native Libraries	﻿2026-07-29T00:36:28.7495028Z Node 20 is being deprecated. This workflow is running with Node 24 by default. If you need to temporarily use Node 20, you can set the ACTIONS_ALLOW_USE_UNSECURE_NODE_VERSION=true environment variable. For more information see: https://github.blog/changelog/2025-09-19-deprecation-of-node-20-on-github-actions-runners/
build	Upload Native Libraries	2026-07-29T00:36:28.7496307Z ##[group]Run actions/upload-artifact@v4
build	Upload Native Libraries	2026-07-29T00:36:28.7496583Z with:
build	Upload Native Libraries	2026-07-29T00:36:28.7496782Z   name: rocksdb-native-libs
build	Upload Native Libraries	2026-07-29T00:36:28.7497024Z   path: **/*.so
build	Upload Native Libraries	
build	Upload Native Libraries	2026-07-29T00:36:28.7497230Z   if-no-files-found: warn
build	Upload Native Libraries	2026-07-29T00:36:28.7497456Z   compression-level: 6
build	Upload Native Libraries	2026-07-29T00:36:28.7497665Z   overwrite: false
build	Upload Native Libraries	2026-07-29T00:36:28.7497875Z   include-hidden-files: false
build	Upload Native Libraries	2026-07-29T00:36:28.7498102Z env:
build	Upload Native Libraries	2026-07-29T00:36:28.7498389Z   JAVA_HOME: /opt/hostedtoolcache/Java_Temurin-Hotspot_jdk/21.0.11-10/x64
build	Upload Native Libraries	2026-07-29T00:36:28.7498877Z   JAVA_HOME_21_X64: /opt/hostedtoolcache/Java_Temurin-Hotspot_jdk/21.0.11-10/x64
build	Upload Native Libraries	2026-07-29T00:36:28.7499272Z   ANDROID_HOME: /usr/local/lib/android/sdk
build	Upload Native Libraries	2026-07-29T00:36:28.7499598Z   ANDROID_SDK_ROOT: /usr/local/lib/android/sdk
build	Upload Native Libraries	2026-07-29T00:36:28.7499866Z ##[endgroup]
build	Upload Native Libraries	2026-07-29T00:36:28.9107756Z (node:3373) [DEP0040] DeprecationWarning: The `punycode` module is deprecated. Please use a userland alternative instead.
build	Upload Native Libraries	2026-07-29T00:36:28.9109739Z (Use `node --trace-deprecation ...` to show where the warning was created)
build	Upload Native Libraries	2026-07-29T00:36:29.2188186Z ##[warning]No files were found with the provided path: **/*.so. No artifacts will be uploaded.
build	Upload Build Logs	﻿2026-07-29T00:36:29.2311841Z Node 20 is being deprecated. This workflow is running with Node 24 by default. If you need to temporarily use Node 20, you can set the ACTIONS_ALLOW_USE_UNSECURE_NODE_VERSION=true environment variable. For more information see: https://github.blog/changelog/2025-09-19-deprecation-of-node-20-on-github-actions-runners/
build	Upload Build Logs	2026-07-29T00:36:29.2313150Z ##[group]Run actions/upload-artifact@v4
build	Upload Build Logs	2026-07-29T00:36:29.2313421Z with:
build	Upload Build Logs	2026-07-29T00:36:29.2313607Z   name: gradle-logs
build	Upload Build Logs	2026-07-29T00:36:29.2313875Z   path: **/build/reports/**
build	Upload Build Logs	**/build/outputs/logs/**
build	Upload Build Logs	**/*.log
build	Upload Build Logs	
build	Upload Build Logs	2026-07-29T00:36:29.2314207Z   if-no-files-found: warn
build	Upload Build Logs	2026-07-29T00:36:29.2314436Z   compression-level: 6
build	Upload Build Logs	2026-07-29T00:36:29.2314651Z   overwrite: false
build	Upload Build Logs	2026-07-29T00:36:29.2314860Z   include-hidden-files: false
build	Upload Build Logs	2026-07-29T00:36:29.2315087Z env:
build	Upload Build Logs	2026-07-29T00:36:29.2315372Z   JAVA_HOME: /opt/hostedtoolcache/Java_Temurin-Hotspot_jdk/21.0.11-10/x64
build	Upload Build Logs	2026-07-29T00:36:29.2315866Z   JAVA_HOME_21_X64: /opt/hostedtoolcache/Java_Temurin-Hotspot_jdk/21.0.11-10/x64
build	Upload Build Logs	2026-07-29T00:36:29.2316297Z   ANDROID_HOME: /usr/local/lib/android/sdk
build	Upload Build Logs	2026-07-29T00:36:29.2316588Z   ANDROID_SDK_ROOT: /usr/local/lib/android/sdk
build	Upload Build Logs	2026-07-29T00:36:29.2316863Z ##[endgroup]
build	Upload Build Logs	2026-07-29T00:36:29.3966022Z (node:3385) [DEP0040] DeprecationWarning: The `punycode` module is deprecated. Please use a userland alternative instead.
build	Upload Build Logs	2026-07-29T00:36:29.3966832Z (Use `node --trace-deprecation ...` to show where the warning was created)
build	Upload Build Logs	2026-07-29T00:36:29.7056275Z ##[warning]No files were found with the provided path: **/build/reports/**
build	Upload Build Logs	**/build/outputs/logs/**
build	Upload Build Logs	**/*.log. No artifacts will be uploaded.
build	Post Setup Java	﻿2026-07-29T00:36:29.7242928Z Node 20 is being deprecated. This workflow is running with Node 24 by default. If you need to temporarily use Node 20, you can set the ACTIONS_ALLOW_USE_UNSECURE_NODE_VERSION=true environment variable. For more information see: https://github.blog/changelog/2025-09-19-deprecation-of-node-20-on-github-actions-runners/
build	Post Setup Java	2026-07-29T00:36:29.7244357Z Post job cleanup.
build	Post Setup Java	2026-07-29T00:36:29.8600797Z (node:3397) [DEP0040] DeprecationWarning: The `punycode` module is deprecated. Please use a userland alternative instead.
build	Post Setup Java	2026-07-29T00:36:29.8602554Z (Use `node --trace-deprecation ...` to show where the warning was created)
build	Post Checkout repository	﻿2026-07-29T00:36:29.8870196Z Node 20 is being deprecated. This workflow is running with Node 24 by default. If you need to temporarily use Node 20, you can set the ACTIONS_ALLOW_USE_UNSECURE_NODE_VERSION=true environment variable. For more information see: https://github.blog/changelog/2025-09-19-deprecation-of-node-20-on-github-actions-runners/
build	Post Checkout repository	2026-07-29T00:36:29.8872891Z Post job cleanup.
build	Post Checkout repository	2026-07-29T00:36:29.9768269Z [command]/usr/bin/git version
build	Post Checkout repository	2026-07-29T00:36:29.9814997Z git version 2.54.0
build	Post Checkout repository	2026-07-29T00:36:29.9855103Z Temporarily overriding HOME='/home/runner/work/_temp/c88a5582-5f53-4a8a-8a22-c349074ac567' before making global git config changes
build	Post Checkout repository	2026-07-29T00:36:29.9856671Z Adding repository directory to the temporary git global config as a safe directory
build	Post Checkout repository	2026-07-29T00:36:29.9863147Z [command]/usr/bin/git config --global --add safe.directory /home/runner/work/rocksdb-android/rocksdb-android
build	Post Checkout repository	2026-07-29T00:36:29.9901972Z [command]/usr/bin/git config --local --name-only --get-regexp core\.sshCommand
build	Post Checkout repository	2026-07-29T00:36:29.9939467Z [command]/usr/bin/git submodule foreach --recursive sh -c "git config --local --name-only --get-regexp 'core\.sshCommand' && git config --local --unset-all 'core.sshCommand' || :"
build	Post Checkout repository	2026-07-29T00:36:30.0191501Z [command]/usr/bin/git config --local --name-only --get-regexp http\.https\:\/\/github\.com\/\.extraheader
build	Post Checkout repository	2026-07-29T00:36:30.0238437Z http.https://github.com/.extraheader
build	Post Checkout repository	2026-07-29T00:36:30.0240077Z [command]/usr/bin/git config --local --unset-all http.https://github.com/.extraheader
build	Post Checkout repository	2026-07-29T00:36:30.0276178Z [command]/usr/bin/git submodule foreach --recursive sh -c "git config --local --name-only --get-regexp 'http\.https\:\/\/github\.com\/\.extraheader' && git config --local --unset-all 'http.https://github.com/.extraheader' || :"
build	Post Checkout repository	2026-07-29T00:36:30.0528548Z [command]/usr/bin/git config --local --name-only --get-regexp ^includeIf\.gitdir:
build	Post Checkout repository	2026-07-29T00:36:30.0578337Z [command]/usr/bin/git submodule foreach --recursive git config --local --show-origin --name-only --get-regexp remote.origin.url
build	Complete job	﻿2026-07-29T00:36:30.0965403Z Cleaning up orphan processes
build	Complete job	2026-07-29T00:36:30.1384517Z ##[warning]Node.js 20 is deprecated. The following actions target Node.js 20 but are being forced to run on Node.js 24: actions/checkout@v4, actions/setup-java@v4, actions/upload-artifact@v4, android-actions/setup-android@v3. For more information see: https://github.blog/changelog/2025-09-19-deprecation-of-node-20-on-github-actions-runners/
